soc_code,title,cluster,description,tasks,skills,knowledge,abilities,work_activities,education_level,experience_level,job_training,median_salary,salary_range,employment_outlook,growth_rate,related_occupations,work_environment,interests,work_styles,technology_skills,url,last_updated
15-1252.00,Software Developers,Computer and Mathematical,"Research, design, and develop computer and network software or specialized utility programs. Analyze user needs and develop software solutions, applying principles and techniques of computer science, engineering, and mathematical analysis. Update software or enhance existing software capabilities. May work with computer hardware engineers to integrate hardware and software systems, and develop specifications and performance requirements. May maintain databases within an application area, working individually or coordinating database development as part of a team.",,,"Computers and Electronics— Knowledge of circuit boards, processors, chips, electronic equipment, and computer hardware and software, including applications and programming.Related occupations; Customer and Personal Service— Knowledge of principles and processes for providing customer and personal services. This includes customer needs assessment, meeting quality standards for services, and evaluation of customer satisfaction.Related occupations; Mathematics— Knowledge of arithmetic, algebra, geometry, calculus, statistics, and their applications.Related occupations; English Language— Knowledge of the structure and content of the English language including the meaning and spelling of words, and rules of composition and grammar.Related occupations",,,Education,Experience Requirements,Training & Credentials,133080,,Bright Outlook,95%,,,"Investigative— Work involves studying and researching non-living objects, living organisms, disease or other forms of impairment, or human behavior. Investigative occupations are often associated with physical, life, medical, or social sciences, and can be found in the fields of humanities, mathematics/statistics, information technology, or health care service.Related occupations; Conventional— Work involves following procedures and regulations to organize information or data, typically in a business setting. Conventional occupations are often associated with office work, accounting, mathematics/statistics, information technology, finance, or human resources.Related occupations; Realistic— Work involves designing, building, or repairing of equipment, materials, or structures, engaging in physical activity, or working outdoors. Realistic occupations are often associated with engineering, mechanics and electronics, construction, woodworking, transportation, machine operation, agriculture, animal services, physical or manual labor, athletics, or protective services.Related occupations",,,https://www.onetonline.org/link/summary/15-1252.00,2025-09-08
15-1251.00,Computer Programmers,Computer and Mathematical,"Create, modify, and test the code and scripts that allow computer applications to run. Work from specifications drawn up by software and web developers or other individuals. May develop and write computer programs to store, locate, and retrieve specific documents, data, and information.",,,,,,Education,Experience Requirements,Training & Credentials,98670,,Bright Outlook,100%,,,"Conventional— Work involves following procedures and regulations to organize information or data, typically in a business setting. Conventional occupations are often associated with office work, accounting, mathematics/statistics, information technology, finance, or human resources.Related occupations; Investigative— Work involves studying and researching non-living objects, living organisms, disease or other forms of impairment, or human behavior. Investigative occupations are often associated with physical, life, medical, or social sciences, and can be found in the fields of humanities, mathematics/statistics, information technology, or health care service.Related occupations","Achievement— Occupations that satisfy this work value are results oriented and allow employees to use their strongest abilities, giving them a feeling of accomplishment. Corresponding needs are Ability Utilization and Achievement.Related occupations; Working Conditions— Occupations that satisfy this work value offer job security and good working conditions. Corresponding needs are Activity, Compensation, Independence, Security, Variety and Working Conditions.Related occupations; Independence— Occupations that satisfy this work value allow employees to work on their own and make decisions. Corresponding needs are Creativity, Responsibility and Autonomy.Related occupations",,https://www.onetonline.org/link/summary/15-1251.00,2025-09-08
15-1253.00,Software Quality Assurance Analysts and Testers,Computer and Mathematical,"Develop and execute software tests to identify software problems and their causes. Test system modifications to prepare for implementation. Document software and application defects using a bug tracking system and report defects to software or web developers. Create and maintain databases of known defects. May participate in software design reviews to provide input on functional requirements, operational characteristics, product designs, and schedules.",,,"Computers and Electronics— Knowledge of circuit boards, processors, chips, electronic equipment, and computer hardware and software, including applications and programming.Related occupations; English Language— Knowledge of the structure and content of the English language including the meaning and spelling of words, and rules of composition and grammar.Related occupations; Engineering and Technology— Knowledge of the practical application of engineering science and technology. This includes applying principles, techniques, procedures, and equipment to the design and production of various goods and services.Related occupations; Mathematics— Knowledge of arithmetic, algebra, geometry, calculus, statistics, and their applications.Related occupations; Design— Knowledge of design techniques, tools, and principles involved in production of precision technical plans, blueprints, drawings, and models.Related occupations",,,Education,Experience Requirements,Training & Credentials,102610,,Bright Outlook,100%,,,"Investigative— Work involves studying and researching non-living objects, living organisms, disease or other forms of impairment, or human behavior. Investigative occupations are often associated with physical, life, medical, or social sciences, and can be found in the fields of humanities, mathematics/statistics, information technology, or health care service.Related occupations; Conventional— Work involves following procedures and regulations to organize information or data, typically in a business setting. Conventional occupations are often associated with office work, accounting, mathematics/statistics, information technology, finance, or human resources.Related occupations; Realistic— Work involves designing, building, or repairing of equipment, materials, or structures, engaging in physical activity, or working outdoors. Realistic occupations are often associated with engineering, mechanics and electronics, construction, woodworking, transportation, machine operation, agriculture, animal services, physical or manual labor, athletics, or protective services.Related occupations","Achievement— Occupations that satisfy this work value are results oriented and allow employees to use their strongest abilities, giving them a feeling of accomplishment. Corresponding needs are Ability Utilization and Achievement.Related occupations; Working Conditions— Occupations that satisfy this work value offer job security and good working conditions. Corresponding needs are Activity, Compensation, Independence, Security, Variety and Working Conditions.Related occupations; Independence— Occupations that satisfy this work value allow employees to work on their own and make decisions. Corresponding needs are Creativity, Responsibility and Autonomy.Related occupations",,https://www.onetonline.org/link/summary/15-1253.00,2025-09-08
15-1211.00,Computer Systems Analysts,Computer and Mathematical,"Analyze science, engineering, business, and other data processing problems to develop and implement solutions to complex applications problems, system administration issues, or network concerns. Perform systems management and integration functions, improve existing computer systems, and review computer system capabilities, workflow, and schedule limitations. May analyze or recommend commercially available software.",,,,,,Education,Experience Requirements,Training & Credentials,103790,,Bright Outlook,100%,,,"Investigative— Work involves studying and researching non-living objects, living organisms, disease or other forms of impairment, or human behavior. Investigative occupations are often associated with physical, life, medical, or social sciences, and can be found in the fields of humanities, mathematics/statistics, information technology, or health care service.Related occupations; Conventional— Work involves following procedures and regulations to organize information or data, typically in a business setting. Conventional occupations are often associated with office work, accounting, mathematics/statistics, information technology, finance, or human resources.Related occupations","Working Conditions— Occupations that satisfy this work value offer job security and good working conditions. Corresponding needs are Activity, Compensation, Independence, Security, Variety and Working Conditions.Related occupations; Achievement— Occupations that satisfy this work value are results oriented and allow employees to use their strongest abilities, giving them a feeling of accomplishment. Corresponding needs are Ability Utilization and Achievement.Related occupations; Independence— Occupations that satisfy this work value allow employees to work on their own and make decisions. Corresponding needs are Creativity, Responsibility and Autonomy.Related occupations",,https://www.onetonline.org/link/summary/15-1211.00,2025-09-08
15-1299.08,Computer Systems Engineers/Architects,Computer and Mathematical,"Design and develop solutions to complex applications problems, system administration issues, or network concerns. Perform systems management and integration functions.",,,,,,Education,Experience Requirements,Training & Credentials,108970,,Bright Outlook,91%,,,"Investigative— Work involves studying and researching non-living objects, living organisms, disease or other forms of impairment, or human behavior. Investigative occupations are often associated with physical, life, medical, or social sciences, and can be found in the fields of humanities, mathematics/statistics, information technology, or health care service.Related occupations; Conventional— Work involves following procedures and regulations to organize information or data, typically in a business setting. Conventional occupations are often associated with office work, accounting, mathematics/statistics, information technology, finance, or human resources.Related occupations; Realistic— Work involves designing, building, or repairing of equipment, materials, or structures, engaging in physical activity, or working outdoors. Realistic occupations are often associated with engineering, mechanics and electronics, construction, woodworking, transportation, machine operation, agriculture, animal services, physical or manual labor, athletics, or protective services.Related occupations","Achievement— Occupations that satisfy this work value are results oriented and allow employees to use their strongest abilities, giving them a feeling of accomplishment. Corresponding needs are Ability Utilization and Achievement.Related occupations; Independence— Occupations that satisfy this work value allow employees to work on their own and make decisions. Corresponding needs are Creativity, Responsibility and Autonomy.Related occupations; Recognition— Occupations that satisfy this work value offer advancement, potential for leadership, and are often considered prestigious. Corresponding needs are Advancement, Authority, Recognition and Social Status.Related occupations",,https://www.onetonline.org/link/summary/15-1299.08,2025-09-08
15-1255.00,Web and Digital Interface Designers,Computer and Mathematical,"A subset of this occupation's profile is available. Data collection is currently underway to populate other parts of the profile. For more specific occupations, see:",,,,,,Education,Experience Requirements,Training & Credentials,98090,,Bright Outlook,6%,,,"Investigative— Work involves studying and researching non-living objects, living organisms, disease or other forms of impairment, or human behavior. Investigative occupations are often associated with physical, life, medical, or social sciences, and can be found in the fields of humanities, mathematics/statistics, information technology, or health care service.Related occupations; Artistic— Work involves creating original visual artwork, performances, written works, food, or music for a variety of media, or applying artistic principles to the design of various objects and materials. Artistic occupations are often associated with visual arts, applied arts and design, performing arts, music, creative writing, media, or culinary art.Related occupations; Conventional— Work involves following procedures and regulations to organize information or data, typically in a business setting. Conventional occupations are often associated with office work, accounting, mathematics/statistics, information technology, finance, or human resources.Related occupations",,,https://www.onetonline.org/link/summary/15-1255.00,2025-09-08
15-1254.00,Web Developers,Computer and Mathematical,"Develop and implement websites, web applications, application databases, and interactive web interfaces. Evaluate code to ensure that it is properly structured, meets industry standards, and is compatible with browsers and devices. Optimize website performance, scalability, and server-side code and processes. May develop website infrastructure and integrate websites with other computer applications.",,,"Computers and Electronics— Knowledge of circuit boards, processors, chips, electronic equipment, and computer hardware and software, including applications and programming.Related occupations; English Language— Knowledge of the structure and content of the English language including the meaning and spelling of words, and rules of composition and grammar.Related occupations; Mathematics— Knowledge of arithmetic, algebra, geometry, calculus, statistics, and their applications.Related occupations; Communications and Media— Knowledge of media production, communication, and dissemination techniques and methods. This includes alternative ways to inform and entertain via written, oral, and visual media.Related occupations",,,Education,Experience Requirements,Training & Credentials,90930,,Bright Outlook,92%,,,"Conventional— Work involves following procedures and regulations to organize information or data, typically in a business setting. Conventional occupations are often associated with office work, accounting, mathematics/statistics, information technology, finance, or human resources.Related occupations; Investigative— Work involves studying and researching non-living objects, living organisms, disease or other forms of impairment, or human behavior. Investigative occupations are often associated with physical, life, medical, or social sciences, and can be found in the fields of humanities, mathematics/statistics, information technology, or health care service.Related occupations","Independence— Occupations that satisfy this work value allow employees to work on their own and make decisions. Corresponding needs are Creativity, Responsibility and Autonomy.Related occupations; Working Conditions— Occupations that satisfy this work value offer job security and good working conditions. Corresponding needs are Activity, Compensation, Independence, Security, Variety and Working Conditions.Related occupations; Achievement— Occupations that satisfy this work value are results oriented and allow employees to use their strongest abilities, giving them a feeling of accomplishment. Corresponding needs are Ability Utilization and Achievement.Related occupations",,https://www.onetonline.org/link/summary/15-1254.00,2025-09-08
15-1243.00,Database Architects,Computer and Mathematical,"Design strategies for enterprise databases, data warehouse systems, and multidimensional networks. Set standards for database operations, programming, query processes, and security. Model, design, and construct large relational databases or data warehouses. Create and optimize data models for warehouse infrastructure and workflow. Integrate new systems with existing warehouse structure and refine system performance and functionality.",,,"Computers and Electronics— Knowledge of circuit boards, processors, chips, electronic equipment, and computer hardware and software, including applications and programming.Related occupations; Engineering and Technology— Knowledge of the practical application of engineering science and technology. This includes applying principles, techniques, procedures, and equipment to the design and production of various goods and services.Related occupations; Design— Knowledge of design techniques, tools, and principles involved in production of precision technical plans, blueprints, drawings, and models.Related occupations; Mathematics— Knowledge of arithmetic, algebra, geometry, calculus, statistics, and their applications.Related occupations; English Language— Knowledge of the structure and content of the English language including the meaning and spelling of words, and rules of composition and grammar.Related occupations",,,Education,Experience Requirements,Training & Credentials,135980,,Bright Outlook,95%,,,"Conventional— Work involves following procedures and regulations to organize information or data, typically in a business setting. Conventional occupations are often associated with office work, accounting, mathematics/statistics, information technology, finance, or human resources.Related occupations; Investigative— Work involves studying and researching non-living objects, living organisms, disease or other forms of impairment, or human behavior. Investigative occupations are often associated with physical, life, medical, or social sciences, and can be found in the fields of humanities, mathematics/statistics, information technology, or health care service.Related occupations","Achievement— Occupations that satisfy this work value are results oriented and allow employees to use their strongest abilities, giving them a feeling of accomplishment. Corresponding needs are Ability Utilization and Achievement.Related occupations; Working Conditions— Occupations that satisfy this work value offer job security and good working conditions. Corresponding needs are Activity, Compensation, Independence, Security, Variety and Working Conditions.Related occupations; Independence— Occupations that satisfy this work value allow employees to work on their own and make decisions. Corresponding needs are Creativity, Responsibility and Autonomy.Related occupations",,https://www.onetonline.org/link/summary/15-1243.00,2025-09-08
15-2051.00,Data Scientists,Computer and Mathematical,"A subset of this occupation's profile is available. Data collection is currently underway to populate other parts of the profile. For more specific occupations, see:",,,,,,Education,Experience Requirements,Training & Credentials,112590,,Bright Outlook,9%,,,"Investigative— Work involves studying and researching non-living objects, living organisms, disease or other forms of impairment, or human behavior. Investigative occupations are often associated with physical, life, medical, or social sciences, and can be found in the fields of humanities, mathematics/statistics, information technology, or health care service.Related occupations; Conventional— Work involves following procedures and regulations to organize information or data, typically in a business setting. Conventional occupations are often associated with office work, accounting, mathematics/statistics, information technology, finance, or human resources.Related occupations",,,https://www.onetonline.org/link/summary/15-2051.00,2025-09-08
15-1232.00,Computer User Support Specialists,Computer and Mathematical,"Provide technical assistance to computer users. Answer questions or resolve computer problems for clients in person, via telephone, or electronically. May provide assistance concerning the use of computer hardware and software, including printing, installation, word processing, electronic mail, and operating systems.",,,,,,Education,Experience Requirements,Training & Credentials,60340,,Bright Outlook,100%,,,"Conventional— Work involves following procedures and regulations to organize information or data, typically in a business setting. Conventional occupations are often associated with office work, accounting, mathematics/statistics, information technology, finance, or human resources.Related occupations; Realistic— Work involves designing, building, or repairing of equipment, materials, or structures, engaging in physical activity, or working outdoors. Realistic occupations are often associated with engineering, mechanics and electronics, construction, woodworking, transportation, machine operation, agriculture, animal services, physical or manual labor, athletics, or protective services.Related occupations; Investigative— Work involves studying and researching non-living objects, living organisms, disease or other forms of impairment, or human behavior. Investigative occupations are often associated with physical, life, medical, or social sciences, and can be found in the fields of humanities, mathematics/statistics, information technology, or health care service.Related occupations","Relationships— Occupations that satisfy this work value allow employees to provide service to others and work with co-workers in a friendly non-competitive environment. Corresponding needs are Co-workers, Moral Values and Social Service.Related occupations; Working Conditions— Occupations that satisfy this work value offer job security and good working conditions. Corresponding needs are Activity, Compensation, Independence, Security, Variety and Working Conditions.Related occupations; Achievement— Occupations that satisfy this work value are results oriented and allow employees to use their strongest abilities, giving them a feeling of accomplishment. Corresponding needs are Ability Utilization and Achievement.Related occupations",,https://www.onetonline.org/link/summary/15-1232.00,2025-09-08
15-1242.00,Database Administrators,Computer and Mathematical,"Administer, test, and implement computer databases, applying knowledge of database management systems. Coordinate changes to computer databases. Identify, investigate, and resolve database performance issues, database capacity, and database scalability. May plan, coordinate, and implement security measures to safeguard computer databases.",,,,,,Education,Experience Requirements,Training & Credentials,104620,,Bright Outlook,92%,,,"Conventional— Work involves following procedures and regulations to organize information or data, typically in a business setting. Conventional occupations are often associated with office work, accounting, mathematics/statistics, information technology, finance, or human resources.Related occupations; Investigative— Work involves studying and researching non-living objects, living organisms, disease or other forms of impairment, or human behavior. Investigative occupations are often associated with physical, life, medical, or social sciences, and can be found in the fields of humanities, mathematics/statistics, information technology, or health care service.Related occupations","Working Conditions— Occupations that satisfy this work value offer job security and good working conditions. Corresponding needs are Activity, Compensation, Independence, Security, Variety and Working Conditions.Related occupations; Support— Occupations that satisfy this work value offer supportive management that stands behind employees. Corresponding needs are Company Policies, Supervision: Human Relations and Supervision: Technical.Related occupations; Achievement— Occupations that satisfy this work value are results oriented and allow employees to use their strongest abilities, giving them a feeling of accomplishment. Corresponding needs are Ability Utilization and Achievement.Related occupations",,https://www.onetonline.org/link/summary/15-1242.00,2025-09-08
15-1221.00,Computer and Information Research Scientists,Computer and Mathematical,"Conduct research into fundamental computer and information science as theorists, designers, or inventors. Develop solutions to problems in the field of computer hardware and software.",,,,,,Education,Experience Requirements,Training & Credentials,140910,,Bright Outlook,100%,,,"Investigative— Work involves studying and researching non-living objects, living organisms, disease or other forms of impairment, or human behavior. Investigative occupations are often associated with physical, life, medical, or social sciences, and can be found in the fields of humanities, mathematics/statistics, information technology, or health care service.Related occupations; Conventional— Work involves following procedures and regulations to organize information or data, typically in a business setting. Conventional occupations are often associated with office work, accounting, mathematics/statistics, information technology, finance, or human resources.Related occupations; Realistic— Work involves designing, building, or repairing of equipment, materials, or structures, engaging in physical activity, or working outdoors. Realistic occupations are often associated with engineering, mechanics and electronics, construction, woodworking, transportation, machine operation, agriculture, animal services, physical or manual labor, athletics, or protective services.Related occupations","Achievement— Occupations that satisfy this work value are results oriented and allow employees to use their strongest abilities, giving them a feeling of accomplishment. Corresponding needs are Ability Utilization and Achievement.Related occupations; Working Conditions— Occupations that satisfy this work value offer job security and good working conditions. Corresponding needs are Activity, Compensation, Independence, Security, Variety and Working Conditions.Related occupations; Independence— Occupations that satisfy this work value allow employees to work on their own and make decisions. Corresponding needs are Creativity, Responsibility and Autonomy.Related occupations",,https://www.onetonline.org/link/summary/15-1221.00,2025-09-08
15-1244.00,Network and Computer Systems Administrators,Computer and Mathematical,"Install, configure, and maintain an organization's local area network (LAN), wide area network (WAN), data communications network, operating systems, and physical and virtual servers. Perform system monitoring and verify the integrity and availability of hardware, network, and server resources and systems. Review system and application logs and verify completion of scheduled jobs, including system backups. Analyze network and server resource consumption and control user access. Install and upgrade software and maintain software licenses. May assist in network modeling, analysis, planning, and coordination between network and data communications hardware and software.",,,,,,Education,Experience Requirements,Training & Credentials,96800,,Bright Outlook,96%,,,"Conventional— Work involves following procedures and regulations to organize information or data, typically in a business setting. Conventional occupations are often associated with office work, accounting, mathematics/statistics, information technology, finance, or human resources.Related occupations; Realistic— Work involves designing, building, or repairing of equipment, materials, or structures, engaging in physical activity, or working outdoors. Realistic occupations are often associated with engineering, mechanics and electronics, construction, woodworking, transportation, machine operation, agriculture, animal services, physical or manual labor, athletics, or protective services.Related occupations; Investigative— Work involves studying and researching non-living objects, living organisms, disease or other forms of impairment, or human behavior. Investigative occupations are often associated with physical, life, medical, or social sciences, and can be found in the fields of humanities, mathematics/statistics, information technology, or health care service.Related occupations","Working Conditions— Occupations that satisfy this work value offer job security and good working conditions. Corresponding needs are Activity, Compensation, Independence, Security, Variety and Working Conditions.Related occupations; Support— Occupations that satisfy this work value offer supportive management that stands behind employees. Corresponding needs are Company Policies, Supervision: Human Relations and Supervision: Technical.Related occupations; Achievement— Occupations that satisfy this work value are results oriented and allow employees to use their strongest abilities, giving them a feeling of accomplishment. Corresponding needs are Ability Utilization and Achievement.Related occupations",,https://www.onetonline.org/link/summary/15-1244.00,2025-09-08
15-1299.05,Information Security Engineers,Computer and Mathematical,"Develop and oversee the implementation of information security procedures and policies. Build, maintain and upgrade security technology, such as firewalls, for the safe use of computer networks and the transmission and retrieval of information. Design and implement appropriate security controls to identify vulnerabilities and protect digital files and electronic infrastructures. Monitor and respond to computer security breaches, viruses, and intrusions, and perform forensic investigation. May oversee the assessment of information security systems.",,,"Computers and Electronics— Knowledge of circuit boards, processors, chips, electronic equipment, and computer hardware and software, including applications and programming.Related occupations; Engineering and Technology— Knowledge of the practical application of engineering science and technology. This includes applying principles, techniques, procedures, and equipment to the design and production of various goods and services.Related occupations; English Language— Knowledge of the structure and content of the English language including the meaning and spelling of words, and rules of composition and grammar.Related occupations; Telecommunications— Knowledge of transmission, broadcasting, switching, control, and operation of telecommunications systems.Related occupations; Customer and Personal Service— Knowledge of principles and processes for providing customer and personal services. This includes customer needs assessment, meeting quality standards for services, and evaluation of customer satisfaction.Related occupations",,,Education,Experience Requirements,Training & Credentials,108970,,Bright Outlook,100%,,,"Conventional— Work involves following procedures and regulations to organize information or data, typically in a business setting. Conventional occupations are often associated with office work, accounting, mathematics/statistics, information technology, finance, or human resources.Related occupations; Investigative— Work involves studying and researching non-living objects, living organisms, disease or other forms of impairment, or human behavior. Investigative occupations are often associated with physical, life, medical, or social sciences, and can be found in the fields of humanities, mathematics/statistics, information technology, or health care service.Related occupations; Realistic— Work involves designing, building, or repairing of equipment, materials, or structures, engaging in physical activity, or working outdoors. Realistic occupations are often associated with engineering, mechanics and electronics, construction, woodworking, transportation, machine operation, agriculture, animal services, physical or manual labor, athletics, or protective services.Related occupations",,,https://www.onetonline.org/link/summary/15-1299.05,2025-09-08
19-2099.01,Remote Sensing Scientists and Technologists,"Life, Physical, and Social Science","Apply remote sensing principles and methods to analyze data and solve problems in areas such as natural resource management, urban planning, or homeland security. May develop new sensor systems, analytical techniques, or new applications for existing systems.",,,,,,Education,Experience Requirements,Training & Credentials,117960,,Bright Outlook,96%,,,"Investigative— Work involves studying and researching non-living objects, living organisms, disease or other forms of impairment, or human behavior. Investigative occupations are often associated with physical, life, medical, or social sciences, and can be found in the fields of humanities, mathematics/statistics, information technology, or health care service.Related occupations; Realistic— Work involves designing, building, or repairing of equipment, materials, or structures, engaging in physical activity, or working outdoors. Realistic occupations are often associated with engineering, mechanics and electronics, construction, woodworking, transportation, machine operation, agriculture, animal services, physical or manual labor, athletics, or protective services.Related occupations; Conventional— Work involves following procedures and regulations to organize information or data, typically in a business setting. Conventional occupations are often associated with office work, accounting, mathematics/statistics, information technology, finance, or human resources.Related occupations","Achievement— Occupations that satisfy this work value are results oriented and allow employees to use their strongest abilities, giving them a feeling of accomplishment. Corresponding needs are Ability Utilization and Achievement.Related occupations; Independence— Occupations that satisfy this work value allow employees to work on their own and make decisions. Corresponding needs are Creativity, Responsibility and Autonomy.Related occupations; Recognition— Occupations that satisfy this work value offer advancement, potential for leadership, and are often considered prestigious. Corresponding needs are Advancement, Authority, Recognition and Social Status.Related occupations",,https://www.onetonline.org/link/summary/19-2099.01,2025-09-08
17-2072.01,Radio Frequency Identification Device Specialists,Architecture and Engineering,Design and implement radio frequency identification device (RFID) systems used to track shipments or goods.,,,,,,Education,Experience Requirements,Training & Credentials,127590,,Bright Outlook,100%,,,"Conventional— Work involves following procedures and regulations to organize information or data, typically in a business setting. Conventional occupations are often associated with office work, accounting, mathematics/statistics, information technology, finance, or human resources.Related occupations; Realistic— Work involves designing, building, or repairing of equipment, materials, or structures, engaging in physical activity, or working outdoors. Realistic occupations are often associated with engineering, mechanics and electronics, construction, woodworking, transportation, machine operation, agriculture, animal services, physical or manual labor, athletics, or protective services.Related occupations; Investigative— Work involves studying and researching non-living objects, living organisms, disease or other forms of impairment, or human behavior. Investigative occupations are often associated with physical, life, medical, or social sciences, and can be found in the fields of humanities, mathematics/statistics, information technology, or health care service.Related occupations","Independence— Occupations that satisfy this work value allow employees to work on their own and make decisions. Corresponding needs are Creativity, Responsibility and Autonomy.Related occupations; Support— Occupations that satisfy this work value offer supportive management that stands behind employees. Corresponding needs are Company Policies, Supervision: Human Relations and Supervision: Technical.Related occupations; Working Conditions— Occupations that satisfy this work value offer job security and good working conditions. Corresponding needs are Activity, Compensation, Independence, Security, Variety and Working Conditions.Related occupations",,https://www.onetonline.org/link/summary/17-2072.01,2025-09-08
15-1241.00,Computer Network Architects,Computer and Mathematical,"Design and implement computer and information networks, such as local area networks (LAN), wide area networks (WAN), intranets, extranets, and other data communications networks. Perform network modeling, analysis, and planning, including analysis of capacity needs for network infrastructures. May also design network and computer security measures. May research and recommend network and data communications hardware and software.",,,,,,Education,Experience Requirements,Training & Credentials,130390,,Bright Outlook,100%,,,"Investigative— Work involves studying and researching non-living objects, living organisms, disease or other forms of impairment, or human behavior. Investigative occupations are often associated with physical, life, medical, or social sciences, and can be found in the fields of humanities, mathematics/statistics, information technology, or health care service.Related occupations; Conventional— Work involves following procedures and regulations to organize information or data, typically in a business setting. Conventional occupations are often associated with office work, accounting, mathematics/statistics, information technology, finance, or human resources.Related occupations; Realistic— Work involves designing, building, or repairing of equipment, materials, or structures, engaging in physical activity, or working outdoors. Realistic occupations are often associated with engineering, mechanics and electronics, construction, woodworking, transportation, machine operation, agriculture, animal services, physical or manual labor, athletics, or protective services.Related occupations","Achievement— Occupations that satisfy this work value are results oriented and allow employees to use their strongest abilities, giving them a feeling of accomplishment. Corresponding needs are Ability Utilization and Achievement.Related occupations; Working Conditions— Occupations that satisfy this work value offer job security and good working conditions. Corresponding needs are Activity, Compensation, Independence, Security, Variety and Working Conditions.Related occupations; Independence— Occupations that satisfy this work value allow employees to work on their own and make decisions. Corresponding needs are Creativity, Responsibility and Autonomy.Related occupations",,https://www.onetonline.org/link/summary/15-1241.00,2025-09-08
15-1299.07,Blockchain Engineers,Computer and Mathematical,"Maintain and support distributed and decentralized blockchain-based networks or block-chain applications such as cryptocurrency exchange, payment processing, document sharing, and digital voting. Design and deploy secure block-chain design patterns and solutions over geographically distributed networks using advanced technologies. May assist with infrastructure setup and testing for application transparency and security.",,,,,,Education,Experience Requirements,Training & Credentials,108970,,Bright Outlook,9%,,,"Conventional— Work involves following procedures and regulations to organize information or data, typically in a business setting. Conventional occupations are often associated with office work, accounting, mathematics/statistics, information technology, finance, or human resources.Related occupations; Investigative— Work involves studying and researching non-living objects, living organisms, disease or other forms of impairment, or human behavior. Investigative occupations are often associated with physical, life, medical, or social sciences, and can be found in the fields of humanities, mathematics/statistics, information technology, or health care service.Related occupations",,,https://www.onetonline.org/link/summary/15-1299.07,2025-09-08
13-1151.00,Training and Development Specialists,Business and Financial Operations,Design or conduct work-related training and development programs to improve individual skills or organizational performance. May analyze organizational training needs or evaluate training effectiveness.,,,,,,Education,Experience Requirements,13-1151.00 - Training and Development Specialists,65850,,Bright Outlook,100%,,,"Social— Work involves helping, teaching, advising, assisting, or providing service to others. Social occupations are often associated with social, health care, personal service, teaching/education, or religious activities.Related occupations; Conventional— Work involves following procedures and regulations to organize information or data, typically in a business setting. Conventional occupations are often associated with office work, accounting, mathematics/statistics, information technology, finance, or human resources.Related occupations; Investigative— Work involves studying and researching non-living objects, living organisms, disease or other forms of impairment, or human behavior. Investigative occupations are often associated with physical, life, medical, or social sciences, and can be found in the fields of humanities, mathematics/statistics, information technology, or health care service.Related occupations","Relationships— Occupations that satisfy this work value allow employees to provide service to others and work with co-workers in a friendly non-competitive environment. Corresponding needs are Co-workers, Moral Values and Social Service.Related occupations; Achievement— Occupations that satisfy this work value are results oriented and allow employees to use their strongest abilities, giving them a feeling of accomplishment. Corresponding needs are Ability Utilization and Achievement.Related occupations; Independence— Occupations that satisfy this work value allow employees to work on their own and make decisions. Corresponding needs are Creativity, Responsibility and Autonomy.Related occupations",,https://www.onetonline.org/link/summary/13-1151.00,2025-09-08
17-2071.00,Electrical Engineers,Architecture and Engineering,"Research, design, develop, test, or supervise the manufacturing and installation of electrical equipment, components, or systems for commercial, industrial, military, or scientific use.",,,,,,Education,Experience Requirements,Training & Credentials,111910,,Bright Outlook,87%,,,"Realistic— Work involves designing, building, or repairing of equipment, materials, or structures, engaging in physical activity, or working outdoors. Realistic occupations are often associated with engineering, mechanics and electronics, construction, woodworking, transportation, machine operation, agriculture, animal services, physical or manual labor, athletics, or protective services.Related occupations; Investigative— Work involves studying and researching non-living objects, living organisms, disease or other forms of impairment, or human behavior. Investigative occupations are often associated with physical, life, medical, or social sciences, and can be found in the fields of humanities, mathematics/statistics, information technology, or health care service.Related occupations; Conventional— Work involves following procedures and regulations to organize information or data, typically in a business setting. Conventional occupations are often associated with office work, accounting, mathematics/statistics, information technology, finance, or human resources.Related occupations","Achievement— Occupations that satisfy this work value are results oriented and allow employees to use their strongest abilities, giving them a feeling of accomplishment. Corresponding needs are Ability Utilization and Achievement.Related occupations; Working Conditions— Occupations that satisfy this work value offer job security and good working conditions. Corresponding needs are Activity, Compensation, Independence, Security, Variety and Working Conditions.Related occupations; Independence— Occupations that satisfy this work value allow employees to work on their own and make decisions. Corresponding needs are Creativity, Responsibility and Autonomy.Related occupations",,https://www.onetonline.org/link/summary/17-2071.00,2025-09-08
17-2061.00,Computer Hardware Engineers,Architecture and Engineering,"Research, design, develop, or test computer or computer-related equipment for commercial, industrial, military, or scientific use. May supervise the manufacturing and installation of computer or computer-related equipment and components.",,,,,,Education,Experience Requirements,Training & Credentials,155020,,Bright Outlook,93%,,,"Realistic— Work involves designing, building, or repairing of equipment, materials, or structures, engaging in physical activity, or working outdoors. Realistic occupations are often associated with engineering, mechanics and electronics, construction, woodworking, transportation, machine operation, agriculture, animal services, physical or manual labor, athletics, or protective services.Related occupations; Investigative— Work involves studying and researching non-living objects, living organisms, disease or other forms of impairment, or human behavior. Investigative occupations are often associated with physical, life, medical, or social sciences, and can be found in the fields of humanities, mathematics/statistics, information technology, or health care service.Related occupations; Conventional— Work involves following procedures and regulations to organize information or data, typically in a business setting. Conventional occupations are often associated with office work, accounting, mathematics/statistics, information technology, finance, or human resources.Related occupations","Working Conditions— Occupations that satisfy this work value offer job security and good working conditions. Corresponding needs are Activity, Compensation, Independence, Security, Variety and Working Conditions.Related occupations; Achievement— Occupations that satisfy this work value are results oriented and allow employees to use their strongest abilities, giving them a feeling of accomplishment. Corresponding needs are Ability Utilization and Achievement.Related occupations; Independence— Occupations that satisfy this work value allow employees to work on their own and make decisions. Corresponding needs are Creativity, Responsibility and Autonomy.Related occupations",,https://www.onetonline.org/link/summary/17-2061.00,2025-09-08
17-2031.00,Bioengineers and Biomedical Engineers,Architecture and Engineering,"Apply knowledge of engineering, biology, chemistry, computer science, and biomechanical principles to the design, development, and evaluation of biological, agricultural, and health systems and products, such as artificial organs, prostheses, instrumentation, medical information systems, and health management and care delivery systems.",,,,,,Education,Experience Requirements,Training & Credentials,106950,,Bright Outlook,87%,,,"Investigative— Work involves studying and researching non-living objects, living organisms, disease or other forms of impairment, or human behavior. Investigative occupations are often associated with physical, life, medical, or social sciences, and can be found in the fields of humanities, mathematics/statistics, information technology, or health care service.Related occupations; Realistic— Work involves designing, building, or repairing of equipment, materials, or structures, engaging in physical activity, or working outdoors. Realistic occupations are often associated with engineering, mechanics and electronics, construction, woodworking, transportation, machine operation, agriculture, animal services, physical or manual labor, athletics, or protective services.Related occupations","Independence— Occupations that satisfy this work value allow employees to work on their own and make decisions. Corresponding needs are Creativity, Responsibility and Autonomy.Related occupations; Achievement— Occupations that satisfy this work value are results oriented and allow employees to use their strongest abilities, giving them a feeling of accomplishment. Corresponding needs are Ability Utilization and Achievement.Related occupations; Working Conditions— Occupations that satisfy this work value offer job security and good working conditions. Corresponding needs are Activity, Compensation, Independence, Security, Variety and Working Conditions.Related occupations",,https://www.onetonline.org/link/summary/17-2031.00,2025-09-08
17-2072.00,"Electronics Engineers, Except Computer",Architecture and Engineering,"Research, design, develop, or test electronic components and systems for commercial, industrial, military, or scientific use employing knowledge of electronic theory and materials properties. Design electronic circuits and components for use in fields such as telecommunications, aerospace guidance and propulsion control, acoustics, or instruments and controls.",,,,,,Education,Experience Requirements,Training & Credentials,127590,,Bright Outlook,14%,,,"Realistic— Work involves designing, building, or repairing of equipment, materials, or structures, engaging in physical activity, or working outdoors. Realistic occupations are often associated with engineering, mechanics and electronics, construction, woodworking, transportation, machine operation, agriculture, animal services, physical or manual labor, athletics, or protective services.Related occupations; Investigative— Work involves studying and researching non-living objects, living organisms, disease or other forms of impairment, or human behavior. Investigative occupations are often associated with physical, life, medical, or social sciences, and can be found in the fields of humanities, mathematics/statistics, information technology, or health care service.Related occupations; Conventional— Work involves following procedures and regulations to organize information or data, typically in a business setting. Conventional occupations are often associated with office work, accounting, mathematics/statistics, information technology, finance, or human resources.Related occupations","Recognition— Occupations that satisfy this work value offer advancement, potential for leadership, and are often considered prestigious. Corresponding needs are Advancement, Authority, Recognition and Social Status.Related occupations; Working Conditions— Occupations that satisfy this work value offer job security and good working conditions. Corresponding needs are Activity, Compensation, Independence, Security, Variety and Working Conditions.Related occupations; Achievement— Occupations that satisfy this work value are results oriented and allow employees to use their strongest abilities, giving them a feeling of accomplishment. Corresponding needs are Ability Utilization and Achievement.Related occupations",,https://www.onetonline.org/link/summary/17-2072.00,2025-09-08
11-3021.00,Computer and Information Systems Managers,Management,"Plan, direct, or coordinate activities in such fields as electronic data processing, information systems, systems analysis, and computer programming.",,,,,,Education,Experience Requirements,Training & Credentials,171200,,Bright Outlook,100%,,,"Conventional— Work involves following procedures and regulations to organize information or data, typically in a business setting. Conventional occupations are often associated with office work, accounting, mathematics/statistics, information technology, finance, or human resources.Related occupations; Enterprising— Work involves managing, negotiating, marketing, or selling, typically in a business setting, or leading or advising people in political and legal situations. Enterprising occupations are often associated with business initiatives, sales, marketing/advertising, finance, management/administration, professional advising, public speaking, politics, or law.Related occupations; Investigative— Work involves studying and researching non-living objects, living organisms, disease or other forms of impairment, or human behavior. Investigative occupations are often associated with physical, life, medical, or social sciences, and can be found in the fields of humanities, mathematics/statistics, information technology, or health care service.Related occupations","Working Conditions— Occupations that satisfy this work value offer job security and good working conditions. Corresponding needs are Activity, Compensation, Independence, Security, Variety and Working Conditions.Related occupations; Support— Occupations that satisfy this work value offer supportive management that stands behind employees. Corresponding needs are Company Policies, Supervision: Human Relations and Supervision: Technical.Related occupations; Achievement— Occupations that satisfy this work value are results oriented and allow employees to use their strongest abilities, giving them a feeling of accomplishment. Corresponding needs are Ability Utilization and Achievement.Related occupations",,https://www.onetonline.org/link/summary/11-3021.00,2025-09-08
15-1299.02,Geographic Information Systems Technologists and Technicians,Computer and Mathematical,"Assist scientists or related professionals in building, maintaining, modifying, or using geographic information systems (GIS) databases. May also perform some custom application development or provide user support.",,,,,,Education,Experience Requirements,Training & Credentials,108970,,Bright Outlook,9%,,,"Conventional— Work involves following procedures and regulations to organize information or data, typically in a business setting. Conventional occupations are often associated with office work, accounting, mathematics/statistics, information technology, finance, or human resources.Related occupations; Investigative— Work involves studying and researching non-living objects, living organisms, disease or other forms of impairment, or human behavior. Investigative occupations are often associated with physical, life, medical, or social sciences, and can be found in the fields of humanities, mathematics/statistics, information technology, or health care service.Related occupations; Realistic— Work involves designing, building, or repairing of equipment, materials, or structures, engaging in physical activity, or working outdoors. Realistic occupations are often associated with engineering, mechanics and electronics, construction, woodworking, transportation, machine operation, agriculture, animal services, physical or manual labor, athletics, or protective services.Related occupations","Achievement— Occupations that satisfy this work value are results oriented and allow employees to use their strongest abilities, giving them a feeling of accomplishment. Corresponding needs are Ability Utilization and Achievement.Related occupations; Independence— Occupations that satisfy this work value allow employees to work on their own and make decisions. Corresponding needs are Creativity, Responsibility and Autonomy.Related occupations; Working Conditions— Occupations that satisfy this work value offer job security and good working conditions. Corresponding needs are Activity, Compensation, Independence, Security, Variety and Working Conditions.Related occupations",,https://www.onetonline.org/link/summary/15-1299.02,2025-09-08
17-2141.02,Automotive Engineers,Architecture and Engineering,"Develop new or improved designs for vehicle structural members, engines, transmissions, or other vehicle systems, using computer-assisted design technology. Direct building, modification, or testing of vehicle or components.",,,,,,Education,Experience Requirements,Training & Credentials,102320,,Bright Outlook,100%,,,"Realistic— Work involves designing, building, or repairing of equipment, materials, or structures, engaging in physical activity, or working outdoors. Realistic occupations are often associated with engineering, mechanics and electronics, construction, woodworking, transportation, machine operation, agriculture, animal services, physical or manual labor, athletics, or protective services.Related occupations; Investigative— Work involves studying and researching non-living objects, living organisms, disease or other forms of impairment, or human behavior. Investigative occupations are often associated with physical, life, medical, or social sciences, and can be found in the fields of humanities, mathematics/statistics, information technology, or health care service.Related occupations; Conventional— Work involves following procedures and regulations to organize information or data, typically in a business setting. Conventional occupations are often associated with office work, accounting, mathematics/statistics, information technology, finance, or human resources.Related occupations","Achievement— Occupations that satisfy this work value are results oriented and allow employees to use their strongest abilities, giving them a feeling of accomplishment. Corresponding needs are Ability Utilization and Achievement.Related occupations; Working Conditions— Occupations that satisfy this work value offer job security and good working conditions. Corresponding needs are Activity, Compensation, Independence, Security, Variety and Working Conditions.Related occupations; Recognition— Occupations that satisfy this work value offer advancement, potential for leadership, and are often considered prestigious. Corresponding needs are Advancement, Authority, Recognition and Social Status.Related occupations",,https://www.onetonline.org/link/summary/17-2141.02,2025-09-08
19-1029.01,Bioinformatics Scientists,"Life, Physical, and Social Science","Conduct research using bioinformatics theory and methods in areas such as pharmaceuticals, medical technology, biotechnology, computational biology, proteomics, computer information science, biology and medical informatics. May design databases and develop algorithms for processing and analyzing genomic information, or other biological information.",,,,,,Education,Experience Requirements,Training & Credentials,93330,,Bright Outlook,100%,,,"Investigative— Work involves studying and researching non-living objects, living organisms, disease or other forms of impairment, or human behavior. Investigative occupations are often associated with physical, life, medical, or social sciences, and can be found in the fields of humanities, mathematics/statistics, information technology, or health care service.Related occupations; Conventional— Work involves following procedures and regulations to organize information or data, typically in a business setting. Conventional occupations are often associated with office work, accounting, mathematics/statistics, information technology, finance, or human resources.Related occupations; Realistic— Work involves designing, building, or repairing of equipment, materials, or structures, engaging in physical activity, or working outdoors. Realistic occupations are often associated with engineering, mechanics and electronics, construction, woodworking, transportation, machine operation, agriculture, animal services, physical or manual labor, athletics, or protective services.Related occupations","Independence— Occupations that satisfy this work value allow employees to work on their own and make decisions. Corresponding needs are Creativity, Responsibility and Autonomy.Related occupations; Achievement— Occupations that satisfy this work value are results oriented and allow employees to use their strongest abilities, giving them a feeling of accomplishment. Corresponding needs are Ability Utilization and Achievement.Related occupations; Recognition— Occupations that satisfy this work value offer advancement, potential for leadership, and are often considered prestigious. Corresponding needs are Advancement, Authority, Recognition and Social Status.Related occupations",,https://www.onetonline.org/link/summary/19-1029.01,2025-09-08
15-1299.09,Information Technology Project Managers,Computer and Mathematical,"Plan, initiate, and manage information technology (IT) projects. Lead and guide the work of technical staff. Serve as liaison between business and technical aspects of projects. Plan project stages and assess business implications for each stage. Monitor progress to assure deadlines, standards, and cost targets are met.",,,,,,Education,Experience Requirements,Training & Credentials,108970,,Bright Outlook,95%,,,"Enterprising— Work involves managing, negotiating, marketing, or selling, typically in a business setting, or leading or advising people in political and legal situations. Enterprising occupations are often associated with business initiatives, sales, marketing/advertising, finance, management/administration, professional advising, public speaking, politics, or law.Related occupations; Conventional— Work involves following procedures and regulations to organize information or data, typically in a business setting. Conventional occupations are often associated with office work, accounting, mathematics/statistics, information technology, finance, or human resources.Related occupations; Investigative— Work involves studying and researching non-living objects, living organisms, disease or other forms of impairment, or human behavior. Investigative occupations are often associated with physical, life, medical, or social sciences, and can be found in the fields of humanities, mathematics/statistics, information technology, or health care service.Related occupations","Achievement— Occupations that satisfy this work value are results oriented and allow employees to use their strongest abilities, giving them a feeling of accomplishment. Corresponding needs are Ability Utilization and Achievement.Related occupations; Independence— Occupations that satisfy this work value allow employees to work on their own and make decisions. Corresponding needs are Creativity, Responsibility and Autonomy.Related occupations; Working Conditions— Occupations that satisfy this work value offer job security and good working conditions. Corresponding needs are Activity, Compensation, Independence, Security, Variety and Working Conditions.Related occupations",,https://www.onetonline.org/link/summary/15-1299.09,2025-09-08
13-1161.01,Search Marketing Strategists,Business and Financial Operations,"Employ search marketing tactics to increase visibility and engagement with content, products, or services in Internet-enabled devices or interfaces. Examine search query behaviors on general or specialty search engines or other Internet-based content. Analyze research, data, or technology to understand user intent and measure outcomes for ongoing optimization.",,,,,,Education,Experience Requirements,Training & Credentials,76950,,Bright Outlook,91%,,,"Enterprising— Work involves managing, negotiating, marketing, or selling, typically in a business setting, or leading or advising people in political and legal situations. Enterprising occupations are often associated with business initiatives, sales, marketing/advertising, finance, management/administration, professional advising, public speaking, politics, or law.Related occupations; Conventional— Work involves following procedures and regulations to organize information or data, typically in a business setting. Conventional occupations are often associated with office work, accounting, mathematics/statistics, information technology, finance, or human resources.Related occupations; Investigative— Work involves studying and researching non-living objects, living organisms, disease or other forms of impairment, or human behavior. Investigative occupations are often associated with physical, life, medical, or social sciences, and can be found in the fields of humanities, mathematics/statistics, information technology, or health care service.Related occupations","Achievement— Occupations that satisfy this work value are results oriented and allow employees to use their strongest abilities, giving them a feeling of accomplishment. Corresponding needs are Ability Utilization and Achievement.Related occupations; Working Conditions— Occupations that satisfy this work value offer job security and good working conditions. Corresponding needs are Activity, Compensation, Independence, Security, Variety and Working Conditions.Related occupations; Independence— Occupations that satisfy this work value allow employees to work on their own and make decisions. Corresponding needs are Creativity, Responsibility and Autonomy.Related occupations",,https://www.onetonline.org/link/summary/13-1161.01,2025-09-08
17-2011.00,Aerospace Engineers,Architecture and Engineering,"Perform engineering duties in designing, constructing, and testing aircraft, missiles, and spacecraft. May conduct basic and applied research to evaluate adaptability of materials and equipment to aircraft design and manufacture. May recommend improvements in testing equipment and techniques.",,,,,,Education,Experience Requirements,Training & Credentials,134830,,Bright Outlook,100%,,,"Investigative— Work involves studying and researching non-living objects, living organisms, disease or other forms of impairment, or human behavior. Investigative occupations are often associated with physical, life, medical, or social sciences, and can be found in the fields of humanities, mathematics/statistics, information technology, or health care service.Related occupations; Realistic— Work involves designing, building, or repairing of equipment, materials, or structures, engaging in physical activity, or working outdoors. Realistic occupations are often associated with engineering, mechanics and electronics, construction, woodworking, transportation, machine operation, agriculture, animal services, physical or manual labor, athletics, or protective services.Related occupations; Conventional— Work involves following procedures and regulations to organize information or data, typically in a business setting. Conventional occupations are often associated with office work, accounting, mathematics/statistics, information technology, finance, or human resources.Related occupations","Working Conditions— Occupations that satisfy this work value offer job security and good working conditions. Corresponding needs are Activity, Compensation, Independence, Security, Variety and Working Conditions.Related occupations; Independence— Occupations that satisfy this work value allow employees to work on their own and make decisions. Corresponding needs are Creativity, Responsibility and Autonomy.Related occupations; Recognition— Occupations that satisfy this work value offer advancement, potential for leadership, and are often considered prestigious. Corresponding needs are Advancement, Authority, Recognition and Social Status.Related occupations",,https://www.onetonline.org/link/summary/17-2011.00,2025-09-08
11-1011.00,Chief Executives,Management,"Determine and formulate policies and provide overall direction of companies or private and public sector organizations within guidelines set up by a board of directors or similar governing body. Plan, direct, or coordinate operational activities at the highest level of management with the help of subordinate executives and staff managers.",,,,,,Education,Experience Requirements,Training & Credentials,206420,,Bright Outlook,97%,,,"Enterprising— Work involves managing, negotiating, marketing, or selling, typically in a business setting, or leading or advising people in political and legal situations. Enterprising occupations are often associated with business initiatives, sales, marketing/advertising, finance, management/administration, professional advising, public speaking, politics, or law.Related occupations; Conventional— Work involves following procedures and regulations to organize information or data, typically in a business setting. Conventional occupations are often associated with office work, accounting, mathematics/statistics, information technology, finance, or human resources.Related occupations","Recognition— Occupations that satisfy this work value offer advancement, potential for leadership, and are often considered prestigious. Corresponding needs are Advancement, Authority, Recognition and Social Status.Related occupations; Independence— Occupations that satisfy this work value allow employees to work on their own and make decisions. Corresponding needs are Creativity, Responsibility and Autonomy.Related occupations; Achievement— Occupations that satisfy this work value are results oriented and allow employees to use their strongest abilities, giving them a feeling of accomplishment. Corresponding needs are Ability Utilization and Achievement.Related occupations",,https://www.onetonline.org/link/summary/11-1011.00,2025-09-08
51-9162.00,Computer Numerically Controlled Tool Programmers,Production,"Develop programs to control machining or processing of materials by automatic machine tools, equipment, or systems. May also set up, operate, or maintain equipment.",,,,,,Education,Experience Requirements,Training & Credentials,65670,,Bright Outlook,88%,,,"Conventional— Work involves following procedures and regulations to organize information or data, typically in a business setting. Conventional occupations are often associated with office work, accounting, mathematics/statistics, information technology, finance, or human resources.Related occupations; Realistic— Work involves designing, building, or repairing of equipment, materials, or structures, engaging in physical activity, or working outdoors. Realistic occupations are often associated with engineering, mechanics and electronics, construction, woodworking, transportation, machine operation, agriculture, animal services, physical or manual labor, athletics, or protective services.Related occupations; Investigative— Work involves studying and researching non-living objects, living organisms, disease or other forms of impairment, or human behavior. Investigative occupations are often associated with physical, life, medical, or social sciences, and can be found in the fields of humanities, mathematics/statistics, information technology, or health care service.Related occupations","Support— Occupations that satisfy this work value offer supportive management that stands behind employees. Corresponding needs are Company Policies, Supervision: Human Relations and Supervision: Technical.Related occupations; Independence— Occupations that satisfy this work value allow employees to work on their own and make decisions. Corresponding needs are Creativity, Responsibility and Autonomy.Related occupations; Relationships— Occupations that satisfy this work value allow employees to provide service to others and work with co-workers in a friendly non-competitive environment. Corresponding needs are Co-workers, Moral Values and Social Service.Related occupations",,https://www.onetonline.org/link/summary/51-9162.00,2025-09-08
11-9199.00,"Managers, All Other",Management,"“All Other” titles represent occupations with a wide range of characteristics which do not fit into one of the detailed O*NET-SOC occupations. O*NET data is not available for this type of title. For specific occupations under this title, see:",,,,,,Education,Experience Requirements,Training & Credentials,136550,,Bright Outlook,6%,,,,,,https://www.onetonline.org/link/summary/11-9199.00,2025-09-08
13-1199.06,Online Merchants,Business and Financial Operations,"Conduct retail activities of businesses operating exclusively online. May perform duties such as preparing business strategies, buying merchandise, managing inventory, implementing marketing activities, fulfilling and shipping online orders, and balancing financial records.",,,,,,Education,Experience Requirements,Training & Credentials,81270,,Bright Outlook,100%,,,"Conventional— Work involves following procedures and regulations to organize information or data, typically in a business setting. Conventional occupations are often associated with office work, accounting, mathematics/statistics, information technology, finance, or human resources.Related occupations; Enterprising— Work involves managing, negotiating, marketing, or selling, typically in a business setting, or leading or advising people in political and legal situations. Enterprising occupations are often associated with business initiatives, sales, marketing/advertising, finance, management/administration, professional advising, public speaking, politics, or law.Related occupations","Independence— Occupations that satisfy this work value allow employees to work on their own and make decisions. Corresponding needs are Creativity, Responsibility and Autonomy.Related occupations; Achievement— Occupations that satisfy this work value are results oriented and allow employees to use their strongest abilities, giving them a feeling of accomplishment. Corresponding needs are Ability Utilization and Achievement.Related occupations; Working Conditions— Occupations that satisfy this work value offer job security and good working conditions. Corresponding needs are Activity, Compensation, Independence, Security, Variety and Working Conditions.Related occupations",,https://www.onetonline.org/link/summary/13-1199.06,2025-09-08
15-1299.01,Web Administrators,Computer and Mathematical,"Manage web environment design, deployment, development and maintenance activities. Perform testing and quality assurance of web sites and web applications.",,,,,,Education,Experience Requirements,Training & Credentials,108970,,Bright Outlook,95%,,,"Conventional— Work involves following procedures and regulations to organize information or data, typically in a business setting. Conventional occupations are often associated with office work, accounting, mathematics/statistics, information technology, finance, or human resources.Related occupations; Investigative— Work involves studying and researching non-living objects, living organisms, disease or other forms of impairment, or human behavior. Investigative occupations are often associated with physical, life, medical, or social sciences, and can be found in the fields of humanities, mathematics/statistics, information technology, or health care service.Related occupations; Enterprising— Work involves managing, negotiating, marketing, or selling, typically in a business setting, or leading or advising people in political and legal situations. Enterprising occupations are often associated with business initiatives, sales, marketing/advertising, finance, management/administration, professional advising, public speaking, politics, or law.Related occupations","Achievement— Occupations that satisfy this work value are results oriented and allow employees to use their strongest abilities, giving them a feeling of accomplishment. Corresponding needs are Ability Utilization and Achievement.Related occupations; Working Conditions— Occupations that satisfy this work value offer job security and good working conditions. Corresponding needs are Activity, Compensation, Independence, Security, Variety and Working Conditions.Related occupations; Independence— Occupations that satisfy this work value allow employees to work on their own and make decisions. Corresponding needs are Creativity, Responsibility and Autonomy.Related occupations",,https://www.onetonline.org/link/summary/15-1299.01,2025-09-08
43-9031.00,Desktop Publishers,Office and Administrative Support,Format typescript and graphic elements using computer software to produce publication-ready material.,,,"Computers and Electronics— Knowledge of circuit boards, processors, chips, electronic equipment, and computer hardware and software, including applications and programming.Related occupations; Communications and Media— Knowledge of media production, communication, and dissemination techniques and methods. This includes alternative ways to inform and entertain via written, oral, and visual media.Related occupations; English Language— Knowledge of the structure and content of the English language including the meaning and spelling of words, and rules of composition and grammar.Related occupations",,,Education,Experience Requirements,Training & Credentials,53620,,Bright Outlook,100%,,,"Conventional— Work involves following procedures and regulations to organize information or data, typically in a business setting. Conventional occupations are often associated with office work, accounting, mathematics/statistics, information technology, finance, or human resources.Related occupations; Artistic— Work involves creating original visual artwork, performances, written works, food, or music for a variety of media, or applying artistic principles to the design of various objects and materials. Artistic occupations are often associated with visual arts, applied arts and design, performing arts, music, creative writing, media, or culinary art.Related occupations","Achievement— Occupations that satisfy this work value are results oriented and allow employees to use their strongest abilities, giving them a feeling of accomplishment. Corresponding needs are Ability Utilization and Achievement.Related occupations; Support— Occupations that satisfy this work value offer supportive management that stands behind employees. Corresponding needs are Company Policies, Supervision: Human Relations and Supervision: Technical.Related occupations; Independence— Occupations that satisfy this work value allow employees to work on their own and make decisions. Corresponding needs are Creativity, Responsibility and Autonomy.Related occupations",,https://www.onetonline.org/link/summary/43-9031.00,2025-09-08
51-9151.00,Photographic Process Workers and Processing Machine Operators,Production,Perform work involved in developing and processing photographic images from film or digital media. May perform precision tasks such as editing photographic negatives and prints.,,,"Customer and Personal Service— Knowledge of principles and processes for providing customer and personal services. This includes customer needs assessment, meeting quality standards for services, and evaluation of customer satisfaction.Related occupations; Computers and Electronics— Knowledge of circuit boards, processors, chips, electronic equipment, and computer hardware and software, including applications and programming.Related occupations; Production and Processing— Knowledge of raw materials, production processes, quality control, costs, and other techniques for maximizing the effective manufacture and distribution of goods.Related occupations; English Language— Knowledge of the structure and content of the English language including the meaning and spelling of words, and rules of composition and grammar.Related occupations",,,Education,Experience Requirements,Training & Credentials,40100,,Bright Outlook,88%,,,"Realistic— Work involves designing, building, or repairing of equipment, materials, or structures, engaging in physical activity, or working outdoors. Realistic occupations are often associated with engineering, mechanics and electronics, construction, woodworking, transportation, machine operation, agriculture, animal services, physical or manual labor, athletics, or protective services.Related occupations; Conventional— Work involves following procedures and regulations to organize information or data, typically in a business setting. Conventional occupations are often associated with office work, accounting, mathematics/statistics, information technology, finance, or human resources.Related occupations; Artistic— Work involves creating original visual artwork, performances, written works, food, or music for a variety of media, or applying artistic principles to the design of various objects and materials. Artistic occupations are often associated with visual arts, applied arts and design, performing arts, music, creative writing, media, or culinary art.Related occupations","Support— Occupations that satisfy this work value offer supportive management that stands behind employees. Corresponding needs are Company Policies, Supervision: Human Relations and Supervision: Technical.Related occupations; Independence— Occupations that satisfy this work value allow employees to work on their own and make decisions. Corresponding needs are Creativity, Responsibility and Autonomy.Related occupations; Relationships— Occupations that satisfy this work value allow employees to provide service to others and work with co-workers in a friendly non-competitive environment. Corresponding needs are Co-workers, Moral Values and Social Service.Related occupations",,https://www.onetonline.org/link/summary/51-9151.00,2025-09-08
15-1243.01,Data Warehousing Specialists,Computer and Mathematical,"Design, model, or implement corporate data warehousing activities. Program and configure warehouses of database information and provide support to warehouse users.",,,"Computers and Electronics— Knowledge of circuit boards, processors, chips, electronic equipment, and computer hardware and software, including applications and programming.Related occupations; Mathematics— Knowledge of arithmetic, algebra, geometry, calculus, statistics, and their applications.Related occupations; English Language— Knowledge of the structure and content of the English language including the meaning and spelling of words, and rules of composition and grammar.Related occupations; Design— Knowledge of design techniques, tools, and principles involved in production of precision technical plans, blueprints, drawings, and models.Related occupations",,,Education,Experience Requirements,Training & Credentials,135980,,Bright Outlook,100%,,,"Conventional— Work involves following procedures and regulations to organize information or data, typically in a business setting. Conventional occupations are often associated with office work, accounting, mathematics/statistics, information technology, finance, or human resources.Related occupations; Investigative— Work involves studying and researching non-living objects, living organisms, disease or other forms of impairment, or human behavior. Investigative occupations are often associated with physical, life, medical, or social sciences, and can be found in the fields of humanities, mathematics/statistics, information technology, or health care service.Related occupations","Achievement— Occupations that satisfy this work value are results oriented and allow employees to use their strongest abilities, giving them a feeling of accomplishment. Corresponding needs are Ability Utilization and Achievement.Related occupations; Working Conditions— Occupations that satisfy this work value offer job security and good working conditions. Corresponding needs are Activity, Compensation, Independence, Security, Variety and Working Conditions.Related occupations; Independence— Occupations that satisfy this work value allow employees to work on their own and make decisions. Corresponding needs are Creativity, Responsibility and Autonomy.Related occupations",,https://www.onetonline.org/link/summary/15-1243.01,2025-09-08
15-2031.00,Operations Research Analysts,Computer and Mathematical,"Formulate and apply mathematical modeling and other optimizing methods to develop and interpret information that assists management with decisionmaking, policy formulation, or other managerial functions. May collect and analyze data and develop decision support software, services, or products. May develop and supply optimal time, cost, or logistics networks for program evaluation, review, or implementation.",,,,,,Education,Experience Requirements,Training & Credentials,91290,,Bright Outlook,86%,,,"Investigative— Work involves studying and researching non-living objects, living organisms, disease or other forms of impairment, or human behavior. Investigative occupations are often associated with physical, life, medical, or social sciences, and can be found in the fields of humanities, mathematics/statistics, information technology, or health care service.Related occupations; Conventional— Work involves following procedures and regulations to organize information or data, typically in a business setting. Conventional occupations are often associated with office work, accounting, mathematics/statistics, information technology, finance, or human resources.Related occupations","Achievement— Occupations that satisfy this work value are results oriented and allow employees to use their strongest abilities, giving them a feeling of accomplishment. Corresponding needs are Ability Utilization and Achievement.Related occupations; Independence— Occupations that satisfy this work value allow employees to work on their own and make decisions. Corresponding needs are Creativity, Responsibility and Autonomy.Related occupations; Working Conditions— Occupations that satisfy this work value offer job security and good working conditions. Corresponding needs are Activity, Compensation, Independence, Security, Variety and Working Conditions.Related occupations",,https://www.onetonline.org/link/summary/15-2031.00,2025-09-08
15-1211.01,Health Informatics Specialists,Computer and Mathematical,"Apply knowledge of nursing and informatics to assist in the design, development, and ongoing modification of computerized health care systems. May educate staff and assist in problem solving to promote the implementation of the health care system.",,,,,,Education,Experience Requirements,Training & Credentials,103790,,Bright Outlook,100%,,,"Investigative— Work involves studying and researching non-living objects, living organisms, disease or other forms of impairment, or human behavior. Investigative occupations are often associated with physical, life, medical, or social sciences, and can be found in the fields of humanities, mathematics/statistics, information technology, or health care service.Related occupations; Conventional— Work involves following procedures and regulations to organize information or data, typically in a business setting. Conventional occupations are often associated with office work, accounting, mathematics/statistics, information technology, finance, or human resources.Related occupations; Social— Work involves helping, teaching, advising, assisting, or providing service to others. Social occupations are often associated with social, health care, personal service, teaching/education, or religious activities.Related occupations","Achievement— Occupations that satisfy this work value are results oriented and allow employees to use their strongest abilities, giving them a feeling of accomplishment. Corresponding needs are Ability Utilization and Achievement.Related occupations; Independence— Occupations that satisfy this work value allow employees to work on their own and make decisions. Corresponding needs are Creativity, Responsibility and Autonomy.Related occupations; Support— Occupations that satisfy this work value offer supportive management that stands behind employees. Corresponding needs are Company Policies, Supervision: Human Relations and Supervision: Technical.Related occupations",,https://www.onetonline.org/link/summary/15-1211.01,2025-09-08
11-9199.10,Wind Energy Development Managers,Management,"Lead or manage the development and evaluation of potential wind energy business opportunities, including environmental studies, permitting, and proposals. May also manage construction of projects.",,,,,,Education,Experience Requirements,Training & Credentials,136550,,Bright Outlook,85%,,,"Enterprising— Work involves managing, negotiating, marketing, or selling, typically in a business setting, or leading or advising people in political and legal situations. Enterprising occupations are often associated with business initiatives, sales, marketing/advertising, finance, management/administration, professional advising, public speaking, politics, or law.Related occupations; Conventional— Work involves following procedures and regulations to organize information or data, typically in a business setting. Conventional occupations are often associated with office work, accounting, mathematics/statistics, information technology, finance, or human resources.Related occupations","Achievement— Occupations that satisfy this work value are results oriented and allow employees to use their strongest abilities, giving them a feeling of accomplishment. Corresponding needs are Ability Utilization and Achievement.Related occupations; Independence— Occupations that satisfy this work value allow employees to work on their own and make decisions. Corresponding needs are Creativity, Responsibility and Autonomy.Related occupations; Recognition— Occupations that satisfy this work value offer advancement, potential for leadership, and are often considered prestigious. Corresponding needs are Advancement, Authority, Recognition and Social Status.Related occupations",,https://www.onetonline.org/link/summary/11-9199.10,2025-09-08
41-4011.07,Solar Sales Representatives and Assessors,Sales and Related,"Contact new or existing customers to determine their solar equipment needs, suggest systems or equipment, or estimate costs.",,,,,,Education,Experience Requirements,Training & Credentials,100070,,Bright Outlook,98%,,,"Enterprising— Work involves managing, negotiating, marketing, or selling, typically in a business setting, or leading or advising people in political and legal situations. Enterprising occupations are often associated with business initiatives, sales, marketing/advertising, finance, management/administration, professional advising, public speaking, politics, or law.Related occupations; Conventional— Work involves following procedures and regulations to organize information or data, typically in a business setting. Conventional occupations are often associated with office work, accounting, mathematics/statistics, information technology, finance, or human resources.Related occupations; Realistic— Work involves designing, building, or repairing of equipment, materials, or structures, engaging in physical activity, or working outdoors. Realistic occupations are often associated with engineering, mechanics and electronics, construction, woodworking, transportation, machine operation, agriculture, animal services, physical or manual labor, athletics, or protective services.Related occupations","Achievement— Occupations that satisfy this work value are results oriented and allow employees to use their strongest abilities, giving them a feeling of accomplishment. Corresponding needs are Ability Utilization and Achievement.Related occupations; Independence— Occupations that satisfy this work value allow employees to work on their own and make decisions. Corresponding needs are Creativity, Responsibility and Autonomy.Related occupations; Working Conditions— Occupations that satisfy this work value offer job security and good working conditions. Corresponding needs are Activity, Compensation, Independence, Security, Variety and Working Conditions.Related occupations",,https://www.onetonline.org/link/summary/41-4011.07,2025-09-08
15-1231.00,Computer Network Support Specialists,Computer and Mathematical,"Analyze, test, troubleshoot, and evaluate existing network systems, such as local area networks (LAN), wide area networks (WAN), cloud networks, servers, and other data communications networks. Perform network maintenance to ensure networks operate correctly with minimal interruption.",,,,,,Education,Experience Requirements,Training & Credentials,73340,,Bright Outlook,94%,,,"Conventional— Work involves following procedures and regulations to organize information or data, typically in a business setting. Conventional occupations are often associated with office work, accounting, mathematics/statistics, information technology, finance, or human resources.Related occupations; Investigative— Work involves studying and researching non-living objects, living organisms, disease or other forms of impairment, or human behavior. Investigative occupations are often associated with physical, life, medical, or social sciences, and can be found in the fields of humanities, mathematics/statistics, information technology, or health care service.Related occupations; Realistic— Work involves designing, building, or repairing of equipment, materials, or structures, engaging in physical activity, or working outdoors. Realistic occupations are often associated with engineering, mechanics and electronics, construction, woodworking, transportation, machine operation, agriculture, animal services, physical or manual labor, athletics, or protective services.Related occupations","Achievement— Occupations that satisfy this work value are results oriented and allow employees to use their strongest abilities, giving them a feeling of accomplishment. Corresponding needs are Ability Utilization and Achievement.Related occupations; Support— Occupations that satisfy this work value offer supportive management that stands behind employees. Corresponding needs are Company Policies, Supervision: Human Relations and Supervision: Technical.Related occupations; Working Conditions— Occupations that satisfy this work value offer job security and good working conditions. Corresponding needs are Activity, Compensation, Independence, Security, Variety and Working Conditions.Related occupations",,https://www.onetonline.org/link/summary/15-1231.00,2025-09-08
27-1024.00,Graphic Designers,"Arts, Design, Entertainment, Sports, and Media","Design or create graphics to meet specific commercial or promotional needs, such as packaging, displays, or logos. May use a variety of mediums to achieve artistic or decorative effects.",,,,,,Education,Experience Requirements,Training & Credentials,61300,,Bright Outlook,90%,,,"Artistic— Work involves creating original visual artwork, performances, written works, food, or music for a variety of media, or applying artistic principles to the design of various objects and materials. Artistic occupations are often associated with visual arts, applied arts and design, performing arts, music, creative writing, media, or culinary art.Related occupations","Achievement— Occupations that satisfy this work value are results oriented and allow employees to use their strongest abilities, giving them a feeling of accomplishment. Corresponding needs are Ability Utilization and Achievement.Related occupations; Independence— Occupations that satisfy this work value allow employees to work on their own and make decisions. Corresponding needs are Creativity, Responsibility and Autonomy.Related occupations; Recognition— Occupations that satisfy this work value offer advancement, potential for leadership, and are often considered prestigious. Corresponding needs are Advancement, Authority, Recognition and Social Status.Related occupations",,https://www.onetonline.org/link/summary/27-1024.00,2025-09-08
11-9021.00,Construction Managers,Management,"Plan, direct, or coordinate, usually through subordinate supervisory personnel, activities concerned with the construction and maintenance of structures, facilities, and systems. Participate in the conceptual development of a construction project and oversee its organization, scheduling, budgeting, and implementation. Includes managers in specialized construction fields, such as carpentry or plumbing.",,,,,,Education,Experience Requirements,Training & Credentials,106980,,Bright Outlook,90%,,,"Enterprising— Work involves managing, negotiating, marketing, or selling, typically in a business setting, or leading or advising people in political and legal situations. Enterprising occupations are often associated with business initiatives, sales, marketing/advertising, finance, management/administration, professional advising, public speaking, politics, or law.Related occupations; Conventional— Work involves following procedures and regulations to organize information or data, typically in a business setting. Conventional occupations are often associated with office work, accounting, mathematics/statistics, information technology, finance, or human resources.Related occupations; Realistic— Work involves designing, building, or repairing of equipment, materials, or structures, engaging in physical activity, or working outdoors. Realistic occupations are often associated with engineering, mechanics and electronics, construction, woodworking, transportation, machine operation, agriculture, animal services, physical or manual labor, athletics, or protective services.Related occupations","Working Conditions— Occupations that satisfy this work value offer job security and good working conditions. Corresponding needs are Activity, Compensation, Independence, Security, Variety and Working Conditions.Related occupations; Independence— Occupations that satisfy this work value allow employees to work on their own and make decisions. Corresponding needs are Creativity, Responsibility and Autonomy.Related occupations; Support— Occupations that satisfy this work value offer supportive management that stands behind employees. Corresponding needs are Company Policies, Supervision: Human Relations and Supervision: Technical.Related occupations",,https://www.onetonline.org/link/summary/11-9021.00,2025-09-08
15-1241.01,Telecommunications Engineering Specialists,Computer and Mathematical,"Design or configure wired, wireless, and satellite communications systems for voice, video, and data services. Supervise installation, service, and maintenance.",,,,,,Education,Experience Requirements,Training & Credentials,130390,,Bright Outlook,100%,,,"Conventional— Work involves following procedures and regulations to organize information or data, typically in a business setting. Conventional occupations are often associated with office work, accounting, mathematics/statistics, information technology, finance, or human resources.Related occupations; Realistic— Work involves designing, building, or repairing of equipment, materials, or structures, engaging in physical activity, or working outdoors. Realistic occupations are often associated with engineering, mechanics and electronics, construction, woodworking, transportation, machine operation, agriculture, animal services, physical or manual labor, athletics, or protective services.Related occupations; Investigative— Work involves studying and researching non-living objects, living organisms, disease or other forms of impairment, or human behavior. Investigative occupations are often associated with physical, life, medical, or social sciences, and can be found in the fields of humanities, mathematics/statistics, information technology, or health care service.Related occupations","Achievement— Occupations that satisfy this work value are results oriented and allow employees to use their strongest abilities, giving them a feeling of accomplishment. Corresponding needs are Ability Utilization and Achievement.Related occupations; Support— Occupations that satisfy this work value offer supportive management that stands behind employees. Corresponding needs are Company Policies, Supervision: Human Relations and Supervision: Technical.Related occupations; Working Conditions— Occupations that satisfy this work value offer job security and good working conditions. Corresponding needs are Activity, Compensation, Independence, Security, Variety and Working Conditions.Related occupations",,https://www.onetonline.org/link/summary/15-1241.01,2025-09-08
15-1255.01,Video Game Designers,Computer and Mathematical,"Design core features of video games. Specify innovative game and role-play mechanics, story lines, and character biographies. Create and maintain design documentation. Guide and collaborate with production staff to produce games as designed.",,,,,,Education,Experience Requirements,Training & Credentials,98090,,Bright Outlook,100%,,,"Artistic— Work involves creating original visual artwork, performances, written works, food, or music for a variety of media, or applying artistic principles to the design of various objects and materials. Artistic occupations are often associated with visual arts, applied arts and design, performing arts, music, creative writing, media, or culinary art.Related occupations; Investigative— Work involves studying and researching non-living objects, living organisms, disease or other forms of impairment, or human behavior. Investigative occupations are often associated with physical, life, medical, or social sciences, and can be found in the fields of humanities, mathematics/statistics, information technology, or health care service.Related occupations; Enterprising— Work involves managing, negotiating, marketing, or selling, typically in a business setting, or leading or advising people in political and legal situations. Enterprising occupations are often associated with business initiatives, sales, marketing/advertising, finance, management/administration, professional advising, public speaking, politics, or law.Related occupations","Independence— Occupations that satisfy this work value allow employees to work on their own and make decisions. Corresponding needs are Creativity, Responsibility and Autonomy.Related occupations; Achievement— Occupations that satisfy this work value are results oriented and allow employees to use their strongest abilities, giving them a feeling of accomplishment. Corresponding needs are Ability Utilization and Achievement.Related occupations; Working Conditions— Occupations that satisfy this work value offer job security and good working conditions. Corresponding needs are Activity, Compensation, Independence, Security, Variety and Working Conditions.Related occupations",,https://www.onetonline.org/link/summary/15-1255.01,2025-09-08
11-2021.00,Marketing Managers,Management,"Plan, direct, or coordinate marketing policies and programs, such as determining the demand for products and services offered by a firm and its competitors, and identify potential customers. Develop pricing strategies with the goal of maximizing the firm's profits or share of the market while ensuring the firm's customers are satisfied. Oversee product development or monitor trends that indicate the need for new products and services.",,,,,,Education,Experience Requirements,Training & Credentials,161030,,Bright Outlook,100%,,,"Enterprising— Work involves managing, negotiating, marketing, or selling, typically in a business setting, or leading or advising people in political and legal situations. Enterprising occupations are often associated with business initiatives, sales, marketing/advertising, finance, management/administration, professional advising, public speaking, politics, or law.Related occupations; Conventional— Work involves following procedures and regulations to organize information or data, typically in a business setting. Conventional occupations are often associated with office work, accounting, mathematics/statistics, information technology, finance, or human resources.Related occupations","Working Conditions— Occupations that satisfy this work value offer job security and good working conditions. Corresponding needs are Activity, Compensation, Independence, Security, Variety and Working Conditions.Related occupations; Achievement— Occupations that satisfy this work value are results oriented and allow employees to use their strongest abilities, giving them a feeling of accomplishment. Corresponding needs are Ability Utilization and Achievement.Related occupations; Independence— Occupations that satisfy this work value allow employees to work on their own and make decisions. Corresponding needs are Creativity, Responsibility and Autonomy.Related occupations",,https://www.onetonline.org/link/summary/11-2021.00,2025-09-08
19-3051.00,Urban and Regional Planners,"Life, Physical, and Social Science","Develop comprehensive plans and programs for use of land and physical facilities of jurisdictions, such as towns, cities, counties, and metropolitan areas.",,,,,,Education,Experience Requirements,Training & Credentials,83720,,Bright Outlook,100%,,,"Investigative— Work involves studying and researching non-living objects, living organisms, disease or other forms of impairment, or human behavior. Investigative occupations are often associated with physical, life, medical, or social sciences, and can be found in the fields of humanities, mathematics/statistics, information technology, or health care service.Related occupations; Enterprising— Work involves managing, negotiating, marketing, or selling, typically in a business setting, or leading or advising people in political and legal situations. Enterprising occupations are often associated with business initiatives, sales, marketing/advertising, finance, management/administration, professional advising, public speaking, politics, or law.Related occupations; Conventional— Work involves following procedures and regulations to organize information or data, typically in a business setting. Conventional occupations are often associated with office work, accounting, mathematics/statistics, information technology, finance, or human resources.Related occupations","Relationships— Occupations that satisfy this work value allow employees to provide service to others and work with co-workers in a friendly non-competitive environment. Corresponding needs are Co-workers, Moral Values and Social Service.Related occupations; Achievement— Occupations that satisfy this work value are results oriented and allow employees to use their strongest abilities, giving them a feeling of accomplishment. Corresponding needs are Ability Utilization and Achievement.Related occupations; Working Conditions— Occupations that satisfy this work value offer job security and good working conditions. Corresponding needs are Activity, Compensation, Independence, Security, Variety and Working Conditions.Related occupations",,https://www.onetonline.org/link/summary/19-3051.00,2025-09-08
25-4022.00,Librarians and Media Collections Specialists,Educational Instruction and Library,"Administer and maintain libraries or collections of information, for public or private access through reference or borrowing. Work in a variety of settings, such as educational institutions, museums, and corporations, and with various types of informational materials, such as books, periodicals, recordings, films, and databases. Tasks may include acquiring, cataloging, and circulating library materials, and user services such as locating and organizing information, providing instruction on how to access information, and setting up and operating a library's media equipment.",,,,,,Education,Experience Requirements,Training & Credentials,64320,,Bright Outlook,92%,,,"Conventional— Work involves following procedures and regulations to organize information or data, typically in a business setting. Conventional occupations are often associated with office work, accounting, mathematics/statistics, information technology, finance, or human resources.Related occupations; Social— Work involves helping, teaching, advising, assisting, or providing service to others. Social occupations are often associated with social, health care, personal service, teaching/education, or religious activities.Related occupations; Investigative— Work involves studying and researching non-living objects, living organisms, disease or other forms of impairment, or human behavior. Investigative occupations are often associated with physical, life, medical, or social sciences, and can be found in the fields of humanities, mathematics/statistics, information technology, or health care service.Related occupations","Relationships— Occupations that satisfy this work value allow employees to provide service to others and work with co-workers in a friendly non-competitive environment. Corresponding needs are Co-workers, Moral Values and Social Service.Related occupations; Working Conditions— Occupations that satisfy this work value offer job security and good working conditions. Corresponding needs are Activity, Compensation, Independence, Security, Variety and Working Conditions.Related occupations; Independence— Occupations that satisfy this work value allow employees to work on their own and make decisions. Corresponding needs are Creativity, Responsibility and Autonomy.Related occupations",,https://www.onetonline.org/link/summary/25-4022.00,2025-09-08
27-1014.00,Special Effects Artists and Animators,"Arts, Design, Entertainment, Sports, and Media","Create special effects or animations using film, video, computers, or other electronic tools and media for use in products, such as computer games, movies, music videos, and commercials.",,,,,,Education,Experience Requirements,Training & Credentials,99800,,Bright Outlook,100%,,,"Artistic— Work involves creating original visual artwork, performances, written works, food, or music for a variety of media, or applying artistic principles to the design of various objects and materials. Artistic occupations are often associated with visual arts, applied arts and design, performing arts, music, creative writing, media, or culinary art.Related occupations; Realistic— Work involves designing, building, or repairing of equipment, materials, or structures, engaging in physical activity, or working outdoors. Realistic occupations are often associated with engineering, mechanics and electronics, construction, woodworking, transportation, machine operation, agriculture, animal services, physical or manual labor, athletics, or protective services.Related occupations","Independence— Occupations that satisfy this work value allow employees to work on their own and make decisions. Corresponding needs are Creativity, Responsibility and Autonomy.Related occupations; Achievement— Occupations that satisfy this work value are results oriented and allow employees to use their strongest abilities, giving them a feeling of accomplishment. Corresponding needs are Ability Utilization and Achievement.Related occupations; Working Conditions— Occupations that satisfy this work value offer job security and good working conditions. Corresponding needs are Activity, Compensation, Independence, Security, Variety and Working Conditions.Related occupations",,https://www.onetonline.org/link/summary/27-1014.00,2025-09-08
25-9031.00,Instructional Coordinators,Educational Instruction and Library,"Develop instructional material, coordinate educational content, and incorporate current technology into instruction in order to provide guidelines to educators and instructors for developing curricula and conducting courses. May train and coach teachers. Includes educational consultants and specialists, and instructional material directors.",,,,,,Education,Experience Requirements,Training & Credentials,74720,,Bright Outlook,100%,,,"Social— Work involves helping, teaching, advising, assisting, or providing service to others. Social occupations are often associated with social, health care, personal service, teaching/education, or religious activities.Related occupations; Enterprising— Work involves managing, negotiating, marketing, or selling, typically in a business setting, or leading or advising people in political and legal situations. Enterprising occupations are often associated with business initiatives, sales, marketing/advertising, finance, management/administration, professional advising, public speaking, politics, or law.Related occupations; Conventional— Work involves following procedures and regulations to organize information or data, typically in a business setting. Conventional occupations are often associated with office work, accounting, mathematics/statistics, information technology, finance, or human resources.Related occupations; Investigative— Work involves studying and researching non-living objects, living organisms, disease or other forms of impairment, or human behavior. Investigative occupations are often associated with physical, life, medical, or social sciences, and can be found in the fields of humanities, mathematics/statistics, information technology, or health care service.Related occupations","Relationships— Occupations that satisfy this work value allow employees to provide service to others and work with co-workers in a friendly non-competitive environment. Corresponding needs are Co-workers, Moral Values and Social Service.Related occupations; Independence— Occupations that satisfy this work value allow employees to work on their own and make decisions. Corresponding needs are Creativity, Responsibility and Autonomy.Related occupations; Achievement— Occupations that satisfy this work value are results oriented and allow employees to use their strongest abilities, giving them a feeling of accomplishment. Corresponding needs are Ability Utilization and Achievement.Related occupations",,https://www.onetonline.org/link/summary/25-9031.00,2025-09-08
15-1212.00,Information Security Analysts,Computer and Mathematical,"Plan, implement, upgrade, or monitor security measures for the protection of computer networks and information. Assess system vulnerabilities for security risks and propose and implement risk mitigation strategies. May ensure appropriate security controls are in place that will safeguard digital files and vital electronic infrastructure. May respond to computer security breaches and viruses.",,,,,,Education,Experience Requirements,Training & Credentials,124910,,Bright Outlook,98%,,,"Conventional— Work involves following procedures and regulations to organize information or data, typically in a business setting. Conventional occupations are often associated with office work, accounting, mathematics/statistics, information technology, finance, or human resources.Related occupations; Investigative— Work involves studying and researching non-living objects, living organisms, disease or other forms of impairment, or human behavior. Investigative occupations are often associated with physical, life, medical, or social sciences, and can be found in the fields of humanities, mathematics/statistics, information technology, or health care service.Related occupations","Working Conditions— Occupations that satisfy this work value offer job security and good working conditions. Corresponding needs are Activity, Compensation, Independence, Security, Variety and Working Conditions.Related occupations; Independence— Occupations that satisfy this work value allow employees to work on their own and make decisions. Corresponding needs are Creativity, Responsibility and Autonomy.Related occupations; Support— Occupations that satisfy this work value offer supportive management that stands behind employees. Corresponding needs are Company Policies, Supervision: Human Relations and Supervision: Technical.Related occupations",,https://www.onetonline.org/link/summary/15-1212.00,2025-09-08
27-4021.00,Photographers,"Arts, Design, Entertainment, Sports, and Media","Photograph people, landscapes, merchandise, or other subjects. May use lighting equipment to enhance a subject's appearance. May use editing software to produce finished images and prints. Includes commercial and industrial photographers, scientific photographers, and photojournalists.",,,,,,Education,Experience Requirements,Training & Credentials,42520,,Bright Outlook,95%,,,"Realistic— Work involves designing, building, or repairing of equipment, materials, or structures, engaging in physical activity, or working outdoors. Realistic occupations are often associated with engineering, mechanics and electronics, construction, woodworking, transportation, machine operation, agriculture, animal services, physical or manual labor, athletics, or protective services.Related occupations; Artistic— Work involves creating original visual artwork, performances, written works, food, or music for a variety of media, or applying artistic principles to the design of various objects and materials. Artistic occupations are often associated with visual arts, applied arts and design, performing arts, music, creative writing, media, or culinary art.Related occupations","Independence— Occupations that satisfy this work value allow employees to work on their own and make decisions. Corresponding needs are Creativity, Responsibility and Autonomy.Related occupations; Relationships— Occupations that satisfy this work value allow employees to provide service to others and work with co-workers in a friendly non-competitive environment. Corresponding needs are Co-workers, Moral Values and Social Service.Related occupations; Achievement— Occupations that satisfy this work value are results oriented and allow employees to use their strongest abilities, giving them a feeling of accomplishment. Corresponding needs are Ability Utilization and Achievement.Related occupations",,https://www.onetonline.org/link/summary/27-4021.00,2025-09-08
27-1021.00,Commercial and Industrial Designers,"Arts, Design, Entertainment, Sports, and Media","Design and develop manufactured products, such as cars, home appliances, and children's toys. Combine artistic talent with research on product use, marketing, and materials to create the most functional and appealing product design.",,,,,,Education,Experience Requirements,Training & Credentials,79450,,Bright Outlook,100%,,,"Artistic— Work involves creating original visual artwork, performances, written works, food, or music for a variety of media, or applying artistic principles to the design of various objects and materials. Artistic occupations are often associated with visual arts, applied arts and design, performing arts, music, creative writing, media, or culinary art.Related occupations; Realistic— Work involves designing, building, or repairing of equipment, materials, or structures, engaging in physical activity, or working outdoors. Realistic occupations are often associated with engineering, mechanics and electronics, construction, woodworking, transportation, machine operation, agriculture, animal services, physical or manual labor, athletics, or protective services.Related occupations; Investigative— Work involves studying and researching non-living objects, living organisms, disease or other forms of impairment, or human behavior. Investigative occupations are often associated with physical, life, medical, or social sciences, and can be found in the fields of humanities, mathematics/statistics, information technology, or health care service.Related occupations","Achievement— Occupations that satisfy this work value are results oriented and allow employees to use their strongest abilities, giving them a feeling of accomplishment. Corresponding needs are Ability Utilization and Achievement.Related occupations; Relationships— Occupations that satisfy this work value allow employees to provide service to others and work with co-workers in a friendly non-competitive environment. Corresponding needs are Co-workers, Moral Values and Social Service.Related occupations; Independence— Occupations that satisfy this work value allow employees to work on their own and make decisions. Corresponding needs are Creativity, Responsibility and Autonomy.Related occupations",,https://www.onetonline.org/link/summary/27-1021.00,2025-09-08
13-1071.00,Human Resources Specialists,Business and Financial Operations,"Recruit, screen, interview, or place individuals within an organization. May perform other activities in multiple human resources areas.",,,,,,Education,Experience Requirements,Training & Credentials,72910,,Bright Outlook,100%,,,"Enterprising— Work involves managing, negotiating, marketing, or selling, typically in a business setting, or leading or advising people in political and legal situations. Enterprising occupations are often associated with business initiatives, sales, marketing/advertising, finance, management/administration, professional advising, public speaking, politics, or law.Related occupations; Conventional— Work involves following procedures and regulations to organize information or data, typically in a business setting. Conventional occupations are often associated with office work, accounting, mathematics/statistics, information technology, finance, or human resources.Related occupations; Social— Work involves helping, teaching, advising, assisting, or providing service to others. Social occupations are often associated with social, health care, personal service, teaching/education, or religious activities.Related occupations","Relationships— Occupations that satisfy this work value allow employees to provide service to others and work with co-workers in a friendly non-competitive environment. Corresponding needs are Co-workers, Moral Values and Social Service.Related occupations; Support— Occupations that satisfy this work value offer supportive management that stands behind employees. Corresponding needs are Company Policies, Supervision: Human Relations and Supervision: Technical.Related occupations; Achievement— Occupations that satisfy this work value are results oriented and allow employees to use their strongest abilities, giving them a feeling of accomplishment. Corresponding needs are Ability Utilization and Achievement.Related occupations",,https://www.onetonline.org/link/summary/13-1071.00,2025-09-08
19-4099.03,Remote Sensing Technicians,"Life, Physical, and Social Science","Apply remote sensing technologies to assist scientists in areas such as natural resources, urban planning, or homeland security. May prepare flight plans or sensor configurations for flight trips.",,,,,,Education,Experience Requirements,Training & Credentials,60130,,Bright Outlook,88%,,,"Realistic— Work involves designing, building, or repairing of equipment, materials, or structures, engaging in physical activity, or working outdoors. Realistic occupations are often associated with engineering, mechanics and electronics, construction, woodworking, transportation, machine operation, agriculture, animal services, physical or manual labor, athletics, or protective services.Related occupations; Conventional— Work involves following procedures and regulations to organize information or data, typically in a business setting. Conventional occupations are often associated with office work, accounting, mathematics/statistics, information technology, finance, or human resources.Related occupations; Investigative— Work involves studying and researching non-living objects, living organisms, disease or other forms of impairment, or human behavior. Investigative occupations are often associated with physical, life, medical, or social sciences, and can be found in the fields of humanities, mathematics/statistics, information technology, or health care service.Related occupations","Support— Occupations that satisfy this work value offer supportive management that stands behind employees. Corresponding needs are Company Policies, Supervision: Human Relations and Supervision: Technical.Related occupations; Working Conditions— Occupations that satisfy this work value offer job security and good working conditions. Corresponding needs are Activity, Compensation, Independence, Security, Variety and Working Conditions.Related occupations; Achievement— Occupations that satisfy this work value are results oriented and allow employees to use their strongest abilities, giving them a feeling of accomplishment. Corresponding needs are Ability Utilization and Achievement.Related occupations",,https://www.onetonline.org/link/summary/19-4099.03,2025-09-08
19-2042.00,"Geoscientists, Except Hydrologists and Geographers","Life, Physical, and Social Science","Study the composition, structure, and other physical aspects of the Earth. May use geological, physics, and mathematics knowledge in exploration for oil, gas, minerals, or underground water; or in waste disposal, land reclamation, or other environmental problems. May study the Earth's internal composition, atmospheres, and oceans, and its magnetic, electrical, and gravitational forces. Includes mineralogists, paleontologists, stratigraphers, geodesists, and seismologists.",,,,,,Education,Experience Requirements,Training & Credentials,99240,,Bright Outlook,88%,,,"Investigative— Work involves studying and researching non-living objects, living organisms, disease or other forms of impairment, or human behavior. Investigative occupations are often associated with physical, life, medical, or social sciences, and can be found in the fields of humanities, mathematics/statistics, information technology, or health care service.Related occupations; Realistic— Work involves designing, building, or repairing of equipment, materials, or structures, engaging in physical activity, or working outdoors. Realistic occupations are often associated with engineering, mechanics and electronics, construction, woodworking, transportation, machine operation, agriculture, animal services, physical or manual labor, athletics, or protective services.Related occupations; Conventional— Work involves following procedures and regulations to organize information or data, typically in a business setting. Conventional occupations are often associated with office work, accounting, mathematics/statistics, information technology, finance, or human resources.Related occupations","Independence— Occupations that satisfy this work value allow employees to work on their own and make decisions. Corresponding needs are Creativity, Responsibility and Autonomy.Related occupations; Achievement— Occupations that satisfy this work value are results oriented and allow employees to use their strongest abilities, giving them a feeling of accomplishment. Corresponding needs are Ability Utilization and Achievement.Related occupations; Recognition— Occupations that satisfy this work value offer advancement, potential for leadership, and are often considered prestigious. Corresponding needs are Advancement, Authority, Recognition and Social Status.Related occupations",,https://www.onetonline.org/link/summary/19-2042.00,2025-09-08
21-1015.00,Rehabilitation Counselors,Community and Social Service,"Counsel individuals to maximize the independence and employability of persons coping with personal, social, and vocational difficulties that result from birth defects, illness, disease, accidents, aging, or the stress of daily life. Coordinate activities for residents of care and treatment facilities. Assess client needs and design and implement rehabilitation programs that may include personal and vocational counseling, training, and job placement.",,,,,,Education,Experience Requirements,"Counsel individuals to maximize the independence and employability of persons coping with personal, social, and vocational difficulties that result from birth defects, illness, disease, accidents, aging, or the stress of daily life. Coordinate activities for residents of care and treatment facilities. Assess client needs and design and implement rehabilitation programs that may include personal and vocational counseling, training, and job placement.",46110,,Bright Outlook,94%,,,"Social— Work involves helping, teaching, advising, assisting, or providing service to others. Social occupations are often associated with social, health care, personal service, teaching/education, or religious activities.Related occupations","Relationships— Occupations that satisfy this work value allow employees to provide service to others and work with co-workers in a friendly non-competitive environment. Corresponding needs are Co-workers, Moral Values and Social Service.Related occupations; Achievement— Occupations that satisfy this work value are results oriented and allow employees to use their strongest abilities, giving them a feeling of accomplishment. Corresponding needs are Ability Utilization and Achievement.Related occupations; Support— Occupations that satisfy this work value offer supportive management that stands behind employees. Corresponding needs are Company Policies, Supervision: Human Relations and Supervision: Technical.Related occupations",,https://www.onetonline.org/link/summary/21-1015.00,2025-09-08
33-3021.06,Intelligence Analysts,Protective Service,"Gather, analyze, or evaluate information from a variety of sources, such as law enforcement databases, surveillance, intelligence networks or geographic information systems. Use intelligence data to anticipate and prevent organized crime activities, such as terrorism.",,,,,,Education,Experience Requirements,Training & Credentials,93580,,Bright Outlook,100%,,,"Investigative— Work involves studying and researching non-living objects, living organisms, disease or other forms of impairment, or human behavior. Investigative occupations are often associated with physical, life, medical, or social sciences, and can be found in the fields of humanities, mathematics/statistics, information technology, or health care service.Related occupations; Conventional— Work involves following procedures and regulations to organize information or data, typically in a business setting. Conventional occupations are often associated with office work, accounting, mathematics/statistics, information technology, finance, or human resources.Related occupations","Achievement— Occupations that satisfy this work value are results oriented and allow employees to use their strongest abilities, giving them a feeling of accomplishment. Corresponding needs are Ability Utilization and Achievement.Related occupations; Working Conditions— Occupations that satisfy this work value offer job security and good working conditions. Corresponding needs are Activity, Compensation, Independence, Security, Variety and Working Conditions.Related occupations; Recognition— Occupations that satisfy this work value offer advancement, potential for leadership, and are often considered prestigious. Corresponding needs are Advancement, Authority, Recognition and Social Status.Related occupations",,https://www.onetonline.org/link/summary/33-3021.06,2025-09-08
11-3131.00,Training and Development Managers,Management,"Plan, direct, or coordinate the training and development activities and staff of an organization.",,,,,,Education,Experience Requirements,11-3131.00 - Training and Development Managers,127090,,Bright Outlook,93%,,,"Enterprising— Work involves managing, negotiating, marketing, or selling, typically in a business setting, or leading or advising people in political and legal situations. Enterprising occupations are often associated with business initiatives, sales, marketing/advertising, finance, management/administration, professional advising, public speaking, politics, or law.Related occupations; Social— Work involves helping, teaching, advising, assisting, or providing service to others. Social occupations are often associated with social, health care, personal service, teaching/education, or religious activities.Related occupations","Relationships— Occupations that satisfy this work value allow employees to provide service to others and work with co-workers in a friendly non-competitive environment. Corresponding needs are Co-workers, Moral Values and Social Service.Related occupations; Working Conditions— Occupations that satisfy this work value offer job security and good working conditions. Corresponding needs are Activity, Compensation, Independence, Security, Variety and Working Conditions.Related occupations; Achievement— Occupations that satisfy this work value are results oriented and allow employees to use their strongest abilities, giving them a feeling of accomplishment. Corresponding needs are Ability Utilization and Achievement.Related occupations",,https://www.onetonline.org/link/summary/11-3131.00,2025-09-08
15-2051.01,Business Intelligence Analysts,Computer and Mathematical,Produce financial and market intelligence by querying data repositories and generating periodic reports. Devise methods for identifying data patterns and trends in available information sources.,,,,,,Education,Experience Requirements,Training & Credentials,112590,,Bright Outlook,95%,,,"Conventional— Work involves following procedures and regulations to organize information or data, typically in a business setting. Conventional occupations are often associated with office work, accounting, mathematics/statistics, information technology, finance, or human resources.Related occupations; Investigative— Work involves studying and researching non-living objects, living organisms, disease or other forms of impairment, or human behavior. Investigative occupations are often associated with physical, life, medical, or social sciences, and can be found in the fields of humanities, mathematics/statistics, information technology, or health care service.Related occupations; Enterprising— Work involves managing, negotiating, marketing, or selling, typically in a business setting, or leading or advising people in political and legal situations. Enterprising occupations are often associated with business initiatives, sales, marketing/advertising, finance, management/administration, professional advising, public speaking, politics, or law.Related occupations","Achievement— Occupations that satisfy this work value are results oriented and allow employees to use their strongest abilities, giving them a feeling of accomplishment. Corresponding needs are Ability Utilization and Achievement.Related occupations; Working Conditions— Occupations that satisfy this work value offer job security and good working conditions. Corresponding needs are Activity, Compensation, Independence, Security, Variety and Working Conditions.Related occupations; Recognition— Occupations that satisfy this work value offer advancement, potential for leadership, and are often considered prestigious. Corresponding needs are Advancement, Authority, Recognition and Social Status.Related occupations",,https://www.onetonline.org/link/summary/15-2051.01,2025-09-08
17-3023.00,Electrical and Electronic Engineering Technologists and Technicians,Architecture and Engineering,"Apply electrical and electronic theory and related knowledge, usually under the direction of engineering staff, to design, build, repair, adjust, and modify electrical components, circuitry, controls, and machinery for subsequent evaluation and use by engineering staff in making engineering design decisions.",,,,,,Education,Experience Requirements,Training & Credentials,77180,,Bright Outlook,3%,,,"Realistic— Work involves designing, building, or repairing of equipment, materials, or structures, engaging in physical activity, or working outdoors. Realistic occupations are often associated with engineering, mechanics and electronics, construction, woodworking, transportation, machine operation, agriculture, animal services, physical or manual labor, athletics, or protective services.Related occupations; Investigative— Work involves studying and researching non-living objects, living organisms, disease or other forms of impairment, or human behavior. Investigative occupations are often associated with physical, life, medical, or social sciences, and can be found in the fields of humanities, mathematics/statistics, information technology, or health care service.Related occupations; Conventional— Work involves following procedures and regulations to organize information or data, typically in a business setting. Conventional occupations are often associated with office work, accounting, mathematics/statistics, information technology, finance, or human resources.Related occupations","Support— Occupations that satisfy this work value offer supportive management that stands behind employees. Corresponding needs are Company Policies, Supervision: Human Relations and Supervision: Technical.Related occupations; Working Conditions— Occupations that satisfy this work value offer job security and good working conditions. Corresponding needs are Activity, Compensation, Independence, Security, Variety and Working Conditions.Related occupations; Independence— Occupations that satisfy this work value allow employees to work on their own and make decisions. Corresponding needs are Creativity, Responsibility and Autonomy.Related occupations",,https://www.onetonline.org/link/summary/17-3023.00,2025-09-08
17-2199.05,Mechatronics Engineers,Architecture and Engineering,"Research, design, develop, or test automation, intelligent systems, smart devices, or industrial systems control.",,,,,,Education,Experience Requirements,Training & Credentials,117750,,Bright Outlook,90%,,,"Realistic— Work involves designing, building, or repairing of equipment, materials, or structures, engaging in physical activity, or working outdoors. Realistic occupations are often associated with engineering, mechanics and electronics, construction, woodworking, transportation, machine operation, agriculture, animal services, physical or manual labor, athletics, or protective services.Related occupations; Investigative— Work involves studying and researching non-living objects, living organisms, disease or other forms of impairment, or human behavior. Investigative occupations are often associated with physical, life, medical, or social sciences, and can be found in the fields of humanities, mathematics/statistics, information technology, or health care service.Related occupations; Conventional— Work involves following procedures and regulations to organize information or data, typically in a business setting. Conventional occupations are often associated with office work, accounting, mathematics/statistics, information technology, finance, or human resources.Related occupations","Achievement— Occupations that satisfy this work value are results oriented and allow employees to use their strongest abilities, giving them a feeling of accomplishment. Corresponding needs are Ability Utilization and Achievement.Related occupations; Recognition— Occupations that satisfy this work value offer advancement, potential for leadership, and are often considered prestigious. Corresponding needs are Advancement, Authority, Recognition and Social Status.Related occupations; Independence— Occupations that satisfy this work value allow employees to work on their own and make decisions. Corresponding needs are Creativity, Responsibility and Autonomy.Related occupations",,https://www.onetonline.org/link/summary/17-2199.05,2025-09-08
17-2199.07,Photonics Engineers,Architecture and Engineering,"Design technologies specializing in light information or light energy, such as laser or fiber optics technology.",,,,,,Education,Experience Requirements,Training & Credentials,117750,,Bright Outlook,96%,,,"Investigative— Work involves studying and researching non-living objects, living organisms, disease or other forms of impairment, or human behavior. Investigative occupations are often associated with physical, life, medical, or social sciences, and can be found in the fields of humanities, mathematics/statistics, information technology, or health care service.Related occupations; Realistic— Work involves designing, building, or repairing of equipment, materials, or structures, engaging in physical activity, or working outdoors. Realistic occupations are often associated with engineering, mechanics and electronics, construction, woodworking, transportation, machine operation, agriculture, animal services, physical or manual labor, athletics, or protective services.Related occupations; Conventional— Work involves following procedures and regulations to organize information or data, typically in a business setting. Conventional occupations are often associated with office work, accounting, mathematics/statistics, information technology, finance, or human resources.Related occupations","Achievement— Occupations that satisfy this work value are results oriented and allow employees to use their strongest abilities, giving them a feeling of accomplishment. Corresponding needs are Ability Utilization and Achievement.Related occupations; Independence— Occupations that satisfy this work value allow employees to work on their own and make decisions. Corresponding needs are Creativity, Responsibility and Autonomy.Related occupations; Working Conditions— Occupations that satisfy this work value offer job security and good working conditions. Corresponding needs are Activity, Compensation, Independence, Security, Variety and Working Conditions.Related occupations",,https://www.onetonline.org/link/summary/17-2199.07,2025-09-08
19-4013.00,Food Science Technicians,"Life, Physical, and Social Science","Work with food scientists or technologists to perform standardized qualitative and quantitative tests to determine physical or chemical properties of food or beverage products. Includes technicians who assist in research and development of production technology, quality control, packaging, processing, and use of foods.",,,,,,Education,Experience Requirements,Training & Credentials,49430,,Bright Outlook,93%,,,"Realistic— Work involves designing, building, or repairing of equipment, materials, or structures, engaging in physical activity, or working outdoors. Realistic occupations are often associated with engineering, mechanics and electronics, construction, woodworking, transportation, machine operation, agriculture, animal services, physical or manual labor, athletics, or protective services.Related occupations; Conventional— Work involves following procedures and regulations to organize information or data, typically in a business setting. Conventional occupations are often associated with office work, accounting, mathematics/statistics, information technology, finance, or human resources.Related occupations; Investigative— Work involves studying and researching non-living objects, living organisms, disease or other forms of impairment, or human behavior. Investigative occupations are often associated with physical, life, medical, or social sciences, and can be found in the fields of humanities, mathematics/statistics, information technology, or health care service.Related occupations","Support— Occupations that satisfy this work value offer supportive management that stands behind employees. Corresponding needs are Company Policies, Supervision: Human Relations and Supervision: Technical.Related occupations; Relationships— Occupations that satisfy this work value allow employees to provide service to others and work with co-workers in a friendly non-competitive environment. Corresponding needs are Co-workers, Moral Values and Social Service.Related occupations; Achievement— Occupations that satisfy this work value are results oriented and allow employees to use their strongest abilities, giving them a feeling of accomplishment. Corresponding needs are Ability Utilization and Achievement.Related occupations",,https://www.onetonline.org/link/summary/19-4013.00,2025-09-08
21-1012.00,"Educational, Guidance, and Career Counselors and Advisors",Community and Social Service,Advise and assist students and provide educational and vocational guidance services.,,,,,,"21-1012.00 - Educational, Guidance, and Career Counselors and Advisors",Experience Requirements,Training & Credentials,65140,,Bright Outlook,98%,,,"Social— Work involves helping, teaching, advising, assisting, or providing service to others. Social occupations are often associated with social, health care, personal service, teaching/education, or religious activities.Related occupations; Enterprising— Work involves managing, negotiating, marketing, or selling, typically in a business setting, or leading or advising people in political and legal situations. Enterprising occupations are often associated with business initiatives, sales, marketing/advertising, finance, management/administration, professional advising, public speaking, politics, or law.Related occupations","Relationships— Occupations that satisfy this work value allow employees to provide service to others and work with co-workers in a friendly non-competitive environment. Corresponding needs are Co-workers, Moral Values and Social Service.Related occupations; Achievement— Occupations that satisfy this work value are results oriented and allow employees to use their strongest abilities, giving them a feeling of accomplishment. Corresponding needs are Ability Utilization and Achievement.Related occupations; Working Conditions— Occupations that satisfy this work value offer job security and good working conditions. Corresponding needs are Activity, Compensation, Independence, Security, Variety and Working Conditions.Related occupations",,https://www.onetonline.org/link/summary/21-1012.00,2025-09-08
27-3042.00,Technical Writers,"Arts, Design, Entertainment, Sports, and Media","Write technical materials, such as equipment manuals, appendices, or operating and maintenance instructions. May assist in layout work.",,,,,,Education,Experience Requirements,Training & Credentials,91670,,Bright Outlook,74%,,,"Conventional— Work involves following procedures and regulations to organize information or data, typically in a business setting. Conventional occupations are often associated with office work, accounting, mathematics/statistics, information technology, finance, or human resources.Related occupations; Artistic— Work involves creating original visual artwork, performances, written works, food, or music for a variety of media, or applying artistic principles to the design of various objects and materials. Artistic occupations are often associated with visual arts, applied arts and design, performing arts, music, creative writing, media, or culinary art.Related occupations; Investigative— Work involves studying and researching non-living objects, living organisms, disease or other forms of impairment, or human behavior. Investigative occupations are often associated with physical, life, medical, or social sciences, and can be found in the fields of humanities, mathematics/statistics, information technology, or health care service.Related occupations","Independence— Occupations that satisfy this work value allow employees to work on their own and make decisions. Corresponding needs are Creativity, Responsibility and Autonomy.Related occupations; Working Conditions— Occupations that satisfy this work value offer job security and good working conditions. Corresponding needs are Activity, Compensation, Independence, Security, Variety and Working Conditions.Related occupations; Achievement— Occupations that satisfy this work value are results oriented and allow employees to use their strongest abilities, giving them a feeling of accomplishment. Corresponding needs are Ability Utilization and Achievement.Related occupations",,https://www.onetonline.org/link/summary/27-3042.00,2025-09-08
51-4062.00,"Patternmakers, Metal and Plastic",Production,"Lay out, machine, fit, and assemble castings and parts to metal or plastic foundry patterns, core boxes, or match plates.",,Computer aided design CAD software— 3D Systems Geomagic Design X; Autodesk AutoCADRelated occupations; Computer aided manufacturing CAM software— Delcam PowerMILL; Mastercam computer-aided design and manufacturing softwareRelated occupations; Electronic mail software— Microsoft OutlookRelated occupations; Spreadsheet software— Microsoft ExcelRelated occupations,"Production and Processing— Knowledge of raw materials, production processes, quality control, costs, and other techniques for maximizing the effective manufacture and distribution of goods.Related occupations; Mechanical— Knowledge of machines and tools, including their designs, uses, repair, and maintenance.Related occupations; Mathematics— Knowledge of arithmetic, algebra, geometry, calculus, statistics, and their applications.Related occupations; Design— Knowledge of design techniques, tools, and principles involved in production of precision technical plans, blueprints, drawings, and models.Related occupations; Engineering and Technology— Knowledge of the practical application of engineering science and technology. This includes applying principles, techniques, procedures, and equipment to the design and production of various goods and services.Related occupations",,,Education,Experience Requirements,Training & Credentials,54540,,Bright Outlook,100%,,,"Realistic— Work involves designing, building, or repairing of equipment, materials, or structures, engaging in physical activity, or working outdoors. Realistic occupations are often associated with engineering, mechanics and electronics, construction, woodworking, transportation, machine operation, agriculture, animal services, physical or manual labor, athletics, or protective services.Related occupations; Conventional— Work involves following procedures and regulations to organize information or data, typically in a business setting. Conventional occupations are often associated with office work, accounting, mathematics/statistics, information technology, finance, or human resources.Related occupations; Artistic— Work involves creating original visual artwork, performances, written works, food, or music for a variety of media, or applying artistic principles to the design of various objects and materials. Artistic occupations are often associated with visual arts, applied arts and design, performing arts, music, creative writing, media, or culinary art.Related occupations","Support— Occupations that satisfy this work value offer supportive management that stands behind employees. Corresponding needs are Company Policies, Supervision: Human Relations and Supervision: Technical.Related occupations; Independence— Occupations that satisfy this work value allow employees to work on their own and make decisions. Corresponding needs are Creativity, Responsibility and Autonomy.Related occupations; Relationships— Occupations that satisfy this work value allow employees to provide service to others and work with co-workers in a friendly non-competitive environment. Corresponding needs are Co-workers, Moral Values and Social Service.Related occupations",Computer aided design CAD software— 3D Systems Geomagic Design X; Autodesk AutoCADRelated occupations; Computer aided manufacturing CAM software— Delcam PowerMILL; Mastercam computer-aided design and manufacturing softwareRelated occupations; Electronic mail software— Microsoft OutlookRelated occupations; Spreadsheet software— Microsoft ExcelRelated occupations,https://www.onetonline.org/link/summary/51-4062.00,2025-09-08
13-1199.07,Security Management Specialists,Business and Financial Operations,"Conduct security assessments for organizations, and design security systems and processes. May specialize in areas such as physical security or the safety of employees and facilities.",,,,,,Education,Experience Requirements,Training & Credentials,81270,,Bright Outlook,95%,,,"Conventional— Work involves following procedures and regulations to organize information or data, typically in a business setting. Conventional occupations are often associated with office work, accounting, mathematics/statistics, information technology, finance, or human resources.Related occupations; Investigative— Work involves studying and researching non-living objects, living organisms, disease or other forms of impairment, or human behavior. Investigative occupations are often associated with physical, life, medical, or social sciences, and can be found in the fields of humanities, mathematics/statistics, information technology, or health care service.Related occupations; Realistic— Work involves designing, building, or repairing of equipment, materials, or structures, engaging in physical activity, or working outdoors. Realistic occupations are often associated with engineering, mechanics and electronics, construction, woodworking, transportation, machine operation, agriculture, animal services, physical or manual labor, athletics, or protective services.Related occupations",,,https://www.onetonline.org/link/summary/13-1199.07,2025-09-08
15-2099.01,Bioinformatics Technicians,Computer and Mathematical,"Apply principles and methods of bioinformatics to assist scientists in areas such as pharmaceuticals, medical technology, biotechnology, computational biology, proteomics, computer information science, biology and medical informatics. Apply bioinformatics tools to visualize, analyze, manipulate or interpret molecular data. May build and maintain databases for processing and analyzing genomic or other biological information.",,,"Computers and Electronics— Knowledge of circuit boards, processors, chips, electronic equipment, and computer hardware and software, including applications and programming.Related occupations; Mathematics— Knowledge of arithmetic, algebra, geometry, calculus, statistics, and their applications.Related occupations; English Language— Knowledge of the structure and content of the English language including the meaning and spelling of words, and rules of composition and grammar.Related occupations; Biology— Knowledge of plant and animal organisms, their tissues, cells, functions, interdependencies, and interactions with each other and the environment.Related occupations",,,Education,Experience Requirements,Training & Credentials,71490,,Bright Outlook,87%,,,"Investigative— Work involves studying and researching non-living objects, living organisms, disease or other forms of impairment, or human behavior. Investigative occupations are often associated with physical, life, medical, or social sciences, and can be found in the fields of humanities, mathematics/statistics, information technology, or health care service.Related occupations; Conventional— Work involves following procedures and regulations to organize information or data, typically in a business setting. Conventional occupations are often associated with office work, accounting, mathematics/statistics, information technology, finance, or human resources.Related occupations; Realistic— Work involves designing, building, or repairing of equipment, materials, or structures, engaging in physical activity, or working outdoors. Realistic occupations are often associated with engineering, mechanics and electronics, construction, woodworking, transportation, machine operation, agriculture, animal services, physical or manual labor, athletics, or protective services.Related occupations","Independence— Occupations that satisfy this work value allow employees to work on their own and make decisions. Corresponding needs are Creativity, Responsibility and Autonomy.Related occupations; Support— Occupations that satisfy this work value offer supportive management that stands behind employees. Corresponding needs are Company Policies, Supervision: Human Relations and Supervision: Technical.Related occupations; Working Conditions— Occupations that satisfy this work value offer job security and good working conditions. Corresponding needs are Activity, Compensation, Independence, Security, Variety and Working Conditions.Related occupations",,https://www.onetonline.org/link/summary/15-2099.01,2025-09-08
27-1022.00,Fashion Designers,"Arts, Design, Entertainment, Sports, and Media",Design clothing and accessories. Create original designs or adapt fashion trends.,,,"Design— Knowledge of design techniques, tools, and principles involved in production of precision technical plans, blueprints, drawings, and models.Related occupations; Computers and Electronics— Knowledge of circuit boards, processors, chips, electronic equipment, and computer hardware and software, including applications and programming.Related occupations; Production and Processing— Knowledge of raw materials, production processes, quality control, costs, and other techniques for maximizing the effective manufacture and distribution of goods.Related occupations; Sales and Marketing— Knowledge of principles and methods for showing, promoting, and selling products or services. This includes marketing strategy and tactics, product demonstration, sales techniques, and sales control systems.Related occupations; English Language— Knowledge of the structure and content of the English language including the meaning and spelling of words, and rules of composition and grammar.Related occupations",,,Education,Experience Requirements,Training & Credentials,80690,,Bright Outlook,82%,,,"Artistic— Work involves creating original visual artwork, performances, written works, food, or music for a variety of media, or applying artistic principles to the design of various objects and materials. Artistic occupations are often associated with visual arts, applied arts and design, performing arts, music, creative writing, media, or culinary art.Related occupations; Realistic— Work involves designing, building, or repairing of equipment, materials, or structures, engaging in physical activity, or working outdoors. Realistic occupations are often associated with engineering, mechanics and electronics, construction, woodworking, transportation, machine operation, agriculture, animal services, physical or manual labor, athletics, or protective services.Related occupations; Enterprising— Work involves managing, negotiating, marketing, or selling, typically in a business setting, or leading or advising people in political and legal situations. Enterprising occupations are often associated with business initiatives, sales, marketing/advertising, finance, management/administration, professional advising, public speaking, politics, or law.Related occupations","Achievement— Occupations that satisfy this work value are results oriented and allow employees to use their strongest abilities, giving them a feeling of accomplishment. Corresponding needs are Ability Utilization and Achievement.Related occupations; Independence— Occupations that satisfy this work value allow employees to work on their own and make decisions. Corresponding needs are Creativity, Responsibility and Autonomy.Related occupations; Working Conditions— Occupations that satisfy this work value offer job security and good working conditions. Corresponding needs are Activity, Compensation, Independence, Security, Variety and Working Conditions.Related occupations",,https://www.onetonline.org/link/summary/27-1022.00,2025-09-08
11-9041.01,Biofuels/Biodiesel Technology and Product Development Managers,Management,"Define, plan, or execute biofuels/biodiesel research programs that evaluate alternative feedstock and process technologies with near-term commercial potential.",,,,,,Education,Experience Requirements,Training & Credentials,167740,,Bright Outlook,97%,,,"Investigative— Work involves studying and researching non-living objects, living organisms, disease or other forms of impairment, or human behavior. Investigative occupations are often associated with physical, life, medical, or social sciences, and can be found in the fields of humanities, mathematics/statistics, information technology, or health care service.Related occupations; Enterprising— Work involves managing, negotiating, marketing, or selling, typically in a business setting, or leading or advising people in political and legal situations. Enterprising occupations are often associated with business initiatives, sales, marketing/advertising, finance, management/administration, professional advising, public speaking, politics, or law.Related occupations; Realistic— Work involves designing, building, or repairing of equipment, materials, or structures, engaging in physical activity, or working outdoors. Realistic occupations are often associated with engineering, mechanics and electronics, construction, woodworking, transportation, machine operation, agriculture, animal services, physical or manual labor, athletics, or protective services.Related occupations","Achievement— Occupations that satisfy this work value are results oriented and allow employees to use their strongest abilities, giving them a feeling of accomplishment. Corresponding needs are Ability Utilization and Achievement.Related occupations; Working Conditions— Occupations that satisfy this work value offer job security and good working conditions. Corresponding needs are Activity, Compensation, Independence, Security, Variety and Working Conditions.Related occupations; Independence— Occupations that satisfy this work value allow employees to work on their own and make decisions. Corresponding needs are Creativity, Responsibility and Autonomy.Related occupations",,https://www.onetonline.org/link/summary/11-9041.01,2025-09-08
27-3043.00,Writers and Authors,"Arts, Design, Entertainment, Sports, and Media","Originate and prepare written material, such as scripts, stories, advertisements, and other material.",,,"Sales and Marketing— Knowledge of principles and methods for showing, promoting, and selling products or services. This includes marketing strategy and tactics, product demonstration, sales techniques, and sales control systems.Related occupations; Communications and Media— Knowledge of media production, communication, and dissemination techniques and methods. This includes alternative ways to inform and entertain via written, oral, and visual media.Related occupations; Customer and Personal Service— Knowledge of principles and processes for providing customer and personal services. This includes customer needs assessment, meeting quality standards for services, and evaluation of customer satisfaction.Related occupations; Computers and Electronics— Knowledge of circuit boards, processors, chips, electronic equipment, and computer hardware and software, including applications and programming.Related occupations",,,Education,Experience Requirements,Training & Credentials,72270,,Bright Outlook,100%,,,"Artistic— Work involves creating original visual artwork, performances, written works, food, or music for a variety of media, or applying artistic principles to the design of various objects and materials. Artistic occupations are often associated with visual arts, applied arts and design, performing arts, music, creative writing, media, or culinary art.Related occupations; Enterprising— Work involves managing, negotiating, marketing, or selling, typically in a business setting, or leading or advising people in political and legal situations. Enterprising occupations are often associated with business initiatives, sales, marketing/advertising, finance, management/administration, professional advising, public speaking, politics, or law.Related occupations","Achievement— Occupations that satisfy this work value are results oriented and allow employees to use their strongest abilities, giving them a feeling of accomplishment. Corresponding needs are Ability Utilization and Achievement.Related occupations; Support— Occupations that satisfy this work value offer supportive management that stands behind employees. Corresponding needs are Company Policies, Supervision: Human Relations and Supervision: Technical.Related occupations; Working Conditions— Occupations that satisfy this work value offer job security and good working conditions. Corresponding needs are Activity, Compensation, Independence, Security, Variety and Working Conditions.Related occupations",,https://www.onetonline.org/link/summary/27-3043.00,2025-09-08
13-1081.01,Logistics Engineers,Business and Financial Operations,"Design or analyze operational solutions for projects such as transportation optimization, network modeling, process and methods analysis, cost containment, capacity enhancement, routing and shipment optimization, or information management.",,,,,,Education,Experience Requirements,Training & Credentials,80880,,Bright Outlook,91%,,,"Conventional— Work involves following procedures and regulations to organize information or data, typically in a business setting. Conventional occupations are often associated with office work, accounting, mathematics/statistics, information technology, finance, or human resources.Related occupations; Investigative— Work involves studying and researching non-living objects, living organisms, disease or other forms of impairment, or human behavior. Investigative occupations are often associated with physical, life, medical, or social sciences, and can be found in the fields of humanities, mathematics/statistics, information technology, or health care service.Related occupations; Realistic— Work involves designing, building, or repairing of equipment, materials, or structures, engaging in physical activity, or working outdoors. Realistic occupations are often associated with engineering, mechanics and electronics, construction, woodworking, transportation, machine operation, agriculture, animal services, physical or manual labor, athletics, or protective services.Related occupations","Achievement— Occupations that satisfy this work value are results oriented and allow employees to use their strongest abilities, giving them a feeling of accomplishment. Corresponding needs are Ability Utilization and Achievement.Related occupations; Independence— Occupations that satisfy this work value allow employees to work on their own and make decisions. Corresponding needs are Creativity, Responsibility and Autonomy.Related occupations; Recognition— Occupations that satisfy this work value offer advancement, potential for leadership, and are often considered prestigious. Corresponding needs are Advancement, Authority, Recognition and Social Status.Related occupations",,https://www.onetonline.org/link/summary/13-1081.01,2025-09-08
17-2199.09,Nanosystems Engineers,Architecture and Engineering,"Design, develop, or supervise the production of materials, devices, or systems of unique molecular or macromolecular composition, applying principles of nanoscale physics and electrical, chemical, or biological engineering.",,,,,,Education,Experience Requirements,Training & Credentials,117750,,Bright Outlook,100%,,,"Investigative— Work involves studying and researching non-living objects, living organisms, disease or other forms of impairment, or human behavior. Investigative occupations are often associated with physical, life, medical, or social sciences, and can be found in the fields of humanities, mathematics/statistics, information technology, or health care service.Related occupations; Realistic— Work involves designing, building, or repairing of equipment, materials, or structures, engaging in physical activity, or working outdoors. Realistic occupations are often associated with engineering, mechanics and electronics, construction, woodworking, transportation, machine operation, agriculture, animal services, physical or manual labor, athletics, or protective services.Related occupations; Conventional— Work involves following procedures and regulations to organize information or data, typically in a business setting. Conventional occupations are often associated with office work, accounting, mathematics/statistics, information technology, finance, or human resources.Related occupations","Achievement— Occupations that satisfy this work value are results oriented and allow employees to use their strongest abilities, giving them a feeling of accomplishment. Corresponding needs are Ability Utilization and Achievement.Related occupations; Working Conditions— Occupations that satisfy this work value offer job security and good working conditions. Corresponding needs are Activity, Compensation, Independence, Security, Variety and Working Conditions.Related occupations; Independence— Occupations that satisfy this work value allow employees to work on their own and make decisions. Corresponding needs are Creativity, Responsibility and Autonomy.Related occupations",,https://www.onetonline.org/link/summary/17-2199.09,2025-09-08
19-3093.00,Historians,"Life, Physical, and Social Science","Research, analyze, record, and interpret the past as recorded in sources, such as government and institutional records, newspapers and other periodicals, photographs, interviews, films, electronic media, and unpublished manuscripts, such as personal diaries and letters.",,,,,,Education,Experience Requirements,Training & Credentials,74050,,Bright Outlook,79%,,,"Investigative— Work involves studying and researching non-living objects, living organisms, disease or other forms of impairment, or human behavior. Investigative occupations are often associated with physical, life, medical, or social sciences, and can be found in the fields of humanities, mathematics/statistics, information technology, or health care service.Related occupations; Conventional— Work involves following procedures and regulations to organize information or data, typically in a business setting. Conventional occupations are often associated with office work, accounting, mathematics/statistics, information technology, finance, or human resources.Related occupations","Achievement— Occupations that satisfy this work value are results oriented and allow employees to use their strongest abilities, giving them a feeling of accomplishment. Corresponding needs are Ability Utilization and Achievement.Related occupations; Independence— Occupations that satisfy this work value allow employees to work on their own and make decisions. Corresponding needs are Creativity, Responsibility and Autonomy.Related occupations; Recognition— Occupations that satisfy this work value offer advancement, potential for leadership, and are often considered prestigious. Corresponding needs are Advancement, Authority, Recognition and Social Status.Related occupations",,https://www.onetonline.org/link/summary/19-3093.00,2025-09-08
15-2051.02,Clinical Data Managers,Computer and Mathematical,"Apply knowledge of health care and database management to analyze clinical data, and to identify and report trends.",,,"English Language— Knowledge of the structure and content of the English language including the meaning and spelling of words, and rules of composition and grammar.Related occupations; Computers and Electronics— Knowledge of circuit boards, processors, chips, electronic equipment, and computer hardware and software, including applications and programming.Related occupations; Customer and Personal Service— Knowledge of principles and processes for providing customer and personal services. This includes customer needs assessment, meeting quality standards for services, and evaluation of customer satisfaction.Related occupations; Mathematics— Knowledge of arithmetic, algebra, geometry, calculus, statistics, and their applications.Related occupations; Medicine and Dentistry— Knowledge of the information and techniques needed to diagnose and treat human injuries, diseases, and deformities. This includes symptoms, treatment alternatives, drug properties and interactions, and preventive health-care measures.Related occupations",,,Education,Experience Requirements,Training & Credentials,112590,,Bright Outlook,100%,,,"Conventional— Work involves following procedures and regulations to organize information or data, typically in a business setting. Conventional occupations are often associated with office work, accounting, mathematics/statistics, information technology, finance, or human resources.Related occupations; Investigative— Work involves studying and researching non-living objects, living organisms, disease or other forms of impairment, or human behavior. Investigative occupations are often associated with physical, life, medical, or social sciences, and can be found in the fields of humanities, mathematics/statistics, information technology, or health care service.Related occupations","Achievement— Occupations that satisfy this work value are results oriented and allow employees to use their strongest abilities, giving them a feeling of accomplishment. Corresponding needs are Ability Utilization and Achievement.Related occupations; Support— Occupations that satisfy this work value offer supportive management that stands behind employees. Corresponding needs are Company Policies, Supervision: Human Relations and Supervision: Technical.Related occupations; Independence— Occupations that satisfy this work value allow employees to work on their own and make decisions. Corresponding needs are Creativity, Responsibility and Autonomy.Related occupations",,https://www.onetonline.org/link/summary/15-2051.02,2025-09-08
11-2022.00,Sales Managers,Management,"Plan, direct, or coordinate the actual distribution or movement of a product or service to the customer. Coordinate sales distribution by establishing sales territories, quotas, and goals and establish training programs for sales representatives. Analyze sales statistics gathered by staff to determine sales potential and inventory requirements and monitor the preferences of customers.",,,,,,Education,Experience Requirements,"Plan, direct, or coordinate the actual distribution or movement of a product or service to the customer. Coordinate sales distribution by establishing sales territories, quotas, and goals and establish training programs for sales representatives. Analyze sales statistics gathered by staff to determine sales potential and inventory requirements and monitor the preferences of customers.",138060,,Bright Outlook,100%,,,"Enterprising— Work involves managing, negotiating, marketing, or selling, typically in a business setting, or leading or advising people in political and legal situations. Enterprising occupations are often associated with business initiatives, sales, marketing/advertising, finance, management/administration, professional advising, public speaking, politics, or law.Related occupations; Conventional— Work involves following procedures and regulations to organize information or data, typically in a business setting. Conventional occupations are often associated with office work, accounting, mathematics/statistics, information technology, finance, or human resources.Related occupations","Independence— Occupations that satisfy this work value allow employees to work on their own and make decisions. Corresponding needs are Creativity, Responsibility and Autonomy.Related occupations; Working Conditions— Occupations that satisfy this work value offer job security and good working conditions. Corresponding needs are Activity, Compensation, Independence, Security, Variety and Working Conditions.Related occupations; Achievement— Occupations that satisfy this work value are results oriented and allow employees to use their strongest abilities, giving them a feeling of accomplishment. Corresponding needs are Ability Utilization and Achievement.Related occupations",,https://www.onetonline.org/link/summary/11-2022.00,2025-09-08
11-9141.00,"Property, Real Estate, and Community Association Managers",Management,"Plan, direct, or coordinate the selling, buying, leasing, or governance activities of commercial, industrial, or residential real estate properties. Includes managers of homeowner and condominium associations, rented or leased housing units, buildings, or land (including rights-of-way).",,,,,,Education,Experience Requirements,Training & Credentials,66700,,Bright Outlook,95%,,,"Enterprising— Work involves managing, negotiating, marketing, or selling, typically in a business setting, or leading or advising people in political and legal situations. Enterprising occupations are often associated with business initiatives, sales, marketing/advertising, finance, management/administration, professional advising, public speaking, politics, or law.Related occupations; Conventional— Work involves following procedures and regulations to organize information or data, typically in a business setting. Conventional occupations are often associated with office work, accounting, mathematics/statistics, information technology, finance, or human resources.Related occupations","Independence— Occupations that satisfy this work value allow employees to work on their own and make decisions. Corresponding needs are Creativity, Responsibility and Autonomy.Related occupations; Achievement— Occupations that satisfy this work value are results oriented and allow employees to use their strongest abilities, giving them a feeling of accomplishment. Corresponding needs are Ability Utilization and Achievement.Related occupations; Working Conditions— Occupations that satisfy this work value offer job security and good working conditions. Corresponding needs are Activity, Compensation, Independence, Security, Variety and Working Conditions.Related occupations",,https://www.onetonline.org/link/summary/11-9141.00,2025-09-08
13-2099.01,Financial Quantitative Analysts,Business and Financial Operations,"Develop quantitative techniques to inform securities investing, equities investing, pricing, or valuation of financial instruments. Develop mathematical or statistical models for risk management, asset optimization, pricing, or relative value analysis.",,,"Mathematics— Knowledge of arithmetic, algebra, geometry, calculus, statistics, and their applications.Related occupations; Economics and Accounting— Knowledge of economic and accounting principles and practices, the financial markets, banking, and the analysis and reporting of financial data.Related occupations; Computers and Electronics— Knowledge of circuit boards, processors, chips, electronic equipment, and computer hardware and software, including applications and programming.Related occupations; English Language— Knowledge of the structure and content of the English language including the meaning and spelling of words, and rules of composition and grammar.Related occupations",,,Education,Experience Requirements,Training & Credentials,80190,,Bright Outlook,95%,,,"Investigative— Work involves studying and researching non-living objects, living organisms, disease or other forms of impairment, or human behavior. Investigative occupations are often associated with physical, life, medical, or social sciences, and can be found in the fields of humanities, mathematics/statistics, information technology, or health care service.Related occupations; Conventional— Work involves following procedures and regulations to organize information or data, typically in a business setting. Conventional occupations are often associated with office work, accounting, mathematics/statistics, information technology, finance, or human resources.Related occupations","Independence— Occupations that satisfy this work value allow employees to work on their own and make decisions. Corresponding needs are Creativity, Responsibility and Autonomy.Related occupations; Achievement— Occupations that satisfy this work value are results oriented and allow employees to use their strongest abilities, giving them a feeling of accomplishment. Corresponding needs are Ability Utilization and Achievement.Related occupations; Recognition— Occupations that satisfy this work value offer advancement, potential for leadership, and are often considered prestigious. Corresponding needs are Advancement, Authority, Recognition and Social Status.Related occupations",,https://www.onetonline.org/link/summary/13-2099.01,2025-09-08
19-3011.00,Economists,"Life, Physical, and Social Science","Conduct research, prepare reports, or formulate plans to address economic problems related to the production and distribution of goods and services or monetary and fiscal policy. May collect and process economic and statistical data using sampling techniques and econometric methods.",,,"Mathematics— Knowledge of arithmetic, algebra, geometry, calculus, statistics, and their applications.Related occupations; Economics and Accounting— Knowledge of economic and accounting principles and practices, the financial markets, banking, and the analysis and reporting of financial data.Related occupations; English Language— Knowledge of the structure and content of the English language including the meaning and spelling of words, and rules of composition and grammar.Related occupations; Computers and Electronics— Knowledge of circuit boards, processors, chips, electronic equipment, and computer hardware and software, including applications and programming.Related occupations; Education and Training— Knowledge of principles and methods for curriculum and training design, teaching and instruction for individuals and groups, and the measurement of training effects.Related occupations",,,Education,Experience Requirements,Training & Credentials,115440,,Bright Outlook,92%,,,"Investigative— Work involves studying and researching non-living objects, living organisms, disease or other forms of impairment, or human behavior. Investigative occupations are often associated with physical, life, medical, or social sciences, and can be found in the fields of humanities, mathematics/statistics, information technology, or health care service.Related occupations; Conventional— Work involves following procedures and regulations to organize information or data, typically in a business setting. Conventional occupations are often associated with office work, accounting, mathematics/statistics, information technology, finance, or human resources.Related occupations; Enterprising— Work involves managing, negotiating, marketing, or selling, typically in a business setting, or leading or advising people in political and legal situations. Enterprising occupations are often associated with business initiatives, sales, marketing/advertising, finance, management/administration, professional advising, public speaking, politics, or law.Related occupations","Working Conditions— Occupations that satisfy this work value offer job security and good working conditions. Corresponding needs are Activity, Compensation, Independence, Security, Variety and Working Conditions.Related occupations; Independence— Occupations that satisfy this work value allow employees to work on their own and make decisions. Corresponding needs are Creativity, Responsibility and Autonomy.Related occupations; Achievement— Occupations that satisfy this work value are results oriented and allow employees to use their strongest abilities, giving them a feeling of accomplishment. Corresponding needs are Ability Utilization and Achievement.Related occupations",,https://www.onetonline.org/link/summary/19-3011.00,2025-09-08
17-2151.00,"Mining and Geological Engineers, Including Mining Safety Engineers",Architecture and Engineering,"Conduct subsurface surveys to identify the characteristics of potential land or mining development sites. May specify the ground support systems, processes, and equipment for safe, economical, and environmentally sound extraction or underground construction activities. May inspect areas for unsafe geological conditions, equipment, and working conditions. May design, implement, and coordinate mine safety programs.",,,,,,Education,Experience Requirements,Training & Credentials,101020,,Bright Outlook,93%,,,"Realistic— Work involves designing, building, or repairing of equipment, materials, or structures, engaging in physical activity, or working outdoors. Realistic occupations are often associated with engineering, mechanics and electronics, construction, woodworking, transportation, machine operation, agriculture, animal services, physical or manual labor, athletics, or protective services.Related occupations; Investigative— Work involves studying and researching non-living objects, living organisms, disease or other forms of impairment, or human behavior. Investigative occupations are often associated with physical, life, medical, or social sciences, and can be found in the fields of humanities, mathematics/statistics, information technology, or health care service.Related occupations; Conventional— Work involves following procedures and regulations to organize information or data, typically in a business setting. Conventional occupations are often associated with office work, accounting, mathematics/statistics, information technology, finance, or human resources.Related occupations","Working Conditions— Occupations that satisfy this work value offer job security and good working conditions. Corresponding needs are Activity, Compensation, Independence, Security, Variety and Working Conditions.Related occupations; Support— Occupations that satisfy this work value offer supportive management that stands behind employees. Corresponding needs are Company Policies, Supervision: Human Relations and Supervision: Technical.Related occupations; Independence— Occupations that satisfy this work value allow employees to work on their own and make decisions. Corresponding needs are Creativity, Responsibility and Autonomy.Related occupations",,https://www.onetonline.org/link/summary/17-2151.00,2025-09-08
19-2041.02,Environmental Restoration Planners,"Life, Physical, and Social Science","Collaborate with field and biology staff to oversee the implementation of restoration projects and to develop new products. Process and synthesize complex scientific data into practical strategies for restoration, monitoring or management.",,,,,,Education,Experience Requirements,Training & Credentials,80060,,Bright Outlook,91%,,,"Investigative— Work involves studying and researching non-living objects, living organisms, disease or other forms of impairment, or human behavior. Investigative occupations are often associated with physical, life, medical, or social sciences, and can be found in the fields of humanities, mathematics/statistics, information technology, or health care service.Related occupations; Realistic— Work involves designing, building, or repairing of equipment, materials, or structures, engaging in physical activity, or working outdoors. Realistic occupations are often associated with engineering, mechanics and electronics, construction, woodworking, transportation, machine operation, agriculture, animal services, physical or manual labor, athletics, or protective services.Related occupations; Conventional— Work involves following procedures and regulations to organize information or data, typically in a business setting. Conventional occupations are often associated with office work, accounting, mathematics/statistics, information technology, finance, or human resources.Related occupations","Achievement— Occupations that satisfy this work value are results oriented and allow employees to use their strongest abilities, giving them a feeling of accomplishment. Corresponding needs are Ability Utilization and Achievement.Related occupations; Independence— Occupations that satisfy this work value allow employees to work on their own and make decisions. Corresponding needs are Creativity, Responsibility and Autonomy.Related occupations; Recognition— Occupations that satisfy this work value offer advancement, potential for leadership, and are often considered prestigious. Corresponding needs are Advancement, Authority, Recognition and Social Status.Related occupations",,https://www.onetonline.org/link/summary/19-2041.02,2025-09-08
49-3011.00,Aircraft Mechanics and Service Technicians,"Installation, Maintenance, and Repair","Diagnose, adjust, repair, or overhaul aircraft engines and assemblies, such as hydraulic and pneumatic systems.",,,,,,Education,Experience Requirements,Training & Credentials,78680,,Bright Outlook,76%,,,"Realistic— Work involves designing, building, or repairing of equipment, materials, or structures, engaging in physical activity, or working outdoors. Realistic occupations are often associated with engineering, mechanics and electronics, construction, woodworking, transportation, machine operation, agriculture, animal services, physical or manual labor, athletics, or protective services.Related occupations; Conventional— Work involves following procedures and regulations to organize information or data, typically in a business setting. Conventional occupations are often associated with office work, accounting, mathematics/statistics, information technology, finance, or human resources.Related occupations; Investigative— Work involves studying and researching non-living objects, living organisms, disease or other forms of impairment, or human behavior. Investigative occupations are often associated with physical, life, medical, or social sciences, and can be found in the fields of humanities, mathematics/statistics, information technology, or health care service.Related occupations","Support— Occupations that satisfy this work value offer supportive management that stands behind employees. Corresponding needs are Company Policies, Supervision: Human Relations and Supervision: Technical.Related occupations; Working Conditions— Occupations that satisfy this work value offer job security and good working conditions. Corresponding needs are Activity, Compensation, Independence, Security, Variety and Working Conditions.Related occupations; Relationships— Occupations that satisfy this work value allow employees to provide service to others and work with co-workers in a friendly non-competitive environment. Corresponding needs are Co-workers, Moral Values and Social Service.Related occupations",,https://www.onetonline.org/link/summary/49-3011.00,2025-09-08
51-5111.00,Prepress Technicians and Workers,Production,Format and proof text and images submitted by designers and clients into finished pages that can be printed. Includes digital and photo typesetting. May produce printing plates.,,,,,,Education,Experience Requirements,Training & Credentials,47300,,Bright Outlook,96%,,,"Conventional— Work involves following procedures and regulations to organize information or data, typically in a business setting. Conventional occupations are often associated with office work, accounting, mathematics/statistics, information technology, finance, or human resources.Related occupations; Realistic— Work involves designing, building, or repairing of equipment, materials, or structures, engaging in physical activity, or working outdoors. Realistic occupations are often associated with engineering, mechanics and electronics, construction, woodworking, transportation, machine operation, agriculture, animal services, physical or manual labor, athletics, or protective services.Related occupations","Support— Occupations that satisfy this work value offer supportive management that stands behind employees. Corresponding needs are Company Policies, Supervision: Human Relations and Supervision: Technical.Related occupations; Independence— Occupations that satisfy this work value allow employees to work on their own and make decisions. Corresponding needs are Creativity, Responsibility and Autonomy.Related occupations; Relationships— Occupations that satisfy this work value allow employees to provide service to others and work with co-workers in a friendly non-competitive environment. Corresponding needs are Co-workers, Moral Values and Social Service.Related occupations",,https://www.onetonline.org/link/summary/51-5111.00,2025-09-08
15-1299.00,"Computer Occupations, All Other",Computer and Mathematical,"“All Other” titles represent occupations with a wide range of characteristics which do not fit into one of the detailed O*NET-SOC occupations. O*NET data is not available for this type of title. For specific occupations under this title, see:",,,,,,Education,Experience Requirements,Training & Credentials,108970,,Bright Outlook,9%,,,,,,https://www.onetonline.org/link/summary/15-1299.00,2025-09-08
17-2199.06,Microsystems Engineers,Architecture and Engineering,"Research, design, develop, or test microelectromechanical systems (MEMS) devices.",,,,,,Education,Experience Requirements,Training & Credentials,117750,,Bright Outlook,88%,,,"Investigative— Work involves studying and researching non-living objects, living organisms, disease or other forms of impairment, or human behavior. Investigative occupations are often associated with physical, life, medical, or social sciences, and can be found in the fields of humanities, mathematics/statistics, information technology, or health care service.Related occupations; Realistic— Work involves designing, building, or repairing of equipment, materials, or structures, engaging in physical activity, or working outdoors. Realistic occupations are often associated with engineering, mechanics and electronics, construction, woodworking, transportation, machine operation, agriculture, animal services, physical or manual labor, athletics, or protective services.Related occupations; Conventional— Work involves following procedures and regulations to organize information or data, typically in a business setting. Conventional occupations are often associated with office work, accounting, mathematics/statistics, information technology, finance, or human resources.Related occupations","Achievement— Occupations that satisfy this work value are results oriented and allow employees to use their strongest abilities, giving them a feeling of accomplishment. Corresponding needs are Ability Utilization and Achievement.Related occupations; Independence— Occupations that satisfy this work value allow employees to work on their own and make decisions. Corresponding needs are Creativity, Responsibility and Autonomy.Related occupations; Working Conditions— Occupations that satisfy this work value offer job security and good working conditions. Corresponding needs are Activity, Compensation, Independence, Security, Variety and Working Conditions.Related occupations",,https://www.onetonline.org/link/summary/17-2199.06,2025-09-08
35-3041.00,"Food Servers, Nonrestaurant",Food Preparation and Serving,"Serve food to individuals outside of a restaurant environment, such as in hotel rooms, hospital rooms, residential care facilities, or cars.",,"Active Listening— Giving full attention to what other people are saying, taking time to understand the points being made, asking questions as appropriate, and not interrupting at inappropriate times.Related occupations; Service Orientation— Actively looking for ways to help people.Related occupations; Speaking— Talking to others to convey information effectively.Related occupations","Customer and Personal Service— Knowledge of principles and processes for providing customer and personal services. This includes customer needs assessment, meeting quality standards for services, and evaluation of customer satisfaction.Related occupations; English Language— Knowledge of the structure and content of the English language including the meaning and spelling of words, and rules of composition and grammar.Related occupations; Food Production— Knowledge of techniques and equipment for planting, growing, and harvesting food products (both plant and animal) for consumption, including storage/handling techniques.Related occupations",,,Education,Experience Requirements,Training & Credentials,34460,,Bright Outlook,72%,,,"Realistic— Work involves designing, building, or repairing of equipment, materials, or structures, engaging in physical activity, or working outdoors. Realistic occupations are often associated with engineering, mechanics and electronics, construction, woodworking, transportation, machine operation, agriculture, animal services, physical or manual labor, athletics, or protective services.Related occupations; Social— Work involves helping, teaching, advising, assisting, or providing service to others. Social occupations are often associated with social, health care, personal service, teaching/education, or religious activities.Related occupations; Conventional— Work involves following procedures and regulations to organize information or data, typically in a business setting. Conventional occupations are often associated with office work, accounting, mathematics/statistics, information technology, finance, or human resources.Related occupations","Relationships— Occupations that satisfy this work value allow employees to provide service to others and work with co-workers in a friendly non-competitive environment. Corresponding needs are Co-workers, Moral Values and Social Service.Related occupations; Support— Occupations that satisfy this work value offer supportive management that stands behind employees. Corresponding needs are Company Policies, Supervision: Human Relations and Supervision: Technical.Related occupations; Working Conditions— Occupations that satisfy this work value offer job security and good working conditions. Corresponding needs are Activity, Compensation, Independence, Security, Variety and Working Conditions.Related occupations",,https://www.onetonline.org/link/summary/35-3041.00,2025-09-08
41-9012.00,Models,Sales and Related,"Model garments or other apparel and accessories for prospective buyers at fashion shows, private showings, or retail establishments. May pose for photos to be used in magazines or advertisements. May pose as subject for paintings, sculptures, and other types of artistic expression.","Performing General Physical Activities— Performing general physical activities includes doing activities that require considerable use of your arms and legs and moving your whole body, such as climbing, lifting, balancing, walking, stooping, and handling materials.Related occupations; Thinking Creatively— Developing, designing, or creating new applications, ideas, relationships, systems, or products, including artistic contributions.Related occupations; Establishing and Maintaining Interpersonal Relationships— Developing constructive and cooperative working relationships with others, and maintaining them over time.Related occupations",,,,"Performing General Physical Activities— Performing general physical activities includes doing activities that require considerable use of your arms and legs and moving your whole body, such as climbing, lifting, balancing, walking, stooping, and handling materials.Related occupations; Thinking Creatively— Developing, designing, or creating new applications, ideas, relationships, systems, or products, including artistic contributions.Related occupations; Establishing and Maintaining Interpersonal Relationships— Developing constructive and cooperative working relationships with others, and maintaining them over time.Related occupations",Education,Experience Requirements,Training & Credentials,89990,,Bright Outlook,85%,,,"Artistic— Work involves creating original visual artwork, performances, written works, food, or music for a variety of media, or applying artistic principles to the design of various objects and materials. Artistic occupations are often associated with visual arts, applied arts and design, performing arts, music, creative writing, media, or culinary art.Related occupations; Realistic— Work involves designing, building, or repairing of equipment, materials, or structures, engaging in physical activity, or working outdoors. Realistic occupations are often associated with engineering, mechanics and electronics, construction, woodworking, transportation, machine operation, agriculture, animal services, physical or manual labor, athletics, or protective services.Related occupations; Enterprising— Work involves managing, negotiating, marketing, or selling, typically in a business setting, or leading or advising people in political and legal situations. Enterprising occupations are often associated with business initiatives, sales, marketing/advertising, finance, management/administration, professional advising, public speaking, politics, or law.Related occupations","Relationships— Occupations that satisfy this work value allow employees to provide service to others and work with co-workers in a friendly non-competitive environment. Corresponding needs are Co-workers, Moral Values and Social Service.Related occupations; Recognition— Occupations that satisfy this work value offer advancement, potential for leadership, and are often considered prestigious. Corresponding needs are Advancement, Authority, Recognition and Social Status.Related occupations; Working Conditions— Occupations that satisfy this work value offer job security and good working conditions. Corresponding needs are Activity, Compensation, Independence, Security, Variety and Working Conditions.Related occupations",,https://www.onetonline.org/link/summary/41-9012.00,2025-09-08
47-1011.00,First-Line Supervisors of Construction Trades and Extraction Workers,Construction and Extraction,Directly supervise and coordinate activities of construction or extraction workers.,,,,,,Education,Experience Requirements,Training & Credentials,78690,,Bright Outlook,100%,,,"Enterprising— Work involves managing, negotiating, marketing, or selling, typically in a business setting, or leading or advising people in political and legal situations. Enterprising occupations are often associated with business initiatives, sales, marketing/advertising, finance, management/administration, professional advising, public speaking, politics, or law.Related occupations; Conventional— Work involves following procedures and regulations to organize information or data, typically in a business setting. Conventional occupations are often associated with office work, accounting, mathematics/statistics, information technology, finance, or human resources.Related occupations; Realistic— Work involves designing, building, or repairing of equipment, materials, or structures, engaging in physical activity, or working outdoors. Realistic occupations are often associated with engineering, mechanics and electronics, construction, woodworking, transportation, machine operation, agriculture, animal services, physical or manual labor, athletics, or protective services.Related occupations","Independence— Occupations that satisfy this work value allow employees to work on their own and make decisions. Corresponding needs are Creativity, Responsibility and Autonomy.Related occupations; Relationships— Occupations that satisfy this work value allow employees to provide service to others and work with co-workers in a friendly non-competitive environment. Corresponding needs are Co-workers, Moral Values and Social Service.Related occupations; Achievement— Occupations that satisfy this work value are results oriented and allow employees to use their strongest abilities, giving them a feeling of accomplishment. Corresponding needs are Ability Utilization and Achievement.Related occupations",,https://www.onetonline.org/link/summary/47-1011.00,2025-09-08
51-6061.00,Textile Bleaching and Dyeing Machine Operators and Tenders,Production,"Operate or tend machines to bleach, shrink, wash, dye, or finish textiles or synthetic or glass fibers.",,"Operations Monitoring— Watching gauges, dials, or other indicators to make sure a machine is working properly.Related occupations; Operation and Control— Controlling operations of equipment or systems.Related occupations; Active Listening— Giving full attention to what other people are saying, taking time to understand the points being made, asking questions as appropriate, and not interrupting at inappropriate times.Related occupations; Monitoring— Monitoring/Assessing performance of yourself, other individuals, or organizations to make improvements or take corrective action.Related occupations; Time Management— Managing one's own time and the time of others.Related occupations","Production and Processing— Knowledge of raw materials, production processes, quality control, costs, and other techniques for maximizing the effective manufacture and distribution of goods.Related occupations",,,Education,Experience Requirements,Training & Credentials,37320,,Bright Outlook,90%,,,"Realistic— Work involves designing, building, or repairing of equipment, materials, or structures, engaging in physical activity, or working outdoors. Realistic occupations are often associated with engineering, mechanics and electronics, construction, woodworking, transportation, machine operation, agriculture, animal services, physical or manual labor, athletics, or protective services.Related occupations; Conventional— Work involves following procedures and regulations to organize information or data, typically in a business setting. Conventional occupations are often associated with office work, accounting, mathematics/statistics, information technology, finance, or human resources.Related occupations","Support— Occupations that satisfy this work value offer supportive management that stands behind employees. Corresponding needs are Company Policies, Supervision: Human Relations and Supervision: Technical.Related occupations; Relationships— Occupations that satisfy this work value allow employees to provide service to others and work with co-workers in a friendly non-competitive environment. Corresponding needs are Co-workers, Moral Values and Social Service.Related occupations; Independence— Occupations that satisfy this work value allow employees to work on their own and make decisions. Corresponding needs are Creativity, Responsibility and Autonomy.Related occupations",,https://www.onetonline.org/link/summary/51-6061.00,2025-09-08
51-6099.00,"Textile, Apparel, and Furnishings Workers, All Other",Production,"All textile, apparel, and furnishings workers not listed separately.",,,,,,Education,Experience Requirements,Training & Credentials,37010,,Bright Outlook,1%,,,,,,https://www.onetonline.org/link/summary/51-6099.00,2025-09-08
51-9023.00,"Mixing and Blending Machine Setters, Operators, and Tenders",Production,"Set up, operate, or tend machines to mix or blend materials, such as chemicals, tobacco, liquids, color pigments, or explosive ingredients.",,,"Production and Processing— Knowledge of raw materials, production processes, quality control, costs, and other techniques for maximizing the effective manufacture and distribution of goods.Related occupations",,,Education,Experience Requirements,"Sample of reported job titles:Batchmaker, Blender, Blending Technician (Blending Tech), Ink Blender, Issuing Operator, Machine Operator, Mixer, Mixer Operator, Operator, Stock Preparation Operator (Stock Prep Operator)",47680,,Bright Outlook,100%,,,"Realistic— Work involves designing, building, or repairing of equipment, materials, or structures, engaging in physical activity, or working outdoors. Realistic occupations are often associated with engineering, mechanics and electronics, construction, woodworking, transportation, machine operation, agriculture, animal services, physical or manual labor, athletics, or protective services.Related occupations; Conventional— Work involves following procedures and regulations to organize information or data, typically in a business setting. Conventional occupations are often associated with office work, accounting, mathematics/statistics, information technology, finance, or human resources.Related occupations","Support— Occupations that satisfy this work value offer supportive management that stands behind employees. Corresponding needs are Company Policies, Supervision: Human Relations and Supervision: Technical.Related occupations; Relationships— Occupations that satisfy this work value allow employees to provide service to others and work with co-workers in a friendly non-competitive environment. Corresponding needs are Co-workers, Moral Values and Social Service.Related occupations; Independence— Occupations that satisfy this work value allow employees to work on their own and make decisions. Corresponding needs are Creativity, Responsibility and Autonomy.Related occupations",,https://www.onetonline.org/link/summary/51-9023.00,2025-09-08
51-9199.00,"Production Workers, All Other",Production,"Source: Bureau of Labor Statistics2024 wage dataexternal siteand2023-2033 employment projectionsexternal site.
“Projected growth” represents the estimated change in total employment over the projections period (2023-2033). “Projected job openings” represent openings due to growth and replacement.",,,,,,Education,Experience Requirements,Training & Credentials,38820,,Bright Outlook,1%,,,,,,https://www.onetonline.org/link/summary/51-9199.00,2025-09-08
19-1029.04,Biologists,"Life, Physical, and Social Science","Research or study basic principles of plant and animal life, such as origin, relationship, development, anatomy, and functions.",,,,,,Education,Experience Requirements,Training & Credentials,93330,,Bright Outlook,97%,,,"Investigative— Work involves studying and researching non-living objects, living organisms, disease or other forms of impairment, or human behavior. Investigative occupations are often associated with physical, life, medical, or social sciences, and can be found in the fields of humanities, mathematics/statistics, information technology, or health care service.Related occupations; Conventional— Work involves following procedures and regulations to organize information or data, typically in a business setting. Conventional occupations are often associated with office work, accounting, mathematics/statistics, information technology, finance, or human resources.Related occupations; Realistic— Work involves designing, building, or repairing of equipment, materials, or structures, engaging in physical activity, or working outdoors. Realistic occupations are often associated with engineering, mechanics and electronics, construction, woodworking, transportation, machine operation, agriculture, animal services, physical or manual labor, athletics, or protective services.Related occupations","Achievement— Occupations that satisfy this work value are results oriented and allow employees to use their strongest abilities, giving them a feeling of accomplishment. Corresponding needs are Ability Utilization and Achievement.Related occupations; Recognition— Occupations that satisfy this work value offer advancement, potential for leadership, and are often considered prestigious. Corresponding needs are Advancement, Authority, Recognition and Social Status.Related occupations; Independence— Occupations that satisfy this work value allow employees to work on their own and make decisions. Corresponding needs are Creativity, Responsibility and Autonomy.Related occupations",,https://www.onetonline.org/link/summary/19-1029.04,2025-09-08
19-2041.03,Industrial Ecologists,"Life, Physical, and Social Science",Apply principles and processes of natural ecosystems to develop models for efficient industrial systems. Use knowledge from the physical and social sciences to maximize effective use of natural resources in the production and use of goods and services. Examine societal issues and their relationship with both technical systems and the environment.,,,,,,Education,Experience Requirements,Training & Credentials,80060,,Bright Outlook,87%,,,"Investigative— Work involves studying and researching non-living objects, living organisms, disease or other forms of impairment, or human behavior. Investigative occupations are often associated with physical, life, medical, or social sciences, and can be found in the fields of humanities, mathematics/statistics, information technology, or health care service.Related occupations; Realistic— Work involves designing, building, or repairing of equipment, materials, or structures, engaging in physical activity, or working outdoors. Realistic occupations are often associated with engineering, mechanics and electronics, construction, woodworking, transportation, machine operation, agriculture, animal services, physical or manual labor, athletics, or protective services.Related occupations; Conventional— Work involves following procedures and regulations to organize information or data, typically in a business setting. Conventional occupations are often associated with office work, accounting, mathematics/statistics, information technology, finance, or human resources.Related occupations","Achievement— Occupations that satisfy this work value are results oriented and allow employees to use their strongest abilities, giving them a feeling of accomplishment. Corresponding needs are Ability Utilization and Achievement.Related occupations; Independence— Occupations that satisfy this work value allow employees to work on their own and make decisions. Corresponding needs are Creativity, Responsibility and Autonomy.Related occupations; Working Conditions— Occupations that satisfy this work value offer job security and good working conditions. Corresponding needs are Activity, Compensation, Independence, Security, Variety and Working Conditions.Related occupations",,https://www.onetonline.org/link/summary/19-2041.03,2025-09-08
11-9121.00,Natural Sciences Managers,Management,"Plan, direct, or coordinate activities in such fields as life sciences, physical sciences, mathematics, statistics, and research and development in these fields.",,,,,,Education,Experience Requirements,Training & Credentials,161180,,Bright Outlook,100%,,,"Investigative— Work involves studying and researching non-living objects, living organisms, disease or other forms of impairment, or human behavior. Investigative occupations are often associated with physical, life, medical, or social sciences, and can be found in the fields of humanities, mathematics/statistics, information technology, or health care service.Related occupations; Enterprising— Work involves managing, negotiating, marketing, or selling, typically in a business setting, or leading or advising people in political and legal situations. Enterprising occupations are often associated with business initiatives, sales, marketing/advertising, finance, management/administration, professional advising, public speaking, politics, or law.Related occupations; Conventional— Work involves following procedures and regulations to organize information or data, typically in a business setting. Conventional occupations are often associated with office work, accounting, mathematics/statistics, information technology, finance, or human resources.Related occupations","Independence— Occupations that satisfy this work value allow employees to work on their own and make decisions. Corresponding needs are Creativity, Responsibility and Autonomy.Related occupations; Working Conditions— Occupations that satisfy this work value offer job security and good working conditions. Corresponding needs are Activity, Compensation, Independence, Security, Variety and Working Conditions.Related occupations; Achievement— Occupations that satisfy this work value are results oriented and allow employees to use their strongest abilities, giving them a feeling of accomplishment. Corresponding needs are Ability Utilization and Achievement.Related occupations",,https://www.onetonline.org/link/summary/11-9121.00,2025-09-08
17-2199.10,Wind Energy Engineers,Architecture and Engineering,Design underground or overhead wind farm collector systems and prepare and develop site specifications.,,,,,,Education,Experience Requirements,Training & Credentials,117750,,Bright Outlook,92%,,,"Realistic— Work involves designing, building, or repairing of equipment, materials, or structures, engaging in physical activity, or working outdoors. Realistic occupations are often associated with engineering, mechanics and electronics, construction, woodworking, transportation, machine operation, agriculture, animal services, physical or manual labor, athletics, or protective services.Related occupations; Investigative— Work involves studying and researching non-living objects, living organisms, disease or other forms of impairment, or human behavior. Investigative occupations are often associated with physical, life, medical, or social sciences, and can be found in the fields of humanities, mathematics/statistics, information technology, or health care service.Related occupations; Conventional— Work involves following procedures and regulations to organize information or data, typically in a business setting. Conventional occupations are often associated with office work, accounting, mathematics/statistics, information technology, finance, or human resources.Related occupations","Achievement— Occupations that satisfy this work value are results oriented and allow employees to use their strongest abilities, giving them a feeling of accomplishment. Corresponding needs are Ability Utilization and Achievement.Related occupations; Working Conditions— Occupations that satisfy this work value offer job security and good working conditions. Corresponding needs are Activity, Compensation, Independence, Security, Variety and Working Conditions.Related occupations; Independence— Occupations that satisfy this work value allow employees to work on their own and make decisions. Corresponding needs are Creativity, Responsibility and Autonomy.Related occupations",,https://www.onetonline.org/link/summary/17-2199.10,2025-09-08
11-9041.00,Architectural and Engineering Managers,Management,"Plan, direct, or coordinate activities in such fields as architecture and engineering or research and development in these fields.",,,,,,Education,Experience Requirements,Training & Credentials,167740,,Bright Outlook,100%,,,"Enterprising— Work involves managing, negotiating, marketing, or selling, typically in a business setting, or leading or advising people in political and legal situations. Enterprising occupations are often associated with business initiatives, sales, marketing/advertising, finance, management/administration, professional advising, public speaking, politics, or law.Related occupations; Conventional— Work involves following procedures and regulations to organize information or data, typically in a business setting. Conventional occupations are often associated with office work, accounting, mathematics/statistics, information technology, finance, or human resources.Related occupations; Investigative— Work involves studying and researching non-living objects, living organisms, disease or other forms of impairment, or human behavior. Investigative occupations are often associated with physical, life, medical, or social sciences, and can be found in the fields of humanities, mathematics/statistics, information technology, or health care service.Related occupations","Achievement— Occupations that satisfy this work value are results oriented and allow employees to use their strongest abilities, giving them a feeling of accomplishment. Corresponding needs are Ability Utilization and Achievement.Related occupations; Independence— Occupations that satisfy this work value allow employees to work on their own and make decisions. Corresponding needs are Creativity, Responsibility and Autonomy.Related occupations; Working Conditions— Occupations that satisfy this work value offer job security and good working conditions. Corresponding needs are Activity, Compensation, Independence, Security, Variety and Working Conditions.Related occupations",,https://www.onetonline.org/link/summary/11-9041.00,2025-09-08
19-3032.00,Industrial-Organizational Psychologists,"Life, Physical, and Social Science","Apply principles of psychology to human resources, administration, management, sales, and marketing problems. Activities may include policy planning; employee testing and selection, training, and development; and organizational development and analysis. May work with management to organize the work setting to improve worker productivity.",,,,,,Education,Experience Requirements,"Apply principles of psychology to human resources, administration, management, sales, and marketing problems. Activities may include policy planning; employee testing and selection, training, and development; and organizational development and analysis. May work with management to organize the work setting to improve worker productivity.",109840,,Bright Outlook,96%,,,"Investigative— Work involves studying and researching non-living objects, living organisms, disease or other forms of impairment, or human behavior. Investigative occupations are often associated with physical, life, medical, or social sciences, and can be found in the fields of humanities, mathematics/statistics, information technology, or health care service.Related occupations; Enterprising— Work involves managing, negotiating, marketing, or selling, typically in a business setting, or leading or advising people in political and legal situations. Enterprising occupations are often associated with business initiatives, sales, marketing/advertising, finance, management/administration, professional advising, public speaking, politics, or law.Related occupations; Social— Work involves helping, teaching, advising, assisting, or providing service to others. Social occupations are often associated with social, health care, personal service, teaching/education, or religious activities.Related occupations; Conventional— Work involves following procedures and regulations to organize information or data, typically in a business setting. Conventional occupations are often associated with office work, accounting, mathematics/statistics, information technology, finance, or human resources.Related occupations","Working Conditions— Occupations that satisfy this work value offer job security and good working conditions. Corresponding needs are Activity, Compensation, Independence, Security, Variety and Working Conditions.Related occupations; Relationships— Occupations that satisfy this work value allow employees to provide service to others and work with co-workers in a friendly non-competitive environment. Corresponding needs are Co-workers, Moral Values and Social Service.Related occupations; Achievement— Occupations that satisfy this work value are results oriented and allow employees to use their strongest abilities, giving them a feeling of accomplishment. Corresponding needs are Ability Utilization and Achievement.Related occupations",,https://www.onetonline.org/link/summary/19-3032.00,2025-09-08
17-2141.00,Mechanical Engineers,Architecture and Engineering,"Perform engineering duties in planning and designing tools, engines, machines, and other mechanically functioning equipment. Oversee installation, operation, maintenance, and repair of equipment such as centralized heat, gas, water, and steam systems.",,,,,,Education,Experience Requirements,Training & Credentials,102320,,Bright Outlook,100%,,,"Realistic— Work involves designing, building, or repairing of equipment, materials, or structures, engaging in physical activity, or working outdoors. Realistic occupations are often associated with engineering, mechanics and electronics, construction, woodworking, transportation, machine operation, agriculture, animal services, physical or manual labor, athletics, or protective services.Related occupations; Investigative— Work involves studying and researching non-living objects, living organisms, disease or other forms of impairment, or human behavior. Investigative occupations are often associated with physical, life, medical, or social sciences, and can be found in the fields of humanities, mathematics/statistics, information technology, or health care service.Related occupations; Conventional— Work involves following procedures and regulations to organize information or data, typically in a business setting. Conventional occupations are often associated with office work, accounting, mathematics/statistics, information technology, finance, or human resources.Related occupations","Recognition— Occupations that satisfy this work value offer advancement, potential for leadership, and are often considered prestigious. Corresponding needs are Advancement, Authority, Recognition and Social Status.Related occupations; Achievement— Occupations that satisfy this work value are results oriented and allow employees to use their strongest abilities, giving them a feeling of accomplishment. Corresponding needs are Ability Utilization and Achievement.Related occupations; Independence— Occupations that satisfy this work value allow employees to work on their own and make decisions. Corresponding needs are Creativity, Responsibility and Autonomy.Related occupations",,https://www.onetonline.org/link/summary/17-2141.00,2025-09-08
17-2199.03,"Energy Engineers, Except Wind and Solar",Architecture and Engineering,"Design, develop, or evaluate energy-related projects or programs to reduce energy costs or improve energy efficiency during the designing, building, or remodeling stages of construction. May specialize in electrical systems; heating, ventilation, and air-conditioning (HVAC) systems; green buildings; lighting; air quality; or energy procurement.",,,,,,Education,Experience Requirements,Training & Credentials,117750,,Bright Outlook,95%,,,"Realistic— Work involves designing, building, or repairing of equipment, materials, or structures, engaging in physical activity, or working outdoors. Realistic occupations are often associated with engineering, mechanics and electronics, construction, woodworking, transportation, machine operation, agriculture, animal services, physical or manual labor, athletics, or protective services.Related occupations; Investigative— Work involves studying and researching non-living objects, living organisms, disease or other forms of impairment, or human behavior. Investigative occupations are often associated with physical, life, medical, or social sciences, and can be found in the fields of humanities, mathematics/statistics, information technology, or health care service.Related occupations; Conventional— Work involves following procedures and regulations to organize information or data, typically in a business setting. Conventional occupations are often associated with office work, accounting, mathematics/statistics, information technology, finance, or human resources.Related occupations","Working Conditions— Occupations that satisfy this work value offer job security and good working conditions. Corresponding needs are Activity, Compensation, Independence, Security, Variety and Working Conditions.Related occupations; Achievement— Occupations that satisfy this work value are results oriented and allow employees to use their strongest abilities, giving them a feeling of accomplishment. Corresponding needs are Ability Utilization and Achievement.Related occupations; Independence— Occupations that satisfy this work value allow employees to work on their own and make decisions. Corresponding needs are Creativity, Responsibility and Autonomy.Related occupations",,https://www.onetonline.org/link/summary/17-2199.03,2025-09-08
19-3033.00,Clinical and Counseling Psychologists,"Life, Physical, and Social Science","Assess, diagnose, and treat mental and emotional disorders of individuals through observation, interview, and psychological tests. Help individuals with distress or maladjustment understand their problems through their knowledge of case history, interviews with patients, and theory. Provide individual or group counseling services to assist individuals in achieving more effective personal, social, educational, and vocational development and adjustment. May design behavior modification programs and consult with medical personnel regarding the best treatment for patients.",,,,,,Education,Experience Requirements,Training & Credentials,95830,,Bright Outlook,88%,,,"Social— Work involves helping, teaching, advising, assisting, or providing service to others. Social occupations are often associated with social, health care, personal service, teaching/education, or religious activities.Related occupations; Investigative— Work involves studying and researching non-living objects, living organisms, disease or other forms of impairment, or human behavior. Investigative occupations are often associated with physical, life, medical, or social sciences, and can be found in the fields of humanities, mathematics/statistics, information technology, or health care service.Related occupations","Relationships— Occupations that satisfy this work value allow employees to provide service to others and work with co-workers in a friendly non-competitive environment. Corresponding needs are Co-workers, Moral Values and Social Service.Related occupations; Independence— Occupations that satisfy this work value allow employees to work on their own and make decisions. Corresponding needs are Creativity, Responsibility and Autonomy.Related occupations; Achievement— Occupations that satisfy this work value are results oriented and allow employees to use their strongest abilities, giving them a feeling of accomplishment. Corresponding needs are Ability Utilization and Achievement.Related occupations",,https://www.onetonline.org/link/summary/19-3033.00,2025-09-08
41-3021.00,Insurance Sales Agents,Sales and Related,"Sell life, property, casualty, health, automotive, or other types of insurance. May refer clients to independent brokers, work as an independent broker, or be employed by an insurance company.",,,,,,Education,Experience Requirements,Training & Credentials,60370,,Bright Outlook,100%,,,"Enterprising— Work involves managing, negotiating, marketing, or selling, typically in a business setting, or leading or advising people in political and legal situations. Enterprising occupations are often associated with business initiatives, sales, marketing/advertising, finance, management/administration, professional advising, public speaking, politics, or law.Related occupations; Conventional— Work involves following procedures and regulations to organize information or data, typically in a business setting. Conventional occupations are often associated with office work, accounting, mathematics/statistics, information technology, finance, or human resources.Related occupations; Social— Work involves helping, teaching, advising, assisting, or providing service to others. Social occupations are often associated with social, health care, personal service, teaching/education, or religious activities.Related occupations","Independence— Occupations that satisfy this work value allow employees to work on their own and make decisions. Corresponding needs are Creativity, Responsibility and Autonomy.Related occupations; Relationships— Occupations that satisfy this work value allow employees to provide service to others and work with co-workers in a friendly non-competitive environment. Corresponding needs are Co-workers, Moral Values and Social Service.Related occupations; Achievement— Occupations that satisfy this work value are results oriented and allow employees to use their strongest abilities, giving them a feeling of accomplishment. Corresponding needs are Ability Utilization and Achievement.Related occupations",,https://www.onetonline.org/link/summary/41-3021.00,2025-09-08
13-1199.04,Business Continuity Planners,Business and Financial Operations,"Develop, maintain, or implement business continuity and disaster recovery strategies and solutions, including risk assessments, business impact analyses, strategy selection, and documentation of business continuity and disaster recovery procedures. Plan, conduct, and debrief regular mock-disaster exercises to test the adequacy of existing plans and strategies, updating procedures and plans regularly. Act as a coordinator for continuity efforts after a disruption event.",,,,,,Education,Experience Requirements,Training & Credentials,81270,,Bright Outlook,96%,,,"Enterprising— Work involves managing, negotiating, marketing, or selling, typically in a business setting, or leading or advising people in political and legal situations. Enterprising occupations are often associated with business initiatives, sales, marketing/advertising, finance, management/administration, professional advising, public speaking, politics, or law.Related occupations; Conventional— Work involves following procedures and regulations to organize information or data, typically in a business setting. Conventional occupations are often associated with office work, accounting, mathematics/statistics, information technology, finance, or human resources.Related occupations; Investigative— Work involves studying and researching non-living objects, living organisms, disease or other forms of impairment, or human behavior. Investigative occupations are often associated with physical, life, medical, or social sciences, and can be found in the fields of humanities, mathematics/statistics, information technology, or health care service.Related occupations","Achievement— Occupations that satisfy this work value are results oriented and allow employees to use their strongest abilities, giving them a feeling of accomplishment. Corresponding needs are Ability Utilization and Achievement.Related occupations; Independence— Occupations that satisfy this work value allow employees to work on their own and make decisions. Corresponding needs are Creativity, Responsibility and Autonomy.Related occupations; Working Conditions— Occupations that satisfy this work value offer job security and good working conditions. Corresponding needs are Activity, Compensation, Independence, Security, Variety and Working Conditions.Related occupations",,https://www.onetonline.org/link/summary/13-1199.04,2025-09-08
17-2051.01,Transportation Engineers,Architecture and Engineering,"Develop plans for surface transportation projects, according to established engineering standards and state or federal construction policy. Prepare designs, specifications, or estimates for transportation facilities. Plan modifications of existing streets, highways, or freeways to improve traffic flow.",,,,,,Education,Experience Requirements,Training & Credentials,99590,,Bright Outlook,100%,,,"Realistic— Work involves designing, building, or repairing of equipment, materials, or structures, engaging in physical activity, or working outdoors. Realistic occupations are often associated with engineering, mechanics and electronics, construction, woodworking, transportation, machine operation, agriculture, animal services, physical or manual labor, athletics, or protective services.Related occupations; Investigative— Work involves studying and researching non-living objects, living organisms, disease or other forms of impairment, or human behavior. Investigative occupations are often associated with physical, life, medical, or social sciences, and can be found in the fields of humanities, mathematics/statistics, information technology, or health care service.Related occupations; Conventional— Work involves following procedures and regulations to organize information or data, typically in a business setting. Conventional occupations are often associated with office work, accounting, mathematics/statistics, information technology, finance, or human resources.Related occupations","Achievement— Occupations that satisfy this work value are results oriented and allow employees to use their strongest abilities, giving them a feeling of accomplishment. Corresponding needs are Ability Utilization and Achievement.Related occupations; Recognition— Occupations that satisfy this work value offer advancement, potential for leadership, and are often considered prestigious. Corresponding needs are Advancement, Authority, Recognition and Social Status.Related occupations; Support— Occupations that satisfy this work value offer supportive management that stands behind employees. Corresponding needs are Company Policies, Supervision: Human Relations and Supervision: Technical.Related occupations",,https://www.onetonline.org/link/summary/17-2051.01,2025-09-08
17-2051.02,Water/Wastewater Engineers,Architecture and Engineering,"Design or oversee projects involving provision of potable water, disposal of wastewater and sewage, or prevention of flood-related damage. Prepare environmental documentation for water resources, regulatory program compliance, data management and analysis, and field work. Perform hydraulic modeling and pipeline design.",,,,,,Education,Experience Requirements,Training & Credentials,99590,,Bright Outlook,96%,,,"Realistic— Work involves designing, building, or repairing of equipment, materials, or structures, engaging in physical activity, or working outdoors. Realistic occupations are often associated with engineering, mechanics and electronics, construction, woodworking, transportation, machine operation, agriculture, animal services, physical or manual labor, athletics, or protective services.Related occupations; Investigative— Work involves studying and researching non-living objects, living organisms, disease or other forms of impairment, or human behavior. Investigative occupations are often associated with physical, life, medical, or social sciences, and can be found in the fields of humanities, mathematics/statistics, information technology, or health care service.Related occupations; Conventional— Work involves following procedures and regulations to organize information or data, typically in a business setting. Conventional occupations are often associated with office work, accounting, mathematics/statistics, information technology, finance, or human resources.Related occupations","Achievement— Occupations that satisfy this work value are results oriented and allow employees to use their strongest abilities, giving them a feeling of accomplishment. Corresponding needs are Ability Utilization and Achievement.Related occupations; Working Conditions— Occupations that satisfy this work value offer job security and good working conditions. Corresponding needs are Activity, Compensation, Independence, Security, Variety and Working Conditions.Related occupations; Independence— Occupations that satisfy this work value allow employees to work on their own and make decisions. Corresponding needs are Creativity, Responsibility and Autonomy.Related occupations",,https://www.onetonline.org/link/summary/17-2051.02,2025-09-08
17-2199.11,Solar Energy Systems Engineers,Architecture and Engineering,"Perform site-specific engineering analysis or evaluation of energy efficiency and solar projects involving residential, commercial, or industrial customers. Design solar domestic hot water and space heating systems for new and existing structures, applying knowledge of structural energy requirements, local climates, solar technology, and thermodynamics.",,,,,,Education,Experience Requirements,Training & Credentials,117750,,Bright Outlook,89%,,,"Realistic— Work involves designing, building, or repairing of equipment, materials, or structures, engaging in physical activity, or working outdoors. Realistic occupations are often associated with engineering, mechanics and electronics, construction, woodworking, transportation, machine operation, agriculture, animal services, physical or manual labor, athletics, or protective services.Related occupations; Investigative— Work involves studying and researching non-living objects, living organisms, disease or other forms of impairment, or human behavior. Investigative occupations are often associated with physical, life, medical, or social sciences, and can be found in the fields of humanities, mathematics/statistics, information technology, or health care service.Related occupations; Conventional— Work involves following procedures and regulations to organize information or data, typically in a business setting. Conventional occupations are often associated with office work, accounting, mathematics/statistics, information technology, finance, or human resources.Related occupations","Achievement— Occupations that satisfy this work value are results oriented and allow employees to use their strongest abilities, giving them a feeling of accomplishment. Corresponding needs are Ability Utilization and Achievement.Related occupations; Working Conditions— Occupations that satisfy this work value offer job security and good working conditions. Corresponding needs are Activity, Compensation, Independence, Security, Variety and Working Conditions.Related occupations; Independence— Occupations that satisfy this work value allow employees to work on their own and make decisions. Corresponding needs are Creativity, Responsibility and Autonomy.Related occupations",,https://www.onetonline.org/link/summary/17-2199.11,2025-09-08
11-9121.01,Clinical Research Coordinators,Management,"Plan, direct, or coordinate clinical research projects. Direct the activities of workers engaged in clinical research projects to ensure compliance with protocols and overall clinical objectives. May evaluate and analyze clinical data.",,,"Customer and Personal Service— Knowledge of principles and processes for providing customer and personal services. This includes customer needs assessment, meeting quality standards for services, and evaluation of customer satisfaction.Related occupations; English Language— Knowledge of the structure and content of the English language including the meaning and spelling of words, and rules of composition and grammar.Related occupations; Administrative— Knowledge of administrative and office procedures and systems such as word processing, managing files and records, stenography and transcription, designing forms, and workplace terminology.Related occupations; Medicine and Dentistry— Knowledge of the information and techniques needed to diagnose and treat human injuries, diseases, and deformities. This includes symptoms, treatment alternatives, drug properties and interactions, and preventive health-care measures.Related occupations",,,Education,Experience Requirements,Training & Credentials,161180,,Bright Outlook,90%,,,"Investigative— Work involves studying and researching non-living objects, living organisms, disease or other forms of impairment, or human behavior. Investigative occupations are often associated with physical, life, medical, or social sciences, and can be found in the fields of humanities, mathematics/statistics, information technology, or health care service.Related occupations; Conventional— Work involves following procedures and regulations to organize information or data, typically in a business setting. Conventional occupations are often associated with office work, accounting, mathematics/statistics, information technology, finance, or human resources.Related occupations; Enterprising— Work involves managing, negotiating, marketing, or selling, typically in a business setting, or leading or advising people in political and legal situations. Enterprising occupations are often associated with business initiatives, sales, marketing/advertising, finance, management/administration, professional advising, public speaking, politics, or law.Related occupations","Independence— Occupations that satisfy this work value allow employees to work on their own and make decisions. Corresponding needs are Creativity, Responsibility and Autonomy.Related occupations; Achievement— Occupations that satisfy this work value are results oriented and allow employees to use their strongest abilities, giving them a feeling of accomplishment. Corresponding needs are Ability Utilization and Achievement.Related occupations; Working Conditions— Occupations that satisfy this work value offer job security and good working conditions. Corresponding needs are Activity, Compensation, Independence, Security, Variety and Working Conditions.Related occupations",,https://www.onetonline.org/link/summary/11-9121.01,2025-09-08
19-2032.00,Materials Scientists,"Life, Physical, and Social Science","Research and study the structures and chemical properties of various natural and synthetic or composite materials, including metals, alloys, rubber, ceramics, semiconductors, polymers, and glass. Determine ways to strengthen or combine materials or develop new materials with new or specific properties for use in a variety of products and applications. Includes glass scientists, ceramic scientists, metallurgical scientists, and polymer scientists.",,,,,,Education,Experience Requirements,Training & Credentials,104160,,Bright Outlook,90%,,,"Investigative— Work involves studying and researching non-living objects, living organisms, disease or other forms of impairment, or human behavior. Investigative occupations are often associated with physical, life, medical, or social sciences, and can be found in the fields of humanities, mathematics/statistics, information technology, or health care service.Related occupations; Realistic— Work involves designing, building, or repairing of equipment, materials, or structures, engaging in physical activity, or working outdoors. Realistic occupations are often associated with engineering, mechanics and electronics, construction, woodworking, transportation, machine operation, agriculture, animal services, physical or manual labor, athletics, or protective services.Related occupations; Conventional— Work involves following procedures and regulations to organize information or data, typically in a business setting. Conventional occupations are often associated with office work, accounting, mathematics/statistics, information technology, finance, or human resources.Related occupations","Achievement— Occupations that satisfy this work value are results oriented and allow employees to use their strongest abilities, giving them a feeling of accomplishment. Corresponding needs are Ability Utilization and Achievement.Related occupations; Independence— Occupations that satisfy this work value allow employees to work on their own and make decisions. Corresponding needs are Creativity, Responsibility and Autonomy.Related occupations; Recognition— Occupations that satisfy this work value offer advancement, potential for leadership, and are often considered prestigious. Corresponding needs are Advancement, Authority, Recognition and Social Status.Related occupations",,https://www.onetonline.org/link/summary/19-2032.00,2025-09-08
15-1299.06,Digital Forensics Analysts,Computer and Mathematical,"Conduct investigations on computer-based crimes establishing documentary or physical evidence, such as digital media and logs associated with cyber intrusion incidents. Analyze digital evidence and investigate computer security incidents to derive information in support of system and network vulnerability mitigation. Preserve and present computer-related evidence in support of criminal, fraud, counterintelligence, or law enforcement investigations.",,,,,,Education,Experience Requirements,Training & Credentials,108970,,Bright Outlook,9%,,,"Investigative— Work involves studying and researching non-living objects, living organisms, disease or other forms of impairment, or human behavior. Investigative occupations are often associated with physical, life, medical, or social sciences, and can be found in the fields of humanities, mathematics/statistics, information technology, or health care service.Related occupations; Conventional— Work involves following procedures and regulations to organize information or data, typically in a business setting. Conventional occupations are often associated with office work, accounting, mathematics/statistics, information technology, finance, or human resources.Related occupations",,,https://www.onetonline.org/link/summary/15-1299.06,2025-09-08
15-2041.00,Statisticians,Computer and Mathematical,"Develop or apply mathematical or statistical theory and methods to collect, organize, interpret, and summarize numerical data to provide usable information. May specialize in fields such as biostatistics, agricultural statistics, business statistics, or economic statistics. Includes mathematical and survey statisticians.",,,"Mathematics— Knowledge of arithmetic, algebra, geometry, calculus, statistics, and their applications.Related occupations; Computers and Electronics— Knowledge of circuit boards, processors, chips, electronic equipment, and computer hardware and software, including applications and programming.Related occupations; English Language— Knowledge of the structure and content of the English language including the meaning and spelling of words, and rules of composition and grammar.Related occupations",,,Education,Experience Requirements,Training & Credentials,103300,,Bright Outlook,100%,,,"Investigative— Work involves studying and researching non-living objects, living organisms, disease or other forms of impairment, or human behavior. Investigative occupations are often associated with physical, life, medical, or social sciences, and can be found in the fields of humanities, mathematics/statistics, information technology, or health care service.Related occupations; Conventional— Work involves following procedures and regulations to organize information or data, typically in a business setting. Conventional occupations are often associated with office work, accounting, mathematics/statistics, information technology, finance, or human resources.Related occupations","Independence— Occupations that satisfy this work value allow employees to work on their own and make decisions. Corresponding needs are Creativity, Responsibility and Autonomy.Related occupations; Achievement— Occupations that satisfy this work value are results oriented and allow employees to use their strongest abilities, giving them a feeling of accomplishment. Corresponding needs are Ability Utilization and Achievement.Related occupations; Recognition— Occupations that satisfy this work value offer advancement, potential for leadership, and are often considered prestigious. Corresponding needs are Advancement, Authority, Recognition and Social Status.Related occupations",,https://www.onetonline.org/link/summary/15-2041.00,2025-09-08
17-3024.00,Electro-Mechanical and Mechatronics Technologists and Technicians,Architecture and Engineering,"Operate, test, maintain, or adjust unmanned, automated, servomechanical, or electromechanical equipment. May operate unmanned submarines, aircraft, or other equipment to observe or record visual information at sites such as oil rigs, crop fields, buildings, or for similar infrastructure, deep ocean exploration, or hazardous waste removal. May assist engineers in testing and designing robotics equipment.",,,,,,Education,Experience Requirements,Training & Credentials,70760,,Bright Outlook,85%,,,"Realistic— Work involves designing, building, or repairing of equipment, materials, or structures, engaging in physical activity, or working outdoors. Realistic occupations are often associated with engineering, mechanics and electronics, construction, woodworking, transportation, machine operation, agriculture, animal services, physical or manual labor, athletics, or protective services.Related occupations; Conventional— Work involves following procedures and regulations to organize information or data, typically in a business setting. Conventional occupations are often associated with office work, accounting, mathematics/statistics, information technology, finance, or human resources.Related occupations; Investigative— Work involves studying and researching non-living objects, living organisms, disease or other forms of impairment, or human behavior. Investigative occupations are often associated with physical, life, medical, or social sciences, and can be found in the fields of humanities, mathematics/statistics, information technology, or health care service.Related occupations","Relationships— Occupations that satisfy this work value allow employees to provide service to others and work with co-workers in a friendly non-competitive environment. Corresponding needs are Co-workers, Moral Values and Social Service.Related occupations; Support— Occupations that satisfy this work value offer supportive management that stands behind employees. Corresponding needs are Company Policies, Supervision: Human Relations and Supervision: Technical.Related occupations; Working Conditions— Occupations that satisfy this work value offer job security and good working conditions. Corresponding needs are Activity, Compensation, Independence, Security, Variety and Working Conditions.Related occupations",,https://www.onetonline.org/link/summary/17-3024.00,2025-09-08
25-1066.00,"Psychology Teachers, Postsecondary",Educational Instruction and Library,"Teach courses in psychology, such as child, clinical, and developmental psychology, and psychological counseling. Includes both teachers primarily engaged in teaching and those who do a combination of teaching and research.",,,,,,Education,Experience Requirements,Training & Credentials,80330,,Bright Outlook,98%,,,"Social— Work involves helping, teaching, advising, assisting, or providing service to others. Social occupations are often associated with social, health care, personal service, teaching/education, or religious activities.Related occupations; Investigative— Work involves studying and researching non-living objects, living organisms, disease or other forms of impairment, or human behavior. Investigative occupations are often associated with physical, life, medical, or social sciences, and can be found in the fields of humanities, mathematics/statistics, information technology, or health care service.Related occupations","Achievement— Occupations that satisfy this work value are results oriented and allow employees to use their strongest abilities, giving them a feeling of accomplishment. Corresponding needs are Ability Utilization and Achievement.Related occupations; Independence— Occupations that satisfy this work value allow employees to work on their own and make decisions. Corresponding needs are Creativity, Responsibility and Autonomy.Related occupations; Recognition— Occupations that satisfy this work value offer advancement, potential for leadership, and are often considered prestigious. Corresponding needs are Advancement, Authority, Recognition and Social Status.Related occupations",,https://www.onetonline.org/link/summary/25-1066.00,2025-09-08
11-2032.00,Public Relations Managers,Management,"Plan, direct, or coordinate activities designed to create or maintain a favorable public image or raise issue awareness for their organization or client.",,,,,,Education,Experience Requirements,Training & Credentials,138520,,Bright Outlook,6%,,,"Enterprising— Work involves managing, negotiating, marketing, or selling, typically in a business setting, or leading or advising people in political and legal situations. Enterprising occupations are often associated with business initiatives, sales, marketing/advertising, finance, management/administration, professional advising, public speaking, politics, or law.Related occupations; Conventional— Work involves following procedures and regulations to organize information or data, typically in a business setting. Conventional occupations are often associated with office work, accounting, mathematics/statistics, information technology, finance, or human resources.Related occupations; Social— Work involves helping, teaching, advising, assisting, or providing service to others. Social occupations are often associated with social, health care, personal service, teaching/education, or religious activities.Related occupations",,,https://www.onetonline.org/link/summary/11-2032.00,2025-09-08
11-2033.00,Fundraising Managers,Management,"Plan, direct, or coordinate activities to solicit and maintain funds for special projects or nonprofit organizations.",,,,,,Education,Experience Requirements,Training & Credentials,123480,,Bright Outlook,100%,,,"Enterprising— Work involves managing, negotiating, marketing, or selling, typically in a business setting, or leading or advising people in political and legal situations. Enterprising occupations are often associated with business initiatives, sales, marketing/advertising, finance, management/administration, professional advising, public speaking, politics, or law.Related occupations; Conventional— Work involves following procedures and regulations to organize information or data, typically in a business setting. Conventional occupations are often associated with office work, accounting, mathematics/statistics, information technology, finance, or human resources.Related occupations; Social— Work involves helping, teaching, advising, assisting, or providing service to others. Social occupations are often associated with social, health care, personal service, teaching/education, or religious activities.Related occupations",,,https://www.onetonline.org/link/summary/11-2033.00,2025-09-08
15-2041.01,Biostatisticians,Computer and Mathematical,Develop and apply biostatistical theory and methods to the study of life sciences.,,,"Mathematics— Knowledge of arithmetic, algebra, geometry, calculus, statistics, and their applications.Related occupations; English Language— Knowledge of the structure and content of the English language including the meaning and spelling of words, and rules of composition and grammar.Related occupations; Computers and Electronics— Knowledge of circuit boards, processors, chips, electronic equipment, and computer hardware and software, including applications and programming.Related occupations; Medicine and Dentistry— Knowledge of the information and techniques needed to diagnose and treat human injuries, diseases, and deformities. This includes symptoms, treatment alternatives, drug properties and interactions, and preventive health-care measures.Related occupations",,,Education,Experience Requirements,Training & Credentials,103300,,Bright Outlook,92%,,,"Investigative— Work involves studying and researching non-living objects, living organisms, disease or other forms of impairment, or human behavior. Investigative occupations are often associated with physical, life, medical, or social sciences, and can be found in the fields of humanities, mathematics/statistics, information technology, or health care service.Related occupations; Conventional— Work involves following procedures and regulations to organize information or data, typically in a business setting. Conventional occupations are often associated with office work, accounting, mathematics/statistics, information technology, finance, or human resources.Related occupations","Achievement— Occupations that satisfy this work value are results oriented and allow employees to use their strongest abilities, giving them a feeling of accomplishment. Corresponding needs are Ability Utilization and Achievement.Related occupations; Independence— Occupations that satisfy this work value allow employees to work on their own and make decisions. Corresponding needs are Creativity, Responsibility and Autonomy.Related occupations; Recognition— Occupations that satisfy this work value offer advancement, potential for leadership, and are often considered prestigious. Corresponding needs are Advancement, Authority, Recognition and Social Status.Related occupations",,https://www.onetonline.org/link/summary/15-2041.01,2025-09-08
17-2112.00,Industrial Engineers,Architecture and Engineering,"Design, develop, test, and evaluate integrated systems for managing industrial production processes, including human work factors, quality control, inventory control, logistics and material flow, cost analysis, and production coordination.",,,,,,Education,Experience Requirements,Training & Credentials,101140,,Bright Outlook,93%,,,"Conventional— Work involves following procedures and regulations to organize information or data, typically in a business setting. Conventional occupations are often associated with office work, accounting, mathematics/statistics, information technology, finance, or human resources.Related occupations; Investigative— Work involves studying and researching non-living objects, living organisms, disease or other forms of impairment, or human behavior. Investigative occupations are often associated with physical, life, medical, or social sciences, and can be found in the fields of humanities, mathematics/statistics, information technology, or health care service.Related occupations; Realistic— Work involves designing, building, or repairing of equipment, materials, or structures, engaging in physical activity, or working outdoors. Realistic occupations are often associated with engineering, mechanics and electronics, construction, woodworking, transportation, machine operation, agriculture, animal services, physical or manual labor, athletics, or protective services.Related occupations","Independence— Occupations that satisfy this work value allow employees to work on their own and make decisions. Corresponding needs are Creativity, Responsibility and Autonomy.Related occupations; Recognition— Occupations that satisfy this work value offer advancement, potential for leadership, and are often considered prestigious. Corresponding needs are Advancement, Authority, Recognition and Social Status.Related occupations; Achievement— Occupations that satisfy this work value are results oriented and allow employees to use their strongest abilities, giving them a feeling of accomplishment. Corresponding needs are Ability Utilization and Achievement.Related occupations",,https://www.onetonline.org/link/summary/17-2112.00,2025-09-08
17-2131.00,Materials Engineers,Architecture and Engineering,"Evaluate materials and develop machinery and processes to manufacture materials for use in products that must meet specialized design and performance specifications. Develop new uses for known materials. Includes those engineers working with composite materials or specializing in one type of material, such as graphite, metal and metal alloys, ceramics and glass, plastics and polymers, and naturally occurring materials. Includes metallurgists and metallurgical engineers, ceramic engineers, and welding engineers.",,,,,,Education,Experience Requirements,Training & Credentials,108310,,Bright Outlook,100%,,,"Realistic— Work involves designing, building, or repairing of equipment, materials, or structures, engaging in physical activity, or working outdoors. Realistic occupations are often associated with engineering, mechanics and electronics, construction, woodworking, transportation, machine operation, agriculture, animal services, physical or manual labor, athletics, or protective services.Related occupations; Investigative— Work involves studying and researching non-living objects, living organisms, disease or other forms of impairment, or human behavior. Investigative occupations are often associated with physical, life, medical, or social sciences, and can be found in the fields of humanities, mathematics/statistics, information technology, or health care service.Related occupations; Conventional— Work involves following procedures and regulations to organize information or data, typically in a business setting. Conventional occupations are often associated with office work, accounting, mathematics/statistics, information technology, finance, or human resources.Related occupations","Support— Occupations that satisfy this work value offer supportive management that stands behind employees. Corresponding needs are Company Policies, Supervision: Human Relations and Supervision: Technical.Related occupations; Working Conditions— Occupations that satisfy this work value offer job security and good working conditions. Corresponding needs are Activity, Compensation, Independence, Security, Variety and Working Conditions.Related occupations; Independence— Occupations that satisfy this work value allow employees to work on their own and make decisions. Corresponding needs are Creativity, Responsibility and Autonomy.Related occupations",,https://www.onetonline.org/link/summary/17-2131.00,2025-09-08
19-3099.01,Transportation Planners,"Life, Physical, and Social Science","Prepare studies for proposed transportation projects. Gather, compile, and analyze data. Study the use and operation of transportation systems. Develop transportation models or simulations.",,,,,,Education,Experience Requirements,Training & Credentials,100340,,Bright Outlook,100%,,,"Investigative— Work involves studying and researching non-living objects, living organisms, disease or other forms of impairment, or human behavior. Investigative occupations are often associated with physical, life, medical, or social sciences, and can be found in the fields of humanities, mathematics/statistics, information technology, or health care service.Related occupations; Conventional— Work involves following procedures and regulations to organize information or data, typically in a business setting. Conventional occupations are often associated with office work, accounting, mathematics/statistics, information technology, finance, or human resources.Related occupations","Achievement— Occupations that satisfy this work value are results oriented and allow employees to use their strongest abilities, giving them a feeling of accomplishment. Corresponding needs are Ability Utilization and Achievement.Related occupations; Independence— Occupations that satisfy this work value allow employees to work on their own and make decisions. Corresponding needs are Creativity, Responsibility and Autonomy.Related occupations; Working Conditions— Occupations that satisfy this work value offer job security and good working conditions. Corresponding needs are Activity, Compensation, Independence, Security, Variety and Working Conditions.Related occupations",,https://www.onetonline.org/link/summary/19-3099.01,2025-09-08
19-4031.00,Chemical Technicians,"Life, Physical, and Social Science","Conduct chemical and physical laboratory tests to assist scientists in making qualitative and quantitative analyses of solids, liquids, and gaseous materials for research and development of new products or processes, quality control, maintenance of environmental standards, and other work involving experimental, theoretical, or practical application of chemistry and related sciences.",,,"Chemistry— Knowledge of the chemical composition, structure, and properties of substances and of the chemical processes and transformations that they undergo. This includes uses of chemicals and their interactions, danger signs, production techniques, and disposal methods.Related occupations; English Language— Knowledge of the structure and content of the English language including the meaning and spelling of words, and rules of composition and grammar.Related occupations; Mathematics— Knowledge of arithmetic, algebra, geometry, calculus, statistics, and their applications.Related occupations; Computers and Electronics— Knowledge of circuit boards, processors, chips, electronic equipment, and computer hardware and software, including applications and programming.Related occupations",,,Education,Experience Requirements,"Sample of reported job titles:Analytical Laboratory Technician (Analytical Lab Technician), Chemical Analyst, Chemical Technician, Laboratory Analyst (Lab Analyst), Laboratory Technician (Lab Tech), Laboratory Tester (Lab Tester), Organic Preparation Analyst (Organic Prep Analyst), Quality Control Laboratory Technician (QC Lab Tech), Quality Control Technician (QC Tech), Research Technician",57790,,Bright Outlook,100%,,,"Investigative— Work involves studying and researching non-living objects, living organisms, disease or other forms of impairment, or human behavior. Investigative occupations are often associated with physical, life, medical, or social sciences, and can be found in the fields of humanities, mathematics/statistics, information technology, or health care service.Related occupations; Realistic— Work involves designing, building, or repairing of equipment, materials, or structures, engaging in physical activity, or working outdoors. Realistic occupations are often associated with engineering, mechanics and electronics, construction, woodworking, transportation, machine operation, agriculture, animal services, physical or manual labor, athletics, or protective services.Related occupations; Conventional— Work involves following procedures and regulations to organize information or data, typically in a business setting. Conventional occupations are often associated with office work, accounting, mathematics/statistics, information technology, finance, or human resources.Related occupations","Support— Occupations that satisfy this work value offer supportive management that stands behind employees. Corresponding needs are Company Policies, Supervision: Human Relations and Supervision: Technical.Related occupations; Relationships— Occupations that satisfy this work value allow employees to provide service to others and work with co-workers in a friendly non-competitive environment. Corresponding needs are Co-workers, Moral Values and Social Service.Related occupations; Working Conditions— Occupations that satisfy this work value offer job security and good working conditions. Corresponding needs are Activity, Compensation, Independence, Security, Variety and Working Conditions.Related occupations",,https://www.onetonline.org/link/summary/19-4031.00,2025-09-08
25-2011.00,"Preschool Teachers, Except Special Education",Educational Instruction and Library,"Instruct preschool-aged students, following curricula or lesson plans, in activities designed to promote social, physical, and intellectual growth.",,,"Education and Training— Knowledge of principles and methods for curriculum and training design, teaching and instruction for individuals and groups, and the measurement of training effects.Related occupations; English Language— Knowledge of the structure and content of the English language including the meaning and spelling of words, and rules of composition and grammar.Related occupations; Public Safety and Security— Knowledge of relevant equipment, policies, procedures, and strategies to promote effective local, state, or national security operations for the protection of people, data, property, and institutions.Related occupations; Customer and Personal Service— Knowledge of principles and processes for providing customer and personal services. This includes customer needs assessment, meeting quality standards for services, and evaluation of customer satisfaction.Related occupations; Psychology— Knowledge of human behavior and performance; individual differences in ability, personality, and interests; learning and motivation; psychological research methods; and the assessment and treatment of behavioral and affective disorders.Related occupations",,,"25-2011.00 - Preschool Teachers, Except Special Education",Experience Requirements,Training & Credentials,37120,,Bright Outlook,89%,,,"Social— Work involves helping, teaching, advising, assisting, or providing service to others. Social occupations are often associated with social, health care, personal service, teaching/education, or religious activities.Related occupations; Artistic— Work involves creating original visual artwork, performances, written works, food, or music for a variety of media, or applying artistic principles to the design of various objects and materials. Artistic occupations are often associated with visual arts, applied arts and design, performing arts, music, creative writing, media, or culinary art.Related occupations","Relationships— Occupations that satisfy this work value allow employees to provide service to others and work with co-workers in a friendly non-competitive environment. Corresponding needs are Co-workers, Moral Values and Social Service.Related occupations; Achievement— Occupations that satisfy this work value are results oriented and allow employees to use their strongest abilities, giving them a feeling of accomplishment. Corresponding needs are Ability Utilization and Achievement.Related occupations; Independence— Occupations that satisfy this work value allow employees to work on their own and make decisions. Corresponding needs are Creativity, Responsibility and Autonomy.Related occupations",,https://www.onetonline.org/link/summary/25-2011.00,2025-09-08
25-2055.00,"Special Education Teachers, Kindergarten",Educational Instruction and Library,"Teach academic, social, and life skills to kindergarten students with learning, emotional, or physical disabilities. Includes teachers who specialize and work with students who are blind or have visual impairments; students who are deaf or have hearing impairments; and students with intellectual disabilities.",,,,,,"25-2055.00 - Special Education Teachers, Kindergarten",Experience Requirements,Training & Credentials,63000,,Bright Outlook,1%,,,"Social— Work involves helping, teaching, advising, assisting, or providing service to others. Social occupations are often associated with social, health care, personal service, teaching/education, or religious activities.Related occupations",,,https://www.onetonline.org/link/summary/25-2055.00,2025-09-08
25-2056.00,"Special Education Teachers, Elementary School",Educational Instruction and Library,"Teach academic, social, and life skills to elementary school students with learning, emotional, or physical disabilities. Includes teachers who specialize and work with students who are blind or have visual impairments; students who are deaf or have hearing impairments; and students with intellectual disabilities.",,,,,,"25-2056.00 - Special Education Teachers, Elementary School",Experience Requirements,Training & Credentials,63000,,Bright Outlook,88%,,,"Social— Work involves helping, teaching, advising, assisting, or providing service to others. Social occupations are often associated with social, health care, personal service, teaching/education, or religious activities.Related occupations; Investigative— Work involves studying and researching non-living objects, living organisms, disease or other forms of impairment, or human behavior. Investigative occupations are often associated with physical, life, medical, or social sciences, and can be found in the fields of humanities, mathematics/statistics, information technology, or health care service.Related occupations",,,https://www.onetonline.org/link/summary/25-2056.00,2025-09-08
25-2059.01,Adapted Physical Education Specialists,Educational Instruction and Library,"Provide individualized physical education instruction or services to children, youth, or adults with exceptional physical needs due to gross motor developmental delays or other impairments.",,,"Education and Training— Knowledge of principles and methods for curriculum and training design, teaching and instruction for individuals and groups, and the measurement of training effects.Related occupations; Psychology— Knowledge of human behavior and performance; individual differences in ability, personality, and interests; learning and motivation; psychological research methods; and the assessment and treatment of behavioral and affective disorders.Related occupations; English Language— Knowledge of the structure and content of the English language including the meaning and spelling of words, and rules of composition and grammar.Related occupations; Therapy and Counseling— Knowledge of principles, methods, and procedures for diagnosis, treatment, and rehabilitation of physical and mental dysfunctions, and for career counseling and guidance.Related occupations; Customer and Personal Service— Knowledge of principles and processes for providing customer and personal services. This includes customer needs assessment, meeting quality standards for services, and evaluation of customer satisfaction.Related occupations",,,25-2059.01 - Adapted Physical Education Specialists,Experience Requirements,Training & Credentials,67430,,Bright Outlook,86%,,,"Social— Work involves helping, teaching, advising, assisting, or providing service to others. Social occupations are often associated with social, health care, personal service, teaching/education, or religious activities.Related occupations; Realistic— Work involves designing, building, or repairing of equipment, materials, or structures, engaging in physical activity, or working outdoors. Realistic occupations are often associated with engineering, mechanics and electronics, construction, woodworking, transportation, machine operation, agriculture, animal services, physical or manual labor, athletics, or protective services.Related occupations","Relationships— Occupations that satisfy this work value allow employees to provide service to others and work with co-workers in a friendly non-competitive environment. Corresponding needs are Co-workers, Moral Values and Social Service.Related occupations; Achievement— Occupations that satisfy this work value are results oriented and allow employees to use their strongest abilities, giving them a feeling of accomplishment. Corresponding needs are Ability Utilization and Achievement.Related occupations; Independence— Occupations that satisfy this work value allow employees to work on their own and make decisions. Corresponding needs are Creativity, Responsibility and Autonomy.Related occupations",,https://www.onetonline.org/link/summary/25-2059.01,2025-09-08
49-2021.00,"Radio, Cellular, and Tower Equipment Installers and Repairers","Installation, Maintenance, and Repair","Repair, install, or maintain mobile or stationary radio transmitting, broadcasting, and receiving equipment, and two-way radio communications systems used in cellular telecommunications, mobile broadband, ship-to-shore, aircraft-to-ground communications, and radio equipment in service and emergency vehicles. May test and analyze network coverage.",,,,,,Education,Experience Requirements,Training & Credentials,64190,,Bright Outlook,83%,,,"Realistic— Work involves designing, building, or repairing of equipment, materials, or structures, engaging in physical activity, or working outdoors. Realistic occupations are often associated with engineering, mechanics and electronics, construction, woodworking, transportation, machine operation, agriculture, animal services, physical or manual labor, athletics, or protective services.Related occupations; Conventional— Work involves following procedures and regulations to organize information or data, typically in a business setting. Conventional occupations are often associated with office work, accounting, mathematics/statistics, information technology, finance, or human resources.Related occupations; Investigative— Work involves studying and researching non-living objects, living organisms, disease or other forms of impairment, or human behavior. Investigative occupations are often associated with physical, life, medical, or social sciences, and can be found in the fields of humanities, mathematics/statistics, information technology, or health care service.Related occupations","Achievement— Occupations that satisfy this work value are results oriented and allow employees to use their strongest abilities, giving them a feeling of accomplishment. Corresponding needs are Ability Utilization and Achievement.Related occupations; Support— Occupations that satisfy this work value offer supportive management that stands behind employees. Corresponding needs are Company Policies, Supervision: Human Relations and Supervision: Technical.Related occupations; Working Conditions— Occupations that satisfy this work value offer job security and good working conditions. Corresponding needs are Activity, Compensation, Independence, Security, Variety and Working Conditions.Related occupations",,https://www.onetonline.org/link/summary/49-2021.00,2025-09-08
13-1081.02,Logistics Analysts,Business and Financial Operations,"Analyze product delivery or supply chain processes to identify or recommend changes. May manage route activity including invoicing, electronic bills, and shipment tracing.",,,,,,Education,Experience Requirements,Training & Credentials,80880,,Bright Outlook,100%,,,"Conventional— Work involves following procedures and regulations to organize information or data, typically in a business setting. Conventional occupations are often associated with office work, accounting, mathematics/statistics, information technology, finance, or human resources.Related occupations; Enterprising— Work involves managing, negotiating, marketing, or selling, typically in a business setting, or leading or advising people in political and legal situations. Enterprising occupations are often associated with business initiatives, sales, marketing/advertising, finance, management/administration, professional advising, public speaking, politics, or law.Related occupations; Investigative— Work involves studying and researching non-living objects, living organisms, disease or other forms of impairment, or human behavior. Investigative occupations are often associated with physical, life, medical, or social sciences, and can be found in the fields of humanities, mathematics/statistics, information technology, or health care service.Related occupations","Achievement— Occupations that satisfy this work value are results oriented and allow employees to use their strongest abilities, giving them a feeling of accomplishment. Corresponding needs are Ability Utilization and Achievement.Related occupations; Independence— Occupations that satisfy this work value allow employees to work on their own and make decisions. Corresponding needs are Creativity, Responsibility and Autonomy.Related occupations; Recognition— Occupations that satisfy this work value offer advancement, potential for leadership, and are often considered prestigious. Corresponding needs are Advancement, Authority, Recognition and Social Status.Related occupations",,https://www.onetonline.org/link/summary/13-1081.02,2025-09-08
13-1131.00,Fundraisers,Business and Financial Operations,"Organize activities to raise funds or otherwise solicit and gather monetary donations or other gifts for an organization. May design and produce promotional materials. May also raise awareness of the organization's work, goals, and financial needs.",,,,,,Education,Experience Requirements,Training & Credentials,66490,,Bright Outlook,100%,,,"Enterprising— Work involves managing, negotiating, marketing, or selling, typically in a business setting, or leading or advising people in political and legal situations. Enterprising occupations are often associated with business initiatives, sales, marketing/advertising, finance, management/administration, professional advising, public speaking, politics, or law.Related occupations; Social— Work involves helping, teaching, advising, assisting, or providing service to others. Social occupations are often associated with social, health care, personal service, teaching/education, or religious activities.Related occupations; Conventional— Work involves following procedures and regulations to organize information or data, typically in a business setting. Conventional occupations are often associated with office work, accounting, mathematics/statistics, information technology, finance, or human resources.Related occupations","Achievement— Occupations that satisfy this work value are results oriented and allow employees to use their strongest abilities, giving them a feeling of accomplishment. Corresponding needs are Ability Utilization and Achievement.Related occupations; Relationships— Occupations that satisfy this work value allow employees to provide service to others and work with co-workers in a friendly non-competitive environment. Corresponding needs are Co-workers, Moral Values and Social Service.Related occupations; Independence— Occupations that satisfy this work value allow employees to work on their own and make decisions. Corresponding needs are Creativity, Responsibility and Autonomy.Related occupations",,https://www.onetonline.org/link/summary/13-1131.00,2025-09-08
19-1013.00,Soil and Plant Scientists,"Life, Physical, and Social Science","Conduct research in breeding, physiology, production, yield, and management of crops and agricultural plants or trees, shrubs, and nursery stock, their growth in soils, and control of pests; or study the chemical, physical, biological, and mineralogical composition of soils as they relate to plant or crop growth. May classify and map soils and investigate effects of alternative practices on soil and crop productivity.",,,,,,Education,Experience Requirements,Training & Credentials,71410,,Bright Outlook,81%,,,"Investigative— Work involves studying and researching non-living objects, living organisms, disease or other forms of impairment, or human behavior. Investigative occupations are often associated with physical, life, medical, or social sciences, and can be found in the fields of humanities, mathematics/statistics, information technology, or health care service.Related occupations; Realistic— Work involves designing, building, or repairing of equipment, materials, or structures, engaging in physical activity, or working outdoors. Realistic occupations are often associated with engineering, mechanics and electronics, construction, woodworking, transportation, machine operation, agriculture, animal services, physical or manual labor, athletics, or protective services.Related occupations","Achievement— Occupations that satisfy this work value are results oriented and allow employees to use their strongest abilities, giving them a feeling of accomplishment. Corresponding needs are Ability Utilization and Achievement.Related occupations; Independence— Occupations that satisfy this work value allow employees to work on their own and make decisions. Corresponding needs are Creativity, Responsibility and Autonomy.Related occupations; Recognition— Occupations that satisfy this work value offer advancement, potential for leadership, and are often considered prestigious. Corresponding needs are Advancement, Authority, Recognition and Social Status.Related occupations",,https://www.onetonline.org/link/summary/19-1013.00,2025-09-08
19-3092.00,Geographers,"Life, Physical, and Social Science","Study the nature and use of areas of the Earth's surface, relating and interpreting interactions of physical and cultural phenomena. Conduct research on physical aspects of a region, including land forms, climates, soils, plants, and animals, and conduct research on the spatial implications of human activities within a given area, including social characteristics, economic activities, and political organization, as well as researching interdependence between regions at scales ranging from local to global.",,,,,,Education,Experience Requirements,Training & Credentials,97200,,Bright Outlook,90%,,,"Investigative— Work involves studying and researching non-living objects, living organisms, disease or other forms of impairment, or human behavior. Investigative occupations are often associated with physical, life, medical, or social sciences, and can be found in the fields of humanities, mathematics/statistics, information technology, or health care service.Related occupations; Realistic— Work involves designing, building, or repairing of equipment, materials, or structures, engaging in physical activity, or working outdoors. Realistic occupations are often associated with engineering, mechanics and electronics, construction, woodworking, transportation, machine operation, agriculture, animal services, physical or manual labor, athletics, or protective services.Related occupations","Independence— Occupations that satisfy this work value allow employees to work on their own and make decisions. Corresponding needs are Creativity, Responsibility and Autonomy.Related occupations; Achievement— Occupations that satisfy this work value are results oriented and allow employees to use their strongest abilities, giving them a feeling of accomplishment. Corresponding needs are Ability Utilization and Achievement.Related occupations; Working Conditions— Occupations that satisfy this work value offer job security and good working conditions. Corresponding needs are Activity, Compensation, Independence, Security, Variety and Working Conditions.Related occupations",,https://www.onetonline.org/link/summary/19-3092.00,2025-09-08
19-4012.01,Precision Agriculture Technicians,"Life, Physical, and Social Science","Apply geospatial technologies, including geographic information systems (GIS) and Global Positioning System (GPS), to agricultural production or management activities, such as pest scouting, site-specific pesticide application, yield mapping, or variable-rate irrigation. May use computers to develop or analyze maps or remote sensing images to compare physical topography with data on soils, fertilizer, pests, or weather.",,,,,,Education,Experience Requirements,Training & Credentials,46790,,Bright Outlook,86%,,,"Realistic— Work involves designing, building, or repairing of equipment, materials, or structures, engaging in physical activity, or working outdoors. Realistic occupations are often associated with engineering, mechanics and electronics, construction, woodworking, transportation, machine operation, agriculture, animal services, physical or manual labor, athletics, or protective services.Related occupations; Investigative— Work involves studying and researching non-living objects, living organisms, disease or other forms of impairment, or human behavior. Investigative occupations are often associated with physical, life, medical, or social sciences, and can be found in the fields of humanities, mathematics/statistics, information technology, or health care service.Related occupations; Conventional— Work involves following procedures and regulations to organize information or data, typically in a business setting. Conventional occupations are often associated with office work, accounting, mathematics/statistics, information technology, finance, or human resources.Related occupations","Working Conditions— Occupations that satisfy this work value offer job security and good working conditions. Corresponding needs are Activity, Compensation, Independence, Security, Variety and Working Conditions.Related occupations; Independence— Occupations that satisfy this work value allow employees to work on their own and make decisions. Corresponding needs are Creativity, Responsibility and Autonomy.Related occupations; Support— Occupations that satisfy this work value offer supportive management that stands behind employees. Corresponding needs are Company Policies, Supervision: Human Relations and Supervision: Technical.Related occupations",,https://www.onetonline.org/link/summary/19-4012.01,2025-09-08
41-9031.00,Sales Engineers,Sales and Related,"Sell business goods or services, the selling of which requires a technical background equivalent to a baccalaureate degree in engineering.",,,,,,Education,Experience Requirements,Training & Credentials,121520,,Bright Outlook,100%,,,"Enterprising— Work involves managing, negotiating, marketing, or selling, typically in a business setting, or leading or advising people in political and legal situations. Enterprising occupations are often associated with business initiatives, sales, marketing/advertising, finance, management/administration, professional advising, public speaking, politics, or law.Related occupations; Conventional— Work involves following procedures and regulations to organize information or data, typically in a business setting. Conventional occupations are often associated with office work, accounting, mathematics/statistics, information technology, finance, or human resources.Related occupations","Achievement— Occupations that satisfy this work value are results oriented and allow employees to use their strongest abilities, giving them a feeling of accomplishment. Corresponding needs are Ability Utilization and Achievement.Related occupations; Working Conditions— Occupations that satisfy this work value offer job security and good working conditions. Corresponding needs are Activity, Compensation, Independence, Security, Variety and Working Conditions.Related occupations; Relationships— Occupations that satisfy this work value allow employees to provide service to others and work with co-workers in a friendly non-competitive environment. Corresponding needs are Co-workers, Moral Values and Social Service.Related occupations",,https://www.onetonline.org/link/summary/41-9031.00,2025-09-08
49-2011.00,"Computer, Automated Teller, and Office Machine Repairers","Installation, Maintenance, and Repair","Repair, maintain, or install computers, word processing systems, automated teller machines, and electronic office machines, such as duplicating and fax machines.",,,"Computers and Electronics— Knowledge of circuit boards, processors, chips, electronic equipment, and computer hardware and software, including applications and programming.Related occupations; Customer and Personal Service— Knowledge of principles and processes for providing customer and personal services. This includes customer needs assessment, meeting quality standards for services, and evaluation of customer satisfaction.Related occupations; Mechanical— Knowledge of machines and tools, including their designs, uses, repair, and maintenance.Related occupations; Engineering and Technology— Knowledge of the practical application of engineering science and technology. This includes applying principles, techniques, procedures, and equipment to the design and production of various goods and services.Related occupations; English Language— Knowledge of the structure and content of the English language including the meaning and spelling of words, and rules of composition and grammar.Related occupations",,,Education,Experience Requirements,Training & Credentials,46860,,Bright Outlook,94%,,,"Realistic— Work involves designing, building, or repairing of equipment, materials, or structures, engaging in physical activity, or working outdoors. Realistic occupations are often associated with engineering, mechanics and electronics, construction, woodworking, transportation, machine operation, agriculture, animal services, physical or manual labor, athletics, or protective services.Related occupations; Conventional— Work involves following procedures and regulations to organize information or data, typically in a business setting. Conventional occupations are often associated with office work, accounting, mathematics/statistics, information technology, finance, or human resources.Related occupations","Support— Occupations that satisfy this work value offer supportive management that stands behind employees. Corresponding needs are Company Policies, Supervision: Human Relations and Supervision: Technical.Related occupations; Independence— Occupations that satisfy this work value allow employees to work on their own and make decisions. Corresponding needs are Creativity, Responsibility and Autonomy.Related occupations; Working Conditions— Occupations that satisfy this work value offer job security and good working conditions. Corresponding needs are Activity, Compensation, Independence, Security, Variety and Working Conditions.Related occupations",,https://www.onetonline.org/link/summary/49-2011.00,2025-09-08
17-2141.01,Fuel Cell Engineers,Architecture and Engineering,"Design, evaluate, modify, or construct fuel cell components or systems for transportation, stationary, or portable applications.",,,,,,Education,Experience Requirements,Training & Credentials,102320,,Bright Outlook,95%,,,"Realistic— Work involves designing, building, or repairing of equipment, materials, or structures, engaging in physical activity, or working outdoors. Realistic occupations are often associated with engineering, mechanics and electronics, construction, woodworking, transportation, machine operation, agriculture, animal services, physical or manual labor, athletics, or protective services.Related occupations; Investigative— Work involves studying and researching non-living objects, living organisms, disease or other forms of impairment, or human behavior. Investigative occupations are often associated with physical, life, medical, or social sciences, and can be found in the fields of humanities, mathematics/statistics, information technology, or health care service.Related occupations; Conventional— Work involves following procedures and regulations to organize information or data, typically in a business setting. Conventional occupations are often associated with office work, accounting, mathematics/statistics, information technology, finance, or human resources.Related occupations","Achievement— Occupations that satisfy this work value are results oriented and allow employees to use their strongest abilities, giving them a feeling of accomplishment. Corresponding needs are Ability Utilization and Achievement.Related occupations; Independence— Occupations that satisfy this work value allow employees to work on their own and make decisions. Corresponding needs are Creativity, Responsibility and Autonomy.Related occupations; Working Conditions— Occupations that satisfy this work value offer job security and good working conditions. Corresponding needs are Activity, Compensation, Independence, Security, Variety and Working Conditions.Related occupations",,https://www.onetonline.org/link/summary/17-2141.01,2025-09-08
19-2012.00,Physicists,"Life, Physical, and Social Science","Conduct research into physical phenomena, develop theories on the basis of observation and experiments, and devise methods to apply physical laws and theories.",,,,,,Education,Experience Requirements,Training & Credentials,166290,,Bright Outlook,92%,,,"Investigative— Work involves studying and researching non-living objects, living organisms, disease or other forms of impairment, or human behavior. Investigative occupations are often associated with physical, life, medical, or social sciences, and can be found in the fields of humanities, mathematics/statistics, information technology, or health care service.Related occupations; Realistic— Work involves designing, building, or repairing of equipment, materials, or structures, engaging in physical activity, or working outdoors. Realistic occupations are often associated with engineering, mechanics and electronics, construction, woodworking, transportation, machine operation, agriculture, animal services, physical or manual labor, athletics, or protective services.Related occupations; Conventional— Work involves following procedures and regulations to organize information or data, typically in a business setting. Conventional occupations are often associated with office work, accounting, mathematics/statistics, information technology, finance, or human resources.Related occupations","Recognition— Occupations that satisfy this work value offer advancement, potential for leadership, and are often considered prestigious. Corresponding needs are Advancement, Authority, Recognition and Social Status.Related occupations; Working Conditions— Occupations that satisfy this work value offer job security and good working conditions. Corresponding needs are Activity, Compensation, Independence, Security, Variety and Working Conditions.Related occupations; Achievement— Occupations that satisfy this work value are results oriented and allow employees to use their strongest abilities, giving them a feeling of accomplishment. Corresponding needs are Ability Utilization and Achievement.Related occupations",,https://www.onetonline.org/link/summary/19-2012.00,2025-09-08
19-2031.00,Chemists,"Life, Physical, and Social Science",Conduct qualitative and quantitative chemical analyses or experiments in laboratories for quality or process control or to develop new products or knowledge.,,,,,,Education,Experience Requirements,Training & Credentials,84150,,Bright Outlook,92%,,,"Investigative— Work involves studying and researching non-living objects, living organisms, disease or other forms of impairment, or human behavior. Investigative occupations are often associated with physical, life, medical, or social sciences, and can be found in the fields of humanities, mathematics/statistics, information technology, or health care service.Related occupations; Realistic— Work involves designing, building, or repairing of equipment, materials, or structures, engaging in physical activity, or working outdoors. Realistic occupations are often associated with engineering, mechanics and electronics, construction, woodworking, transportation, machine operation, agriculture, animal services, physical or manual labor, athletics, or protective services.Related occupations; Conventional— Work involves following procedures and regulations to organize information or data, typically in a business setting. Conventional occupations are often associated with office work, accounting, mathematics/statistics, information technology, finance, or human resources.Related occupations","Achievement— Occupations that satisfy this work value are results oriented and allow employees to use their strongest abilities, giving them a feeling of accomplishment. Corresponding needs are Ability Utilization and Achievement.Related occupations; Independence— Occupations that satisfy this work value allow employees to work on their own and make decisions. Corresponding needs are Creativity, Responsibility and Autonomy.Related occupations; Working Conditions— Occupations that satisfy this work value offer job security and good working conditions. Corresponding needs are Activity, Compensation, Independence, Security, Variety and Working Conditions.Related occupations",,https://www.onetonline.org/link/summary/19-2031.00,2025-09-08
17-2041.00,Chemical Engineers,Architecture and Engineering,"Design chemical plant equipment and devise processes for manufacturing chemicals and products, such as gasoline, synthetic rubber, plastics, detergents, cement, paper, and pulp, by applying principles and technology of chemistry, physics, and engineering.",,,,,,Education,Experience Requirements,Training & Credentials,121860,,Bright Outlook,100%,,,"Realistic— Work involves designing, building, or repairing of equipment, materials, or structures, engaging in physical activity, or working outdoors. Realistic occupations are often associated with engineering, mechanics and electronics, construction, woodworking, transportation, machine operation, agriculture, animal services, physical or manual labor, athletics, or protective services.Related occupations; Investigative— Work involves studying and researching non-living objects, living organisms, disease or other forms of impairment, or human behavior. Investigative occupations are often associated with physical, life, medical, or social sciences, and can be found in the fields of humanities, mathematics/statistics, information technology, or health care service.Related occupations; Conventional— Work involves following procedures and regulations to organize information or data, typically in a business setting. Conventional occupations are often associated with office work, accounting, mathematics/statistics, information technology, finance, or human resources.Related occupations","Recognition— Occupations that satisfy this work value offer advancement, potential for leadership, and are often considered prestigious. Corresponding needs are Advancement, Authority, Recognition and Social Status.Related occupations; Achievement— Occupations that satisfy this work value are results oriented and allow employees to use their strongest abilities, giving them a feeling of accomplishment. Corresponding needs are Ability Utilization and Achievement.Related occupations; Independence— Occupations that satisfy this work value allow employees to work on their own and make decisions. Corresponding needs are Creativity, Responsibility and Autonomy.Related occupations",,https://www.onetonline.org/link/summary/17-2041.00,2025-09-08
17-2112.02,Validation Engineers,Architecture and Engineering,"Design or plan protocols for equipment or processes to produce products meeting internal and external purity, safety, and quality requirements.",,,,,,Education,Experience Requirements,Training & Credentials,101140,,Bright Outlook,89%,,,"Investigative— Work involves studying and researching non-living objects, living organisms, disease or other forms of impairment, or human behavior. Investigative occupations are often associated with physical, life, medical, or social sciences, and can be found in the fields of humanities, mathematics/statistics, information technology, or health care service.Related occupations; Conventional— Work involves following procedures and regulations to organize information or data, typically in a business setting. Conventional occupations are often associated with office work, accounting, mathematics/statistics, information technology, finance, or human resources.Related occupations; Realistic— Work involves designing, building, or repairing of equipment, materials, or structures, engaging in physical activity, or working outdoors. Realistic occupations are often associated with engineering, mechanics and electronics, construction, woodworking, transportation, machine operation, agriculture, animal services, physical or manual labor, athletics, or protective services.Related occupations","Working Conditions— Occupations that satisfy this work value offer job security and good working conditions. Corresponding needs are Activity, Compensation, Independence, Security, Variety and Working Conditions.Related occupations; Achievement— Occupations that satisfy this work value are results oriented and allow employees to use their strongest abilities, giving them a feeling of accomplishment. Corresponding needs are Ability Utilization and Achievement.Related occupations; Independence— Occupations that satisfy this work value allow employees to work on their own and make decisions. Corresponding needs are Creativity, Responsibility and Autonomy.Related occupations",,https://www.onetonline.org/link/summary/17-2112.02,2025-09-08
17-3027.00,Mechanical Engineering Technologists and Technicians,Architecture and Engineering,"Apply theory and principles of mechanical engineering to modify, develop, test, or adjust machinery and equipment under direction of engineering staff or physical scientists.",,,,,,Education,Experience Requirements,Training & Credentials,68730,,Bright Outlook,82%,,,"Realistic— Work involves designing, building, or repairing of equipment, materials, or structures, engaging in physical activity, or working outdoors. Realistic occupations are often associated with engineering, mechanics and electronics, construction, woodworking, transportation, machine operation, agriculture, animal services, physical or manual labor, athletics, or protective services.Related occupations; Investigative— Work involves studying and researching non-living objects, living organisms, disease or other forms of impairment, or human behavior. Investigative occupations are often associated with physical, life, medical, or social sciences, and can be found in the fields of humanities, mathematics/statistics, information technology, or health care service.Related occupations; Conventional— Work involves following procedures and regulations to organize information or data, typically in a business setting. Conventional occupations are often associated with office work, accounting, mathematics/statistics, information technology, finance, or human resources.Related occupations","Support— Occupations that satisfy this work value offer supportive management that stands behind employees. Corresponding needs are Company Policies, Supervision: Human Relations and Supervision: Technical.Related occupations; Working Conditions— Occupations that satisfy this work value offer job security and good working conditions. Corresponding needs are Activity, Compensation, Independence, Security, Variety and Working Conditions.Related occupations; Relationships— Occupations that satisfy this work value allow employees to provide service to others and work with co-workers in a friendly non-competitive environment. Corresponding needs are Co-workers, Moral Values and Social Service.Related occupations",,https://www.onetonline.org/link/summary/17-3027.00,2025-09-08
19-1012.00,Food Scientists and Technologists,"Life, Physical, and Social Science","Use chemistry, microbiology, engineering, and other sciences to study the principles underlying the processing and deterioration of foods; analyze food content to determine levels of vitamins, fat, sugar, and protein; discover new food sources; research ways to make processed foods safe, palatable, and healthful; and apply food science knowledge to determine best ways to process, package, preserve, store, and distribute food.",,,,,,Education,Experience Requirements,Training & Credentials,85310,,Bright Outlook,91%,,,"Investigative— Work involves studying and researching non-living objects, living organisms, disease or other forms of impairment, or human behavior. Investigative occupations are often associated with physical, life, medical, or social sciences, and can be found in the fields of humanities, mathematics/statistics, information technology, or health care service.Related occupations; Realistic— Work involves designing, building, or repairing of equipment, materials, or structures, engaging in physical activity, or working outdoors. Realistic occupations are often associated with engineering, mechanics and electronics, construction, woodworking, transportation, machine operation, agriculture, animal services, physical or manual labor, athletics, or protective services.Related occupations; Conventional— Work involves following procedures and regulations to organize information or data, typically in a business setting. Conventional occupations are often associated with office work, accounting, mathematics/statistics, information technology, finance, or human resources.Related occupations","Achievement— Occupations that satisfy this work value are results oriented and allow employees to use their strongest abilities, giving them a feeling of accomplishment. Corresponding needs are Ability Utilization and Achievement.Related occupations; Support— Occupations that satisfy this work value offer supportive management that stands behind employees. Corresponding needs are Company Policies, Supervision: Human Relations and Supervision: Technical.Related occupations; Recognition— Occupations that satisfy this work value offer advancement, potential for leadership, and are often considered prestigious. Corresponding needs are Advancement, Authority, Recognition and Social Status.Related occupations",,https://www.onetonline.org/link/summary/19-1012.00,2025-09-08
19-1021.00,Biochemists and Biophysicists,"Life, Physical, and Social Science","Study the chemical composition or physical principles of living cells and organisms, their electrical and mechanical energy, and related phenomena. May conduct research to further understanding of the complex chemical combinations and reactions involved in metabolism, reproduction, growth, and heredity. May determine the effects of foods, drugs, serums, hormones, and other substances on tissues and vital processes of living organisms.",,,,,,Education,Experience Requirements,Training & Credentials,103650,,Bright Outlook,85%,,,"Investigative— Work involves studying and researching non-living objects, living organisms, disease or other forms of impairment, or human behavior. Investigative occupations are often associated with physical, life, medical, or social sciences, and can be found in the fields of humanities, mathematics/statistics, information technology, or health care service.Related occupations; Realistic— Work involves designing, building, or repairing of equipment, materials, or structures, engaging in physical activity, or working outdoors. Realistic occupations are often associated with engineering, mechanics and electronics, construction, woodworking, transportation, machine operation, agriculture, animal services, physical or manual labor, athletics, or protective services.Related occupations","Recognition— Occupations that satisfy this work value offer advancement, potential for leadership, and are often considered prestigious. Corresponding needs are Advancement, Authority, Recognition and Social Status.Related occupations; Achievement— Occupations that satisfy this work value are results oriented and allow employees to use their strongest abilities, giving them a feeling of accomplishment. Corresponding needs are Ability Utilization and Achievement.Related occupations; Working Conditions— Occupations that satisfy this work value offer job security and good working conditions. Corresponding needs are Activity, Compensation, Independence, Security, Variety and Working Conditions.Related occupations",,https://www.onetonline.org/link/summary/19-1021.00,2025-09-08
19-1042.00,"Medical Scientists, Except Epidemiologists","Life, Physical, and Social Science","Conduct research dealing with the understanding of human diseases and the improvement of human health. Engage in clinical investigation, research and development, or other related activities.",,,,,,Education,Experience Requirements,Training & Credentials,100590,,Bright Outlook,94%,,,"Investigative— Work involves studying and researching non-living objects, living organisms, disease or other forms of impairment, or human behavior. Investigative occupations are often associated with physical, life, medical, or social sciences, and can be found in the fields of humanities, mathematics/statistics, information technology, or health care service.Related occupations; Realistic— Work involves designing, building, or repairing of equipment, materials, or structures, engaging in physical activity, or working outdoors. Realistic occupations are often associated with engineering, mechanics and electronics, construction, woodworking, transportation, machine operation, agriculture, animal services, physical or manual labor, athletics, or protective services.Related occupations; Conventional— Work involves following procedures and regulations to organize information or data, typically in a business setting. Conventional occupations are often associated with office work, accounting, mathematics/statistics, information technology, finance, or human resources.Related occupations","Achievement— Occupations that satisfy this work value are results oriented and allow employees to use their strongest abilities, giving them a feeling of accomplishment. Corresponding needs are Ability Utilization and Achievement.Related occupations; Recognition— Occupations that satisfy this work value offer advancement, potential for leadership, and are often considered prestigious. Corresponding needs are Advancement, Authority, Recognition and Social Status.Related occupations; Independence— Occupations that satisfy this work value allow employees to work on their own and make decisions. Corresponding needs are Creativity, Responsibility and Autonomy.Related occupations",,https://www.onetonline.org/link/summary/19-1042.00,2025-09-08
29-9021.00,Health Information Technologists and Medical Registrars,Healthcare Practitioners and Technical,"Apply knowledge of healthcare and information systems to assist in the design, development, and continued modification and analysis of computerized healthcare systems. Abstract, collect, and analyze treatment and followup information of patients. May educate staff and assist in problem solving to promote the implementation of the healthcare information system. May design, develop, test, and implement databases with complete history, diagnosis, treatment, and health status to help monitor diseases.",,,,,,Education,Experience Requirements,Training & Credentials,67310,,Bright Outlook,9%,,,"Conventional— Work involves following procedures and regulations to organize information or data, typically in a business setting. Conventional occupations are often associated with office work, accounting, mathematics/statistics, information technology, finance, or human resources.Related occupations; Investigative— Work involves studying and researching non-living objects, living organisms, disease or other forms of impairment, or human behavior. Investigative occupations are often associated with physical, life, medical, or social sciences, and can be found in the fields of humanities, mathematics/statistics, information technology, or health care service.Related occupations; Social— Work involves helping, teaching, advising, assisting, or providing service to others. Social occupations are often associated with social, health care, personal service, teaching/education, or religious activities.Related occupations",,,https://www.onetonline.org/link/summary/29-9021.00,2025-09-08
11-3071.04,Supply Chain Managers,Management,"Direct or coordinate production, purchasing, warehousing, distribution, or financial forecasting services or activities to limit costs and improve accuracy, customer service, or safety. Examine existing procedures or opportunities for streamlining activities to meet product distribution needs. Direct the movement, storage, or processing of inventory.",,,,,,Education,Experience Requirements,Training & Credentials,102010,,Bright Outlook,100%,,,"Enterprising— Work involves managing, negotiating, marketing, or selling, typically in a business setting, or leading or advising people in political and legal situations. Enterprising occupations are often associated with business initiatives, sales, marketing/advertising, finance, management/administration, professional advising, public speaking, politics, or law.Related occupations; Conventional— Work involves following procedures and regulations to organize information or data, typically in a business setting. Conventional occupations are often associated with office work, accounting, mathematics/statistics, information technology, finance, or human resources.Related occupations","Independence— Occupations that satisfy this work value allow employees to work on their own and make decisions. Corresponding needs are Creativity, Responsibility and Autonomy.Related occupations; Working Conditions— Occupations that satisfy this work value offer job security and good working conditions. Corresponding needs are Activity, Compensation, Independence, Security, Variety and Working Conditions.Related occupations; Support— Occupations that satisfy this work value offer supportive management that stands behind employees. Corresponding needs are Company Policies, Supervision: Human Relations and Supervision: Technical.Related occupations",,https://www.onetonline.org/link/summary/11-3071.04,2025-09-08
13-1161.00,Market Research Analysts and Marketing Specialists,Business and Financial Operations,"Research conditions in local, regional, national, or online markets. Gather information to determine potential sales of a product or service, or plan a marketing or advertising campaign. May gather information on competitors, prices, sales, and methods of marketing and distribution. May employ search marketing tactics, analyze web metrics, and develop recommendations to increase search engine ranking and visibility to target markets.",,,,,,Education,Experience Requirements,Training & Credentials,76950,,Bright Outlook,100%,,,"Enterprising— Work involves managing, negotiating, marketing, or selling, typically in a business setting, or leading or advising people in political and legal situations. Enterprising occupations are often associated with business initiatives, sales, marketing/advertising, finance, management/administration, professional advising, public speaking, politics, or law.Related occupations; Conventional— Work involves following procedures and regulations to organize information or data, typically in a business setting. Conventional occupations are often associated with office work, accounting, mathematics/statistics, information technology, finance, or human resources.Related occupations; Investigative— Work involves studying and researching non-living objects, living organisms, disease or other forms of impairment, or human behavior. Investigative occupations are often associated with physical, life, medical, or social sciences, and can be found in the fields of humanities, mathematics/statistics, information technology, or health care service.Related occupations","Achievement— Occupations that satisfy this work value are results oriented and allow employees to use their strongest abilities, giving them a feeling of accomplishment. Corresponding needs are Ability Utilization and Achievement.Related occupations; Working Conditions— Occupations that satisfy this work value offer job security and good working conditions. Corresponding needs are Activity, Compensation, Independence, Security, Variety and Working Conditions.Related occupations; Support— Occupations that satisfy this work value offer supportive management that stands behind employees. Corresponding needs are Company Policies, Supervision: Human Relations and Supervision: Technical.Related occupations",,https://www.onetonline.org/link/summary/13-1161.00,2025-09-08
15-1299.03,Document Management Specialists,Computer and Mathematical,"Implement and administer enterprise-wide document management systems and related procedures that allow organizations to capture, store, retrieve, share, and destroy electronic records and documents.",,,,,,Education,Experience Requirements,Training & Credentials,108970,,Bright Outlook,100%,,,"Conventional— Work involves following procedures and regulations to organize information or data, typically in a business setting. Conventional occupations are often associated with office work, accounting, mathematics/statistics, information technology, finance, or human resources.Related occupations; Investigative— Work involves studying and researching non-living objects, living organisms, disease or other forms of impairment, or human behavior. Investigative occupations are often associated with physical, life, medical, or social sciences, and can be found in the fields of humanities, mathematics/statistics, information technology, or health care service.Related occupations","Achievement— Occupations that satisfy this work value are results oriented and allow employees to use their strongest abilities, giving them a feeling of accomplishment. Corresponding needs are Ability Utilization and Achievement.Related occupations; Support— Occupations that satisfy this work value offer supportive management that stands behind employees. Corresponding needs are Company Policies, Supervision: Human Relations and Supervision: Technical.Related occupations; Working Conditions— Occupations that satisfy this work value offer job security and good working conditions. Corresponding needs are Activity, Compensation, Independence, Security, Variety and Working Conditions.Related occupations",,https://www.onetonline.org/link/summary/15-1299.03,2025-09-08
17-2199.08,Robotics Engineers,Architecture and Engineering,"Research, design, develop, or test robotic applications.",,,,,,Education,Experience Requirements,Training & Credentials,117750,,Bright Outlook,93%,,,"Realistic— Work involves designing, building, or repairing of equipment, materials, or structures, engaging in physical activity, or working outdoors. Realistic occupations are often associated with engineering, mechanics and electronics, construction, woodworking, transportation, machine operation, agriculture, animal services, physical or manual labor, athletics, or protective services.Related occupations; Investigative— Work involves studying and researching non-living objects, living organisms, disease or other forms of impairment, or human behavior. Investigative occupations are often associated with physical, life, medical, or social sciences, and can be found in the fields of humanities, mathematics/statistics, information technology, or health care service.Related occupations; Conventional— Work involves following procedures and regulations to organize information or data, typically in a business setting. Conventional occupations are often associated with office work, accounting, mathematics/statistics, information technology, finance, or human resources.Related occupations","Independence— Occupations that satisfy this work value allow employees to work on their own and make decisions. Corresponding needs are Creativity, Responsibility and Autonomy.Related occupations; Working Conditions— Occupations that satisfy this work value offer job security and good working conditions. Corresponding needs are Activity, Compensation, Independence, Security, Variety and Working Conditions.Related occupations; Achievement— Occupations that satisfy this work value are results oriented and allow employees to use their strongest abilities, giving them a feeling of accomplishment. Corresponding needs are Ability Utilization and Achievement.Related occupations",,https://www.onetonline.org/link/summary/17-2199.08,2025-09-08
19-1011.00,Animal Scientists,"Life, Physical, and Social Science","Conduct research in the genetics, nutrition, reproduction, growth, and development of domestic farm animals.",,,,,,Education,Experience Requirements,Training & Credentials,79120,,Bright Outlook,100%,,,"Investigative— Work involves studying and researching non-living objects, living organisms, disease or other forms of impairment, or human behavior. Investigative occupations are often associated with physical, life, medical, or social sciences, and can be found in the fields of humanities, mathematics/statistics, information technology, or health care service.Related occupations; Realistic— Work involves designing, building, or repairing of equipment, materials, or structures, engaging in physical activity, or working outdoors. Realistic occupations are often associated with engineering, mechanics and electronics, construction, woodworking, transportation, machine operation, agriculture, animal services, physical or manual labor, athletics, or protective services.Related occupations","Achievement— Occupations that satisfy this work value are results oriented and allow employees to use their strongest abilities, giving them a feeling of accomplishment. Corresponding needs are Ability Utilization and Achievement.Related occupations; Independence— Occupations that satisfy this work value allow employees to work on their own and make decisions. Corresponding needs are Creativity, Responsibility and Autonomy.Related occupations; Recognition— Occupations that satisfy this work value offer advancement, potential for leadership, and are often considered prestigious. Corresponding needs are Advancement, Authority, Recognition and Social Status.Related occupations",,https://www.onetonline.org/link/summary/19-1011.00,2025-09-08
21-1093.00,Social and Human Service Assistants,Community and Social Service,"Assist other social and human service providers in providing client services in a wide variety of fields, such as psychology, rehabilitation, or social work, including support for families. May assist clients in identifying and obtaining available benefits and social and community services. May assist social workers with developing, organizing, and conducting programs to prevent and resolve problems relevant to substance abuse, human relationships, rehabilitation, or dependent care.",,,,,,Education,Experience Requirements,Training & Credentials,45120,,Bright Outlook,98%,,,"Social— Work involves helping, teaching, advising, assisting, or providing service to others. Social occupations are often associated with social, health care, personal service, teaching/education, or religious activities.Related occupations; Conventional— Work involves following procedures and regulations to organize information or data, typically in a business setting. Conventional occupations are often associated with office work, accounting, mathematics/statistics, information technology, finance, or human resources.Related occupations; Enterprising— Work involves managing, negotiating, marketing, or selling, typically in a business setting, or leading or advising people in political and legal situations. Enterprising occupations are often associated with business initiatives, sales, marketing/advertising, finance, management/administration, professional advising, public speaking, politics, or law.Related occupations","Relationships— Occupations that satisfy this work value allow employees to provide service to others and work with co-workers in a friendly non-competitive environment. Corresponding needs are Co-workers, Moral Values and Social Service.Related occupations; Support— Occupations that satisfy this work value offer supportive management that stands behind employees. Corresponding needs are Company Policies, Supervision: Human Relations and Supervision: Technical.Related occupations; Independence— Occupations that satisfy this work value allow employees to work on their own and make decisions. Corresponding needs are Creativity, Responsibility and Autonomy.Related occupations",,https://www.onetonline.org/link/summary/21-1093.00,2025-09-08
39-9011.00,Childcare Workers,Personal Care and Service,"Attend to children at schools, businesses, private households, and childcare institutions. Perform a variety of tasks, such as dressing, feeding, bathing, and overseeing play.",,,"Customer and Personal Service— Knowledge of principles and processes for providing customer and personal services. This includes customer needs assessment, meeting quality standards for services, and evaluation of customer satisfaction.Related occupations; English Language— Knowledge of the structure and content of the English language including the meaning and spelling of words, and rules of composition and grammar.Related occupations; Education and Training— Knowledge of principles and methods for curriculum and training design, teaching and instruction for individuals and groups, and the measurement of training effects.Related occupations; Public Safety and Security— Knowledge of relevant equipment, policies, procedures, and strategies to promote effective local, state, or national security operations for the protection of people, data, property, and institutions.Related occupations; Psychology— Knowledge of human behavior and performance; individual differences in ability, personality, and interests; learning and motivation; psychological research methods; and the assessment and treatment of behavioral and affective disorders.Related occupations",,,Education,Experience Requirements,Training & Credentials,32050,,Bright Outlook,83%,,,"Social— Work involves helping, teaching, advising, assisting, or providing service to others. Social occupations are often associated with social, health care, personal service, teaching/education, or religious activities.Related occupations; Conventional— Work involves following procedures and regulations to organize information or data, typically in a business setting. Conventional occupations are often associated with office work, accounting, mathematics/statistics, information technology, finance, or human resources.Related occupations; Artistic— Work involves creating original visual artwork, performances, written works, food, or music for a variety of media, or applying artistic principles to the design of various objects and materials. Artistic occupations are often associated with visual arts, applied arts and design, performing arts, music, creative writing, media, or culinary art.Related occupations","Relationships— Occupations that satisfy this work value allow employees to provide service to others and work with co-workers in a friendly non-competitive environment. Corresponding needs are Co-workers, Moral Values and Social Service.Related occupations; Support— Occupations that satisfy this work value offer supportive management that stands behind employees. Corresponding needs are Company Policies, Supervision: Human Relations and Supervision: Technical.Related occupations; Independence— Occupations that satisfy this work value allow employees to work on their own and make decisions. Corresponding needs are Creativity, Responsibility and Autonomy.Related occupations",,https://www.onetonline.org/link/summary/39-9011.00,2025-09-08
11-9033.00,"Education Administrators, Postsecondary",Management,"Plan, direct, or coordinate student instruction, administration, and services, as well as other research and educational activities, at postsecondary institutions, including universities, colleges, and junior and community colleges.",,,,,,"11-9033.00 - Education Administrators, Postsecondary",Experience Requirements,Training & Credentials,103960,,Bright Outlook,93%,,,"Social— Work involves helping, teaching, advising, assisting, or providing service to others. Social occupations are often associated with social, health care, personal service, teaching/education, or religious activities.Related occupations; Enterprising— Work involves managing, negotiating, marketing, or selling, typically in a business setting, or leading or advising people in political and legal situations. Enterprising occupations are often associated with business initiatives, sales, marketing/advertising, finance, management/administration, professional advising, public speaking, politics, or law.Related occupations; Conventional— Work involves following procedures and regulations to organize information or data, typically in a business setting. Conventional occupations are often associated with office work, accounting, mathematics/statistics, information technology, finance, or human resources.Related occupations; Investigative— Work involves studying and researching non-living objects, living organisms, disease or other forms of impairment, or human behavior. Investigative occupations are often associated with physical, life, medical, or social sciences, and can be found in the fields of humanities, mathematics/statistics, information technology, or health care service.Related occupations","Independence— Occupations that satisfy this work value allow employees to work on their own and make decisions. Corresponding needs are Creativity, Responsibility and Autonomy.Related occupations; Achievement— Occupations that satisfy this work value are results oriented and allow employees to use their strongest abilities, giving them a feeling of accomplishment. Corresponding needs are Ability Utilization and Achievement.Related occupations; Relationships— Occupations that satisfy this work value allow employees to provide service to others and work with co-workers in a friendly non-competitive environment. Corresponding needs are Co-workers, Moral Values and Social Service.Related occupations",,https://www.onetonline.org/link/summary/11-9033.00,2025-09-08
25-9021.00,Farm and Home Management Educators,Educational Instruction and Library,"Instruct and advise individuals and families engaged in agriculture, agricultural-related processes, or home management activities. Demonstrate procedures and apply research findings to advance agricultural and home management activities. May develop educational outreach programs. May instruct on either agricultural issues such as agricultural processes and techniques, pest management, and food safety, or on home management issues such as budgeting, nutrition, and child development.",,,,,,Education,Experience Requirements,Training & Credentials,58120,,Bright Outlook,100%,,,"Social— Work involves helping, teaching, advising, assisting, or providing service to others. Social occupations are often associated with social, health care, personal service, teaching/education, or religious activities.Related occupations; Investigative— Work involves studying and researching non-living objects, living organisms, disease or other forms of impairment, or human behavior. Investigative occupations are often associated with physical, life, medical, or social sciences, and can be found in the fields of humanities, mathematics/statistics, information technology, or health care service.Related occupations; Realistic— Work involves designing, building, or repairing of equipment, materials, or structures, engaging in physical activity, or working outdoors. Realistic occupations are often associated with engineering, mechanics and electronics, construction, woodworking, transportation, machine operation, agriculture, animal services, physical or manual labor, athletics, or protective services.Related occupations","Relationships— Occupations that satisfy this work value allow employees to provide service to others and work with co-workers in a friendly non-competitive environment. Corresponding needs are Co-workers, Moral Values and Social Service.Related occupations; Independence— Occupations that satisfy this work value allow employees to work on their own and make decisions. Corresponding needs are Creativity, Responsibility and Autonomy.Related occupations; Achievement— Occupations that satisfy this work value are results oriented and allow employees to use their strongest abilities, giving them a feeling of accomplishment. Corresponding needs are Ability Utilization and Achievement.Related occupations",,https://www.onetonline.org/link/summary/25-9021.00,2025-09-08
39-9041.00,Residential Advisors,Personal Care and Service,"Coordinate activities in resident facilities in secondary school and college dormitories, group homes, or similar establishments. Order supplies and determine need for maintenance, repairs, and furnishings. May maintain household records and assign rooms. May assist residents with problem solving or refer them to counseling resources.",,,,,,Education,Experience Requirements,Training & Credentials,39180,,Bright Outlook,61%,,,"Social— Work involves helping, teaching, advising, assisting, or providing service to others. Social occupations are often associated with social, health care, personal service, teaching/education, or religious activities.Related occupations; Conventional— Work involves following procedures and regulations to organize information or data, typically in a business setting. Conventional occupations are often associated with office work, accounting, mathematics/statistics, information technology, finance, or human resources.Related occupations; Enterprising— Work involves managing, negotiating, marketing, or selling, typically in a business setting, or leading or advising people in political and legal situations. Enterprising occupations are often associated with business initiatives, sales, marketing/advertising, finance, management/administration, professional advising, public speaking, politics, or law.Related occupations","Relationships— Occupations that satisfy this work value allow employees to provide service to others and work with co-workers in a friendly non-competitive environment. Corresponding needs are Co-workers, Moral Values and Social Service.Related occupations; Independence— Occupations that satisfy this work value allow employees to work on their own and make decisions. Corresponding needs are Creativity, Responsibility and Autonomy.Related occupations; Support— Occupations that satisfy this work value offer supportive management that stands behind employees. Corresponding needs are Company Policies, Supervision: Human Relations and Supervision: Technical.Related occupations",,https://www.onetonline.org/link/summary/39-9041.00,2025-09-08
49-2094.00,"Electrical and Electronics Repairers, Commercial and Industrial Equipment","Installation, Maintenance, and Repair","Repair, test, adjust, or install electronic equipment, such as industrial controls, transmitters, and antennas.",,,,,,Education,Experience Requirements,Training & Credentials,71300,,Bright Outlook,100%,,,"Realistic— Work involves designing, building, or repairing of equipment, materials, or structures, engaging in physical activity, or working outdoors. Realistic occupations are often associated with engineering, mechanics and electronics, construction, woodworking, transportation, machine operation, agriculture, animal services, physical or manual labor, athletics, or protective services.Related occupations; Conventional— Work involves following procedures and regulations to organize information or data, typically in a business setting. Conventional occupations are often associated with office work, accounting, mathematics/statistics, information technology, finance, or human resources.Related occupations; Investigative— Work involves studying and researching non-living objects, living organisms, disease or other forms of impairment, or human behavior. Investigative occupations are often associated with physical, life, medical, or social sciences, and can be found in the fields of humanities, mathematics/statistics, information technology, or health care service.Related occupations","Support— Occupations that satisfy this work value offer supportive management that stands behind employees. Corresponding needs are Company Policies, Supervision: Human Relations and Supervision: Technical.Related occupations; Working Conditions— Occupations that satisfy this work value offer job security and good working conditions. Corresponding needs are Activity, Compensation, Independence, Security, Variety and Working Conditions.Related occupations; Independence— Occupations that satisfy this work value allow employees to work on their own and make decisions. Corresponding needs are Creativity, Responsibility and Autonomy.Related occupations",,https://www.onetonline.org/link/summary/49-2094.00,2025-09-08
11-9199.01,Regulatory Affairs Managers,Management,"Plan, direct, or coordinate production activities of an organization to ensure compliance with regulations and standard operating procedures.",,,,,,Education,Experience Requirements,Training & Credentials,136550,,Bright Outlook,100%,,,"Enterprising— Work involves managing, negotiating, marketing, or selling, typically in a business setting, or leading or advising people in political and legal situations. Enterprising occupations are often associated with business initiatives, sales, marketing/advertising, finance, management/administration, professional advising, public speaking, politics, or law.Related occupations; Conventional— Work involves following procedures and regulations to organize information or data, typically in a business setting. Conventional occupations are often associated with office work, accounting, mathematics/statistics, information technology, finance, or human resources.Related occupations","Achievement— Occupations that satisfy this work value are results oriented and allow employees to use their strongest abilities, giving them a feeling of accomplishment. Corresponding needs are Ability Utilization and Achievement.Related occupations; Independence— Occupations that satisfy this work value allow employees to work on their own and make decisions. Corresponding needs are Creativity, Responsibility and Autonomy.Related occupations; Support— Occupations that satisfy this work value offer supportive management that stands behind employees. Corresponding needs are Company Policies, Supervision: Human Relations and Supervision: Technical.Related occupations",,https://www.onetonline.org/link/summary/11-9199.01,2025-09-08
17-2161.00,Nuclear Engineers,Architecture and Engineering,"Conduct research on nuclear engineering projects or apply principles and theory of nuclear science to problems concerned with release, control, and use of nuclear energy and nuclear waste disposal.",,,,,,Education,Experience Requirements,Training & Credentials,127520,,Bright Outlook,90%,,,"Investigative— Work involves studying and researching non-living objects, living organisms, disease or other forms of impairment, or human behavior. Investigative occupations are often associated with physical, life, medical, or social sciences, and can be found in the fields of humanities, mathematics/statistics, information technology, or health care service.Related occupations; Realistic— Work involves designing, building, or repairing of equipment, materials, or structures, engaging in physical activity, or working outdoors. Realistic occupations are often associated with engineering, mechanics and electronics, construction, woodworking, transportation, machine operation, agriculture, animal services, physical or manual labor, athletics, or protective services.Related occupations; Conventional— Work involves following procedures and regulations to organize information or data, typically in a business setting. Conventional occupations are often associated with office work, accounting, mathematics/statistics, information technology, finance, or human resources.Related occupations","Recognition— Occupations that satisfy this work value offer advancement, potential for leadership, and are often considered prestigious. Corresponding needs are Advancement, Authority, Recognition and Social Status.Related occupations; Achievement— Occupations that satisfy this work value are results oriented and allow employees to use their strongest abilities, giving them a feeling of accomplishment. Corresponding needs are Ability Utilization and Achievement.Related occupations; Support— Occupations that satisfy this work value offer supportive management that stands behind employees. Corresponding needs are Company Policies, Supervision: Human Relations and Supervision: Technical.Related occupations",,https://www.onetonline.org/link/summary/17-2161.00,2025-09-08
19-2011.00,Astronomers,"Life, Physical, and Social Science","Observe, research, and interpret astronomical phenomena to increase basic knowledge or apply such information to practical problems.",,,,,,Education,Experience Requirements,Training & Credentials,132170,,Bright Outlook,91%,,,"Investigative— Work involves studying and researching non-living objects, living organisms, disease or other forms of impairment, or human behavior. Investigative occupations are often associated with physical, life, medical, or social sciences, and can be found in the fields of humanities, mathematics/statistics, information technology, or health care service.Related occupations; Realistic— Work involves designing, building, or repairing of equipment, materials, or structures, engaging in physical activity, or working outdoors. Realistic occupations are often associated with engineering, mechanics and electronics, construction, woodworking, transportation, machine operation, agriculture, animal services, physical or manual labor, athletics, or protective services.Related occupations; Conventional— Work involves following procedures and regulations to organize information or data, typically in a business setting. Conventional occupations are often associated with office work, accounting, mathematics/statistics, information technology, finance, or human resources.Related occupations","Achievement— Occupations that satisfy this work value are results oriented and allow employees to use their strongest abilities, giving them a feeling of accomplishment. Corresponding needs are Ability Utilization and Achievement.Related occupations; Independence— Occupations that satisfy this work value allow employees to work on their own and make decisions. Corresponding needs are Creativity, Responsibility and Autonomy.Related occupations; Recognition— Occupations that satisfy this work value offer advancement, potential for leadership, and are often considered prestigious. Corresponding needs are Advancement, Authority, Recognition and Social Status.Related occupations",,https://www.onetonline.org/link/summary/19-2011.00,2025-09-08
21-1021.00,"Child, Family, and School Social Workers",Community and Social Service,"Provide social services and assistance to improve the social and psychological functioning of children and their families and to maximize the family well-being and the academic functioning of children. May assist parents, arrange adoptions, and find foster homes for abandoned or abused children. In schools, they address such problems as teenage pregnancy, misbehavior, and truancy. May also advise teachers.",,,,,,Education,Experience Requirements,Training & Credentials,58570,,Bright Outlook,100%,,,"Social— Work involves helping, teaching, advising, assisting, or providing service to others. Social occupations are often associated with social, health care, personal service, teaching/education, or religious activities.Related occupations","Relationships— Occupations that satisfy this work value allow employees to provide service to others and work with co-workers in a friendly non-competitive environment. Corresponding needs are Co-workers, Moral Values and Social Service.Related occupations; Achievement— Occupations that satisfy this work value are results oriented and allow employees to use their strongest abilities, giving them a feeling of accomplishment. Corresponding needs are Ability Utilization and Achievement.Related occupations; Independence— Occupations that satisfy this work value allow employees to work on their own and make decisions. Corresponding needs are Creativity, Responsibility and Autonomy.Related occupations",,https://www.onetonline.org/link/summary/21-1021.00,2025-09-08
25-1022.00,"Mathematical Science Teachers, Postsecondary",Educational Instruction and Library,"Teach courses pertaining to mathematical concepts, statistics, and actuarial science and to the application of original and standardized mathematical techniques in solving specific problems and situations. Includes both teachers primarily engaged in teaching and those who do a combination of teaching and research.",,,"Mathematics— Knowledge of arithmetic, algebra, geometry, calculus, statistics, and their applications.Related occupations; Education and Training— Knowledge of principles and methods for curriculum and training design, teaching and instruction for individuals and groups, and the measurement of training effects.Related occupations; English Language— Knowledge of the structure and content of the English language including the meaning and spelling of words, and rules of composition and grammar.Related occupations; Computers and Electronics— Knowledge of circuit boards, processors, chips, electronic equipment, and computer hardware and software, including applications and programming.Related occupations",,,Education,Experience Requirements,Training & Credentials,79350,,Bright Outlook,91%,,,"Social— Work involves helping, teaching, advising, assisting, or providing service to others. Social occupations are often associated with social, health care, personal service, teaching/education, or religious activities.Related occupations; Investigative— Work involves studying and researching non-living objects, living organisms, disease or other forms of impairment, or human behavior. Investigative occupations are often associated with physical, life, medical, or social sciences, and can be found in the fields of humanities, mathematics/statistics, information technology, or health care service.Related occupations; Conventional— Work involves following procedures and regulations to organize information or data, typically in a business setting. Conventional occupations are often associated with office work, accounting, mathematics/statistics, information technology, finance, or human resources.Related occupations","Achievement— Occupations that satisfy this work value are results oriented and allow employees to use their strongest abilities, giving them a feeling of accomplishment. Corresponding needs are Ability Utilization and Achievement.Related occupations; Independence— Occupations that satisfy this work value allow employees to work on their own and make decisions. Corresponding needs are Creativity, Responsibility and Autonomy.Related occupations; Recognition— Occupations that satisfy this work value offer advancement, potential for leadership, and are often considered prestigious. Corresponding needs are Advancement, Authority, Recognition and Social Status.Related occupations",,https://www.onetonline.org/link/summary/25-1022.00,2025-09-08
25-3011.00,"Adult Basic Education, Adult Secondary Education, and English as a Second Language Instructors",Educational Instruction and Library,"Teach or instruct out-of-school youths and adults in basic education, literacy, or English as a Second Language classes, or in classes for earning a high school equivalency credential.",,,"English Language— Knowledge of the structure and content of the English language including the meaning and spelling of words, and rules of composition and grammar.Related occupations; Education and Training— Knowledge of principles and methods for curriculum and training design, teaching and instruction for individuals and groups, and the measurement of training effects.Related occupations; Customer and Personal Service— Knowledge of principles and processes for providing customer and personal services. This includes customer needs assessment, meeting quality standards for services, and evaluation of customer satisfaction.Related occupations; Administrative— Knowledge of administrative and office procedures and systems such as word processing, managing files and records, stenography and transcription, designing forms, and workplace terminology.Related occupations",,,"25-3011.00 - Adult Basic Education, Adult Secondary Education, and English as a Second Language Instructors",Experience Requirements,Training & Credentials,59950,,Bright Outlook,73%,,,"Social— Work involves helping, teaching, advising, assisting, or providing service to others. Social occupations are often associated with social, health care, personal service, teaching/education, or religious activities.Related occupations","Relationships— Occupations that satisfy this work value allow employees to provide service to others and work with co-workers in a friendly non-competitive environment. Corresponding needs are Co-workers, Moral Values and Social Service.Related occupations; Independence— Occupations that satisfy this work value allow employees to work on their own and make decisions. Corresponding needs are Creativity, Responsibility and Autonomy.Related occupations; Achievement— Occupations that satisfy this work value are results oriented and allow employees to use their strongest abilities, giving them a feeling of accomplishment. Corresponding needs are Ability Utilization and Achievement.Related occupations",,https://www.onetonline.org/link/summary/25-3011.00,2025-09-08
25-9043.00,"Teaching Assistants, Special Education",Educational Instruction and Library,"Assist a preschool, elementary, middle, or secondary school teacher to provide academic, social, or life skills to students who have learning, emotional, or physical disabilities. Serve in a position for which a teacher has primary responsibility for the design and implementation of educational programs and services.",,,"English Language— Knowledge of the structure and content of the English language including the meaning and spelling of words, and rules of composition and grammar.Related occupations; Psychology— Knowledge of human behavior and performance; individual differences in ability, personality, and interests; learning and motivation; psychological research methods; and the assessment and treatment of behavioral and affective disorders.Related occupations",,,"25-9043.00 - Teaching Assistants, Special Education",Experience Requirements,Training & Credentials,35240,,Bright Outlook,93%,,,"Social— Work involves helping, teaching, advising, assisting, or providing service to others. Social occupations are often associated with social, health care, personal service, teaching/education, or religious activities.Related occupations; Conventional— Work involves following procedures and regulations to organize information or data, typically in a business setting. Conventional occupations are often associated with office work, accounting, mathematics/statistics, information technology, finance, or human resources.Related occupations",,,https://www.onetonline.org/link/summary/25-9043.00,2025-09-08
29-1221.00,"Pediatricians, General",Healthcare Practitioners and Technical,"Diagnose, treat, and help prevent diseases and injuries in children. May refer patients to specialists for further diagnosis or treatment, as needed.",,,,,,Education,Experience Requirements,Training & Credentials,210130,,Bright Outlook,99%,,,"Social— Work involves helping, teaching, advising, assisting, or providing service to others. Social occupations are often associated with social, health care, personal service, teaching/education, or religious activities.Related occupations; Investigative— Work involves studying and researching non-living objects, living organisms, disease or other forms of impairment, or human behavior. Investigative occupations are often associated with physical, life, medical, or social sciences, and can be found in the fields of humanities, mathematics/statistics, information technology, or health care service.Related occupations","Achievement— Occupations that satisfy this work value are results oriented and allow employees to use their strongest abilities, giving them a feeling of accomplishment. Corresponding needs are Ability Utilization and Achievement.Related occupations; Recognition— Occupations that satisfy this work value offer advancement, potential for leadership, and are often considered prestigious. Corresponding needs are Advancement, Authority, Recognition and Social Status.Related occupations; Relationships— Occupations that satisfy this work value allow employees to provide service to others and work with co-workers in a friendly non-competitive environment. Corresponding needs are Co-workers, Moral Values and Social Service.Related occupations",,https://www.onetonline.org/link/summary/29-1221.00,2025-09-08
11-9199.09,Wind Energy Operations Managers,Management,"Manage wind field operations, including personnel, maintenance activities, financial activities, and planning.",,,,,,Education,Experience Requirements,Training & Credentials,136550,,Bright Outlook,100%,,,"Enterprising— Work involves managing, negotiating, marketing, or selling, typically in a business setting, or leading or advising people in political and legal situations. Enterprising occupations are often associated with business initiatives, sales, marketing/advertising, finance, management/administration, professional advising, public speaking, politics, or law.Related occupations; Conventional— Work involves following procedures and regulations to organize information or data, typically in a business setting. Conventional occupations are often associated with office work, accounting, mathematics/statistics, information technology, finance, or human resources.Related occupations; Realistic— Work involves designing, building, or repairing of equipment, materials, or structures, engaging in physical activity, or working outdoors. Realistic occupations are often associated with engineering, mechanics and electronics, construction, woodworking, transportation, machine operation, agriculture, animal services, physical or manual labor, athletics, or protective services.Related occupations","Achievement— Occupations that satisfy this work value are results oriented and allow employees to use their strongest abilities, giving them a feeling of accomplishment. Corresponding needs are Ability Utilization and Achievement.Related occupations; Working Conditions— Occupations that satisfy this work value offer job security and good working conditions. Corresponding needs are Activity, Compensation, Independence, Security, Variety and Working Conditions.Related occupations; Recognition— Occupations that satisfy this work value offer advancement, potential for leadership, and are often considered prestigious. Corresponding needs are Advancement, Authority, Recognition and Social Status.Related occupations",,https://www.onetonline.org/link/summary/11-9199.09,2025-09-08
13-1111.00,Management Analysts,Business and Financial Operations,"Conduct organizational studies and evaluations, design systems and procedures, conduct work simplification and measurement studies, and prepare operations and procedures manuals to assist management in operating more efficiently and effectively. Includes program analysts and management consultants.",,,,,,Education,Experience Requirements,Training & Credentials,101190,,Bright Outlook,100%,,,"Conventional— Work involves following procedures and regulations to organize information or data, typically in a business setting. Conventional occupations are often associated with office work, accounting, mathematics/statistics, information technology, finance, or human resources.Related occupations; Investigative— Work involves studying and researching non-living objects, living organisms, disease or other forms of impairment, or human behavior. Investigative occupations are often associated with physical, life, medical, or social sciences, and can be found in the fields of humanities, mathematics/statistics, information technology, or health care service.Related occupations; Enterprising— Work involves managing, negotiating, marketing, or selling, typically in a business setting, or leading or advising people in political and legal situations. Enterprising occupations are often associated with business initiatives, sales, marketing/advertising, finance, management/administration, professional advising, public speaking, politics, or law.Related occupations","Relationships— Occupations that satisfy this work value allow employees to provide service to others and work with co-workers in a friendly non-competitive environment. Corresponding needs are Co-workers, Moral Values and Social Service.Related occupations; Achievement— Occupations that satisfy this work value are results oriented and allow employees to use their strongest abilities, giving them a feeling of accomplishment. Corresponding needs are Ability Utilization and Achievement.Related occupations; Independence— Occupations that satisfy this work value allow employees to work on their own and make decisions. Corresponding needs are Creativity, Responsibility and Autonomy.Related occupations",,https://www.onetonline.org/link/summary/13-1111.00,2025-09-08
21-1092.00,Probation Officers and Correctional Treatment Specialists,Community and Social Service,"Provide social services to assist in rehabilitation of law offenders in custody or on probation or parole. Make recommendations for actions involving formulation of rehabilitation plan and treatment of offender, including conditional release and education and employment stipulations.",,,,,,Education,Experience Requirements,Training & Credentials,64520,,Bright Outlook,96%,,,"Social— Work involves helping, teaching, advising, assisting, or providing service to others. Social occupations are often associated with social, health care, personal service, teaching/education, or religious activities.Related occupations; Conventional— Work involves following procedures and regulations to organize information or data, typically in a business setting. Conventional occupations are often associated with office work, accounting, mathematics/statistics, information technology, finance, or human resources.Related occupations; Enterprising— Work involves managing, negotiating, marketing, or selling, typically in a business setting, or leading or advising people in political and legal situations. Enterprising occupations are often associated with business initiatives, sales, marketing/advertising, finance, management/administration, professional advising, public speaking, politics, or law.Related occupations","Support— Occupations that satisfy this work value offer supportive management that stands behind employees. Corresponding needs are Company Policies, Supervision: Human Relations and Supervision: Technical.Related occupations; Relationships— Occupations that satisfy this work value allow employees to provide service to others and work with co-workers in a friendly non-competitive environment. Corresponding needs are Co-workers, Moral Values and Social Service.Related occupations; Working Conditions— Occupations that satisfy this work value offer job security and good working conditions. Corresponding needs are Activity, Compensation, Independence, Security, Variety and Working Conditions.Related occupations",,https://www.onetonline.org/link/summary/21-1092.00,2025-09-08
21-2021.00,"Directors, Religious Activities and Education",Community and Social Service,"Coordinate or design programs and conduct outreach to promote the religious education or activities of a denominational group. May provide counseling, guidance, and leadership relative to marital, health, financial, and religious problems.",,,,,,"21-2021.00 - Directors, Religious Activities and Education",Experience Requirements,Training & Credentials,54840,,Bright Outlook,98%,,,"Social— Work involves helping, teaching, advising, assisting, or providing service to others. Social occupations are often associated with social, health care, personal service, teaching/education, or religious activities.Related occupations; Enterprising— Work involves managing, negotiating, marketing, or selling, typically in a business setting, or leading or advising people in political and legal situations. Enterprising occupations are often associated with business initiatives, sales, marketing/advertising, finance, management/administration, professional advising, public speaking, politics, or law.Related occupations","Relationships— Occupations that satisfy this work value allow employees to provide service to others and work with co-workers in a friendly non-competitive environment. Corresponding needs are Co-workers, Moral Values and Social Service.Related occupations; Achievement— Occupations that satisfy this work value are results oriented and allow employees to use their strongest abilities, giving them a feeling of accomplishment. Corresponding needs are Ability Utilization and Achievement.Related occupations; Independence— Occupations that satisfy this work value allow employees to work on their own and make decisions. Corresponding needs are Creativity, Responsibility and Autonomy.Related occupations",,https://www.onetonline.org/link/summary/21-2021.00,2025-09-08
25-1021.00,"Computer Science Teachers, Postsecondary",Educational Instruction and Library,"Teach courses in computer science. May specialize in a field of computer science, such as the design and function of computers or operations and research analysis. Includes both teachers primarily engaged in teaching and those who do a combination of teaching and research.",,,,,,Education,Experience Requirements,Training & Credentials,96690,,Bright Outlook,99%,,,"Social— Work involves helping, teaching, advising, assisting, or providing service to others. Social occupations are often associated with social, health care, personal service, teaching/education, or religious activities.Related occupations; Investigative— Work involves studying and researching non-living objects, living organisms, disease or other forms of impairment, or human behavior. Investigative occupations are often associated with physical, life, medical, or social sciences, and can be found in the fields of humanities, mathematics/statistics, information technology, or health care service.Related occupations; Conventional— Work involves following procedures and regulations to organize information or data, typically in a business setting. Conventional occupations are often associated with office work, accounting, mathematics/statistics, information technology, finance, or human resources.Related occupations","Achievement— Occupations that satisfy this work value are results oriented and allow employees to use their strongest abilities, giving them a feeling of accomplishment. Corresponding needs are Ability Utilization and Achievement.Related occupations; Independence— Occupations that satisfy this work value allow employees to work on their own and make decisions. Corresponding needs are Creativity, Responsibility and Autonomy.Related occupations; Working Conditions— Occupations that satisfy this work value offer job security and good working conditions. Corresponding needs are Activity, Compensation, Independence, Security, Variety and Working Conditions.Related occupations",,https://www.onetonline.org/link/summary/25-1021.00,2025-09-08
13-2054.00,Financial Risk Specialists,Business and Financial Operations,"Analyze and measure exposure to credit and market risk threatening the assets, earning capacity, or economic state of an organization. May make recommendations to limit risk.",,,,,,Education,Experience Requirements,Training & Credentials,106000,,Bright Outlook,6%,,,"Conventional— Work involves following procedures and regulations to organize information or data, typically in a business setting. Conventional occupations are often associated with office work, accounting, mathematics/statistics, information technology, finance, or human resources.Related occupations; Investigative— Work involves studying and researching non-living objects, living organisms, disease or other forms of impairment, or human behavior. Investigative occupations are often associated with physical, life, medical, or social sciences, and can be found in the fields of humanities, mathematics/statistics, information technology, or health care service.Related occupations; Enterprising— Work involves managing, negotiating, marketing, or selling, typically in a business setting, or leading or advising people in political and legal situations. Enterprising occupations are often associated with business initiatives, sales, marketing/advertising, finance, management/administration, professional advising, public speaking, politics, or law.Related occupations",,,https://www.onetonline.org/link/summary/13-2054.00,2025-09-08
17-2051.00,Civil Engineers,Architecture and Engineering,"Perform engineering duties in planning, designing, and overseeing construction and maintenance of building structures and facilities, such as roads, railroads, airports, bridges, harbors, channels, dams, irrigation projects, pipelines, power plants, and water and sewage systems.",,,,,,Education,Experience Requirements,Training & Credentials,99590,,Bright Outlook,100%,,,"Realistic— Work involves designing, building, or repairing of equipment, materials, or structures, engaging in physical activity, or working outdoors. Realistic occupations are often associated with engineering, mechanics and electronics, construction, woodworking, transportation, machine operation, agriculture, animal services, physical or manual labor, athletics, or protective services.Related occupations; Investigative— Work involves studying and researching non-living objects, living organisms, disease or other forms of impairment, or human behavior. Investigative occupations are often associated with physical, life, medical, or social sciences, and can be found in the fields of humanities, mathematics/statistics, information technology, or health care service.Related occupations; Conventional— Work involves following procedures and regulations to organize information or data, typically in a business setting. Conventional occupations are often associated with office work, accounting, mathematics/statistics, information technology, finance, or human resources.Related occupations","Independence— Occupations that satisfy this work value allow employees to work on their own and make decisions. Corresponding needs are Creativity, Responsibility and Autonomy.Related occupations; Working Conditions— Occupations that satisfy this work value offer job security and good working conditions. Corresponding needs are Activity, Compensation, Independence, Security, Variety and Working Conditions.Related occupations; Recognition— Occupations that satisfy this work value offer advancement, potential for leadership, and are often considered prestigious. Corresponding needs are Advancement, Authority, Recognition and Social Status.Related occupations",,https://www.onetonline.org/link/summary/17-2051.00,2025-09-08
25-1123.00,"English Language and Literature Teachers, Postsecondary",Educational Instruction and Library,"Teach courses in English language and literature, including linguistics and comparative literature. Includes both teachers primarily engaged in teaching and those who do a combination of teaching and research.",,,,,,Education,Experience Requirements,Training & Credentials,78270,,Bright Outlook,84%,,,"Social— Work involves helping, teaching, advising, assisting, or providing service to others. Social occupations are often associated with social, health care, personal service, teaching/education, or religious activities.Related occupations; Investigative— Work involves studying and researching non-living objects, living organisms, disease or other forms of impairment, or human behavior. Investigative occupations are often associated with physical, life, medical, or social sciences, and can be found in the fields of humanities, mathematics/statistics, information technology, or health care service.Related occupations; Artistic— Work involves creating original visual artwork, performances, written works, food, or music for a variety of media, or applying artistic principles to the design of various objects and materials. Artistic occupations are often associated with visual arts, applied arts and design, performing arts, music, creative writing, media, or culinary art.Related occupations","Relationships— Occupations that satisfy this work value allow employees to provide service to others and work with co-workers in a friendly non-competitive environment. Corresponding needs are Co-workers, Moral Values and Social Service.Related occupations; Achievement— Occupations that satisfy this work value are results oriented and allow employees to use their strongest abilities, giving them a feeling of accomplishment. Corresponding needs are Ability Utilization and Achievement.Related occupations; Working Conditions— Occupations that satisfy this work value offer job security and good working conditions. Corresponding needs are Activity, Compensation, Independence, Security, Variety and Working Conditions.Related occupations",,https://www.onetonline.org/link/summary/25-1123.00,2025-09-08
25-1192.00,"Family and Consumer Sciences Teachers, Postsecondary",Educational Instruction and Library,"Teach courses in childcare, family relations, finance, nutrition, and related subjects pertaining to home management. Includes both teachers primarily engaged in teaching and those who do a combination of teaching and research.",,,,,,Education,Experience Requirements,Training & Credentials,77280,,Bright Outlook,88%,,,"Social— Work involves helping, teaching, advising, assisting, or providing service to others. Social occupations are often associated with social, health care, personal service, teaching/education, or religious activities.Related occupations; Investigative— Work involves studying and researching non-living objects, living organisms, disease or other forms of impairment, or human behavior. Investigative occupations are often associated with physical, life, medical, or social sciences, and can be found in the fields of humanities, mathematics/statistics, information technology, or health care service.Related occupations","Achievement— Occupations that satisfy this work value are results oriented and allow employees to use their strongest abilities, giving them a feeling of accomplishment. Corresponding needs are Ability Utilization and Achievement.Related occupations; Relationships— Occupations that satisfy this work value allow employees to provide service to others and work with co-workers in a friendly non-competitive environment. Corresponding needs are Co-workers, Moral Values and Social Service.Related occupations; Independence— Occupations that satisfy this work value allow employees to work on their own and make decisions. Corresponding needs are Creativity, Responsibility and Autonomy.Related occupations",,https://www.onetonline.org/link/summary/25-1192.00,2025-09-08
25-3041.00,Tutors,Educational Instruction and Library,Instruct individual students or small groups of students in academic subjects to support formal class instruction or to prepare students for standardized or admissions tests.,,,,,,Education,Experience Requirements,Training & Credentials,40090,,Bright Outlook,86%,,,"Social— Work involves helping, teaching, advising, assisting, or providing service to others. Social occupations are often associated with social, health care, personal service, teaching/education, or religious activities.Related occupations","Relationships— Occupations that satisfy this work value allow employees to provide service to others and work with co-workers in a friendly non-competitive environment. Corresponding needs are Co-workers, Moral Values and Social Service.Related occupations; Independence— Occupations that satisfy this work value allow employees to work on their own and make decisions. Corresponding needs are Creativity, Responsibility and Autonomy.Related occupations; Achievement— Occupations that satisfy this work value are results oriented and allow employees to use their strongest abilities, giving them a feeling of accomplishment. Corresponding needs are Ability Utilization and Achievement.Related occupations",,https://www.onetonline.org/link/summary/25-3041.00,2025-09-08
41-3091.00,"Sales Representatives of Services, Except Advertising, Insurance, Financial Services, and Travel",Sales and Related,Sell services to individuals or businesses. May describe options or resolve client problems.,,,,,,Education,Experience Requirements,Training & Credentials,66260,,Bright Outlook,3%,,,"Enterprising— Work involves managing, negotiating, marketing, or selling, typically in a business setting, or leading or advising people in political and legal situations. Enterprising occupations are often associated with business initiatives, sales, marketing/advertising, finance, management/administration, professional advising, public speaking, politics, or law.Related occupations; Conventional— Work involves following procedures and regulations to organize information or data, typically in a business setting. Conventional occupations are often associated with office work, accounting, mathematics/statistics, information technology, finance, or human resources.Related occupations; Social— Work involves helping, teaching, advising, assisting, or providing service to others. Social occupations are often associated with social, health care, personal service, teaching/education, or religious activities.Related occupations",,,https://www.onetonline.org/link/summary/41-3091.00,2025-09-08
51-5112.00,Printing Press Operators,Production,"Set up and operate digital, letterpress, lithographic, flexographic, gravure, or other printing machines. Includes short-run offset printing presses.",,,"Mechanical— Knowledge of machines and tools, including their designs, uses, repair, and maintenance.Related occupations; Production and Processing— Knowledge of raw materials, production processes, quality control, costs, and other techniques for maximizing the effective manufacture and distribution of goods.Related occupations",,,Education,Experience Requirements,Training & Credentials,45160,,Bright Outlook,100%,,,"Conventional— Work involves following procedures and regulations to organize information or data, typically in a business setting. Conventional occupations are often associated with office work, accounting, mathematics/statistics, information technology, finance, or human resources.Related occupations; Realistic— Work involves designing, building, or repairing of equipment, materials, or structures, engaging in physical activity, or working outdoors. Realistic occupations are often associated with engineering, mechanics and electronics, construction, woodworking, transportation, machine operation, agriculture, animal services, physical or manual labor, athletics, or protective services.Related occupations","Support— Occupations that satisfy this work value offer supportive management that stands behind employees. Corresponding needs are Company Policies, Supervision: Human Relations and Supervision: Technical.Related occupations; Achievement— Occupations that satisfy this work value are results oriented and allow employees to use their strongest abilities, giving them a feeling of accomplishment. Corresponding needs are Ability Utilization and Achievement.Related occupations; Independence— Occupations that satisfy this work value allow employees to work on their own and make decisions. Corresponding needs are Creativity, Responsibility and Autonomy.Related occupations",,https://www.onetonline.org/link/summary/51-5112.00,2025-09-08
11-1021.00,General and Operations Managers,Management,"Plan, direct, or coordinate the operations of public or private sector organizations, overseeing multiple departments or locations. Duties and responsibilities include formulating policies, managing daily operations, and planning the use of materials and human resources, but are too diverse and general in nature to be classified in any one functional area of management or administration, such as personnel, purchasing, or administrative services. Usually manage through subordinate supervisors. Excludes First-Line Supervisors.",,,,,,Education,Experience Requirements,Training & Credentials,102950,,Bright Outlook,93%,,,"Enterprising— Work involves managing, negotiating, marketing, or selling, typically in a business setting, or leading or advising people in political and legal situations. Enterprising occupations are often associated with business initiatives, sales, marketing/advertising, finance, management/administration, professional advising, public speaking, politics, or law.Related occupations; Conventional— Work involves following procedures and regulations to organize information or data, typically in a business setting. Conventional occupations are often associated with office work, accounting, mathematics/statistics, information technology, finance, or human resources.Related occupations","Relationships— Occupations that satisfy this work value allow employees to provide service to others and work with co-workers in a friendly non-competitive environment. Corresponding needs are Co-workers, Moral Values and Social Service.Related occupations; Independence— Occupations that satisfy this work value allow employees to work on their own and make decisions. Corresponding needs are Creativity, Responsibility and Autonomy.Related occupations; Working Conditions— Occupations that satisfy this work value offer job security and good working conditions. Corresponding needs are Activity, Compensation, Independence, Security, Variety and Working Conditions.Related occupations",,https://www.onetonline.org/link/summary/11-1021.00,2025-09-08
11-9121.02,Water Resource Specialists,Management,"Design or implement programs and strategies related to water resource issues such as supply, quality, and regulatory compliance issues.",,,,,,Education,Experience Requirements,Training & Credentials,161180,,Bright Outlook,91%,,,"Investigative— Work involves studying and researching non-living objects, living organisms, disease or other forms of impairment, or human behavior. Investigative occupations are often associated with physical, life, medical, or social sciences, and can be found in the fields of humanities, mathematics/statistics, information technology, or health care service.Related occupations; Realistic— Work involves designing, building, or repairing of equipment, materials, or structures, engaging in physical activity, or working outdoors. Realistic occupations are often associated with engineering, mechanics and electronics, construction, woodworking, transportation, machine operation, agriculture, animal services, physical or manual labor, athletics, or protective services.Related occupations; Conventional— Work involves following procedures and regulations to organize information or data, typically in a business setting. Conventional occupations are often associated with office work, accounting, mathematics/statistics, information technology, finance, or human resources.Related occupations","Achievement— Occupations that satisfy this work value are results oriented and allow employees to use their strongest abilities, giving them a feeling of accomplishment. Corresponding needs are Ability Utilization and Achievement.Related occupations; Working Conditions— Occupations that satisfy this work value offer job security and good working conditions. Corresponding needs are Activity, Compensation, Independence, Security, Variety and Working Conditions.Related occupations; Independence— Occupations that satisfy this work value allow employees to work on their own and make decisions. Corresponding needs are Creativity, Responsibility and Autonomy.Related occupations",,https://www.onetonline.org/link/summary/11-9121.02,2025-09-08
11-9199.02,Compliance Managers,Management,"Plan, direct, or coordinate activities of an organization to ensure compliance with ethical or regulatory standards.",,,,,,Education,Experience Requirements,Training & Credentials,136550,,Bright Outlook,100%,,,"Conventional— Work involves following procedures and regulations to organize information or data, typically in a business setting. Conventional occupations are often associated with office work, accounting, mathematics/statistics, information technology, finance, or human resources.Related occupations; Enterprising— Work involves managing, negotiating, marketing, or selling, typically in a business setting, or leading or advising people in political and legal situations. Enterprising occupations are often associated with business initiatives, sales, marketing/advertising, finance, management/administration, professional advising, public speaking, politics, or law.Related occupations","Achievement— Occupations that satisfy this work value are results oriented and allow employees to use their strongest abilities, giving them a feeling of accomplishment. Corresponding needs are Ability Utilization and Achievement.Related occupations; Support— Occupations that satisfy this work value offer supportive management that stands behind employees. Corresponding needs are Company Policies, Supervision: Human Relations and Supervision: Technical.Related occupations; Independence— Occupations that satisfy this work value allow employees to work on their own and make decisions. Corresponding needs are Creativity, Responsibility and Autonomy.Related occupations",,https://www.onetonline.org/link/summary/11-9199.02,2025-09-08
13-1022.00,"Wholesale and Retail Buyers, Except Farm Products",Business and Financial Operations,"Buy merchandise or commodities, other than farm products, for resale to consumers at the wholesale or retail level, including both durable and nondurable goods. Analyze past buying trends, sales records, price, and quality of merchandise to determine value and yield. Select, order, and authorize payment for merchandise according to contractual agreements. May conduct meetings with sales personnel and introduce new products. May negotiate contracts. Includes assistant wholesale and retail buyers of nonfarm products.",,,,,,Education,Experience Requirements,Training & Credentials,75650,,Bright Outlook,100%,,,"Enterprising— Work involves managing, negotiating, marketing, or selling, typically in a business setting, or leading or advising people in political and legal situations. Enterprising occupations are often associated with business initiatives, sales, marketing/advertising, finance, management/administration, professional advising, public speaking, politics, or law.Related occupations; Conventional— Work involves following procedures and regulations to organize information or data, typically in a business setting. Conventional occupations are often associated with office work, accounting, mathematics/statistics, information technology, finance, or human resources.Related occupations; Realistic— Work involves designing, building, or repairing of equipment, materials, or structures, engaging in physical activity, or working outdoors. Realistic occupations are often associated with engineering, mechanics and electronics, construction, woodworking, transportation, machine operation, agriculture, animal services, physical or manual labor, athletics, or protective services.Related occupations","Independence— Occupations that satisfy this work value allow employees to work on their own and make decisions. Corresponding needs are Creativity, Responsibility and Autonomy.Related occupations; Achievement— Occupations that satisfy this work value are results oriented and allow employees to use their strongest abilities, giving them a feeling of accomplishment. Corresponding needs are Ability Utilization and Achievement.Related occupations; Relationships— Occupations that satisfy this work value allow employees to provide service to others and work with co-workers in a friendly non-competitive environment. Corresponding needs are Co-workers, Moral Values and Social Service.Related occupations",,https://www.onetonline.org/link/summary/13-1022.00,2025-09-08
17-3026.00,Industrial Engineering Technologists and Technicians,Architecture and Engineering,"Apply engineering theory and principles to problems of industrial layout or manufacturing production, usually under the direction of engineering staff. May perform time and motion studies on worker operations in a variety of industries for purposes such as establishing standard production rates or improving efficiency.",,,,,,Education,Experience Requirements,Training & Credentials,64790,,Bright Outlook,95%,,,"Realistic— Work involves designing, building, or repairing of equipment, materials, or structures, engaging in physical activity, or working outdoors. Realistic occupations are often associated with engineering, mechanics and electronics, construction, woodworking, transportation, machine operation, agriculture, animal services, physical or manual labor, athletics, or protective services.Related occupations; Conventional— Work involves following procedures and regulations to organize information or data, typically in a business setting. Conventional occupations are often associated with office work, accounting, mathematics/statistics, information technology, finance, or human resources.Related occupations; Investigative— Work involves studying and researching non-living objects, living organisms, disease or other forms of impairment, or human behavior. Investigative occupations are often associated with physical, life, medical, or social sciences, and can be found in the fields of humanities, mathematics/statistics, information technology, or health care service.Related occupations","Support— Occupations that satisfy this work value offer supportive management that stands behind employees. Corresponding needs are Company Policies, Supervision: Human Relations and Supervision: Technical.Related occupations; Achievement— Occupations that satisfy this work value are results oriented and allow employees to use their strongest abilities, giving them a feeling of accomplishment. Corresponding needs are Ability Utilization and Achievement.Related occupations; Independence— Occupations that satisfy this work value allow employees to work on their own and make decisions. Corresponding needs are Creativity, Responsibility and Autonomy.Related occupations",,https://www.onetonline.org/link/summary/17-3026.00,2025-09-08
19-3022.00,Survey Researchers,"Life, Physical, and Social Science","Plan, develop, or conduct surveys. May analyze and interpret the meaning of survey data, determine survey objectives, or suggest or test question wording. Includes social scientists who primarily design questionnaires or supervise survey teams.",,,,,,Education,Experience Requirements,Training & Credentials,63380,,Bright Outlook,100%,,,"Investigative— Work involves studying and researching non-living objects, living organisms, disease or other forms of impairment, or human behavior. Investigative occupations are often associated with physical, life, medical, or social sciences, and can be found in the fields of humanities, mathematics/statistics, information technology, or health care service.Related occupations; Conventional— Work involves following procedures and regulations to organize information or data, typically in a business setting. Conventional occupations are often associated with office work, accounting, mathematics/statistics, information technology, finance, or human resources.Related occupations","Independence— Occupations that satisfy this work value allow employees to work on their own and make decisions. Corresponding needs are Creativity, Responsibility and Autonomy.Related occupations; Achievement— Occupations that satisfy this work value are results oriented and allow employees to use their strongest abilities, giving them a feeling of accomplishment. Corresponding needs are Ability Utilization and Achievement.Related occupations; Recognition— Occupations that satisfy this work value offer advancement, potential for leadership, and are often considered prestigious. Corresponding needs are Advancement, Authority, Recognition and Social Status.Related occupations",,https://www.onetonline.org/link/summary/19-3022.00,2025-09-08
21-1094.00,Community Health Workers,Community and Social Service,"Promote health within a community by assisting individuals to adopt healthy behaviors. Serve as an advocate for the health needs of individuals by assisting community residents in effectively communicating with healthcare providers or social service agencies. Act as liaison or advocate and implement programs that promote, maintain, and improve individual and overall community health. May deliver health-related preventive services such as blood pressure, glaucoma, and hearing screenings. May collect data to help identify community health needs.",,,,,,Education,Experience Requirements,Training & Credentials,51030,,Bright Outlook,77%,,,"Social— Work involves helping, teaching, advising, assisting, or providing service to others. Social occupations are often associated with social, health care, personal service, teaching/education, or religious activities.Related occupations","Relationships— Occupations that satisfy this work value allow employees to provide service to others and work with co-workers in a friendly non-competitive environment. Corresponding needs are Co-workers, Moral Values and Social Service.Related occupations; Achievement— Occupations that satisfy this work value are results oriented and allow employees to use their strongest abilities, giving them a feeling of accomplishment. Corresponding needs are Ability Utilization and Achievement.Related occupations; Independence— Occupations that satisfy this work value allow employees to work on their own and make decisions. Corresponding needs are Creativity, Responsibility and Autonomy.Related occupations",,https://www.onetonline.org/link/summary/21-1094.00,2025-09-08
25-1064.00,"Geography Teachers, Postsecondary",Educational Instruction and Library,Teach courses in geography. Includes both teachers primarily engaged in teaching and those who do a combination of teaching and research.,,,,,,Education,Experience Requirements,Training & Credentials,86730,,Bright Outlook,99%,,,"Social— Work involves helping, teaching, advising, assisting, or providing service to others. Social occupations are often associated with social, health care, personal service, teaching/education, or religious activities.Related occupations; Investigative— Work involves studying and researching non-living objects, living organisms, disease or other forms of impairment, or human behavior. Investigative occupations are often associated with physical, life, medical, or social sciences, and can be found in the fields of humanities, mathematics/statistics, information technology, or health care service.Related occupations","Independence— Occupations that satisfy this work value allow employees to work on their own and make decisions. Corresponding needs are Creativity, Responsibility and Autonomy.Related occupations; Achievement— Occupations that satisfy this work value are results oriented and allow employees to use their strongest abilities, giving them a feeling of accomplishment. Corresponding needs are Ability Utilization and Achievement.Related occupations; Recognition— Occupations that satisfy this work value offer advancement, potential for leadership, and are often considered prestigious. Corresponding needs are Advancement, Authority, Recognition and Social Status.Related occupations",,https://www.onetonline.org/link/summary/25-1064.00,2025-09-08
25-9042.00,"Teaching Assistants, Preschool, Elementary, Middle, and Secondary School, Except Special Education",Educational Instruction and Library,"Assist a preschool, elementary, middle, or secondary school teacher with instructional duties. Serve in a position for which a teacher has primary responsibility for the design and implementation of educational programs and services.",,,,,,"25-9042.00 - Teaching Assistants, Preschool, Elementary, Middle, and Secondary School, Except Special Education",Experience Requirements,Training & Credentials,35240,,Bright Outlook,92%,,,"Social— Work involves helping, teaching, advising, assisting, or providing service to others. Social occupations are often associated with social, health care, personal service, teaching/education, or religious activities.Related occupations; Conventional— Work involves following procedures and regulations to organize information or data, typically in a business setting. Conventional occupations are often associated with office work, accounting, mathematics/statistics, information technology, finance, or human resources.Related occupations",,,https://www.onetonline.org/link/summary/25-9042.00,2025-09-08
11-9179.01,Fitness and Wellness Coordinators,Management,"Manage or coordinate fitness and wellness programs and services. Manage and train staff of wellness specialists, health educators, or fitness instructors.",,,,,,Education,Experience Requirements,Training & Credentials,61340,,Bright Outlook,100%,,,"Social— Work involves helping, teaching, advising, assisting, or providing service to others. Social occupations are often associated with social, health care, personal service, teaching/education, or religious activities.Related occupations; Enterprising— Work involves managing, negotiating, marketing, or selling, typically in a business setting, or leading or advising people in political and legal situations. Enterprising occupations are often associated with business initiatives, sales, marketing/advertising, finance, management/administration, professional advising, public speaking, politics, or law.Related occupations","Relationships— Occupations that satisfy this work value allow employees to provide service to others and work with co-workers in a friendly non-competitive environment. Corresponding needs are Co-workers, Moral Values and Social Service.Related occupations; Independence— Occupations that satisfy this work value allow employees to work on their own and make decisions. Corresponding needs are Creativity, Responsibility and Autonomy.Related occupations; Achievement— Occupations that satisfy this work value are results oriented and allow employees to use their strongest abilities, giving them a feeling of accomplishment. Corresponding needs are Ability Utilization and Achievement.Related occupations",,https://www.onetonline.org/link/summary/11-9179.01,2025-09-08
13-1082.00,Project Management Specialists,Business and Financial Operations,"Analyze and coordinate the schedule, timeline, procurement, staffing, and budget of a product or service on a per project basis. Lead and guide the work of technical staff. May serve as a point of contact for the client or customer.",,,,,,Education,Experience Requirements,Training & Credentials,100750,,Bright Outlook,6%,,,"Enterprising— Work involves managing, negotiating, marketing, or selling, typically in a business setting, or leading or advising people in political and legal situations. Enterprising occupations are often associated with business initiatives, sales, marketing/advertising, finance, management/administration, professional advising, public speaking, politics, or law.Related occupations; Conventional— Work involves following procedures and regulations to organize information or data, typically in a business setting. Conventional occupations are often associated with office work, accounting, mathematics/statistics, information technology, finance, or human resources.Related occupations",,,https://www.onetonline.org/link/summary/13-1082.00,2025-09-08
15-2011.00,Actuaries,Computer and Mathematical,"Analyze statistical data, such as mortality, accident, sickness, disability, and retirement rates and construct probability tables to forecast risk and liability for payment of future benefits. May ascertain insurance rates required and cash reserves necessary to ensure payment of future benefits.",,,"Mathematics— Knowledge of arithmetic, algebra, geometry, calculus, statistics, and their applications.Related occupations; Computers and Electronics— Knowledge of circuit boards, processors, chips, electronic equipment, and computer hardware and software, including applications and programming.Related occupations; Economics and Accounting— Knowledge of economic and accounting principles and practices, the financial markets, banking, and the analysis and reporting of financial data.Related occupations; English Language— Knowledge of the structure and content of the English language including the meaning and spelling of words, and rules of composition and grammar.Related occupations; Law and Government— Knowledge of laws, legal codes, court procedures, precedents, government regulations, executive orders, agency rules, and the democratic political process.Related occupations",,,Education,Experience Requirements,Training & Credentials,125770,,Bright Outlook,100%,,,"Conventional— Work involves following procedures and regulations to organize information or data, typically in a business setting. Conventional occupations are often associated with office work, accounting, mathematics/statistics, information technology, finance, or human resources.Related occupations; Investigative— Work involves studying and researching non-living objects, living organisms, disease or other forms of impairment, or human behavior. Investigative occupations are often associated with physical, life, medical, or social sciences, and can be found in the fields of humanities, mathematics/statistics, information technology, or health care service.Related occupations; Enterprising— Work involves managing, negotiating, marketing, or selling, typically in a business setting, or leading or advising people in political and legal situations. Enterprising occupations are often associated with business initiatives, sales, marketing/advertising, finance, management/administration, professional advising, public speaking, politics, or law.Related occupations","Working Conditions— Occupations that satisfy this work value offer job security and good working conditions. Corresponding needs are Activity, Compensation, Independence, Security, Variety and Working Conditions.Related occupations; Achievement— Occupations that satisfy this work value are results oriented and allow employees to use their strongest abilities, giving them a feeling of accomplishment. Corresponding needs are Ability Utilization and Achievement.Related occupations; Independence— Occupations that satisfy this work value allow employees to work on their own and make decisions. Corresponding needs are Creativity, Responsibility and Autonomy.Related occupations",,https://www.onetonline.org/link/summary/15-2011.00,2025-09-08
17-3026.01,Nanotechnology Engineering Technologists and Technicians,Architecture and Engineering,"Implement production processes and operate commercial-scale production equipment to produce, test, or modify materials, devices, or systems of unique molecular or macromolecular composition. Operate advanced microscopy equipment to manipulate nanoscale objects. Work under the supervision of nanoengineering staff.",,,,,,Education,Experience Requirements,Training & Credentials,64790,,Bright Outlook,100%,,,"Realistic— Work involves designing, building, or repairing of equipment, materials, or structures, engaging in physical activity, or working outdoors. Realistic occupations are often associated with engineering, mechanics and electronics, construction, woodworking, transportation, machine operation, agriculture, animal services, physical or manual labor, athletics, or protective services.Related occupations; Investigative— Work involves studying and researching non-living objects, living organisms, disease or other forms of impairment, or human behavior. Investigative occupations are often associated with physical, life, medical, or social sciences, and can be found in the fields of humanities, mathematics/statistics, information technology, or health care service.Related occupations; Conventional— Work involves following procedures and regulations to organize information or data, typically in a business setting. Conventional occupations are often associated with office work, accounting, mathematics/statistics, information technology, finance, or human resources.Related occupations","Achievement— Occupations that satisfy this work value are results oriented and allow employees to use their strongest abilities, giving them a feeling of accomplishment. Corresponding needs are Ability Utilization and Achievement.Related occupations; Support— Occupations that satisfy this work value offer supportive management that stands behind employees. Corresponding needs are Company Policies, Supervision: Human Relations and Supervision: Technical.Related occupations; Working Conditions— Occupations that satisfy this work value offer job security and good working conditions. Corresponding needs are Activity, Compensation, Independence, Security, Variety and Working Conditions.Related occupations",,https://www.onetonline.org/link/summary/17-3026.01,2025-09-08
19-1031.00,Conservation Scientists,"Life, Physical, and Social Science","Manage, improve, and protect natural resources to maximize their use without damaging the environment. May conduct soil surveys and develop plans to eliminate soil erosion or to protect rangelands. May instruct farmers, agricultural production managers, or ranchers in best ways to use crop rotation, contour plowing, or terracing to conserve soil and water; in the number and kind of livestock and forage plants best suited to particular ranges; and in range and farm improvements, such as fencing and reservoirs for stock watering.",,,,,,Education,Experience Requirements,Training & Credentials,67950,,Bright Outlook,96%,,,"Investigative— Work involves studying and researching non-living objects, living organisms, disease or other forms of impairment, or human behavior. Investigative occupations are often associated with physical, life, medical, or social sciences, and can be found in the fields of humanities, mathematics/statistics, information technology, or health care service.Related occupations; Realistic— Work involves designing, building, or repairing of equipment, materials, or structures, engaging in physical activity, or working outdoors. Realistic occupations are often associated with engineering, mechanics and electronics, construction, woodworking, transportation, machine operation, agriculture, animal services, physical or manual labor, athletics, or protective services.Related occupations; Conventional— Work involves following procedures and regulations to organize information or data, typically in a business setting. Conventional occupations are often associated with office work, accounting, mathematics/statistics, information technology, finance, or human resources.Related occupations","Relationships— Occupations that satisfy this work value allow employees to provide service to others and work with co-workers in a friendly non-competitive environment. Corresponding needs are Co-workers, Moral Values and Social Service.Related occupations; Working Conditions— Occupations that satisfy this work value offer job security and good working conditions. Corresponding needs are Activity, Compensation, Independence, Security, Variety and Working Conditions.Related occupations; Independence— Occupations that satisfy this work value allow employees to work on their own and make decisions. Corresponding needs are Creativity, Responsibility and Autonomy.Related occupations",,https://www.onetonline.org/link/summary/19-1031.00,2025-09-08
19-3091.00,Anthropologists and Archeologists,"Life, Physical, and Social Science","Study the origin, development, and behavior of human beings. May study the way of life, language, or physical characteristics of people in various parts of the world. May engage in systematic recovery and examination of material evidence, such as tools or pottery remaining from past human cultures, in order to determine the history, customs, and living habits of earlier civilizations.",,,,,,Education,Experience Requirements,Training & Credentials,64910,,Bright Outlook,85%,,,"Investigative— Work involves studying and researching non-living objects, living organisms, disease or other forms of impairment, or human behavior. Investigative occupations are often associated with physical, life, medical, or social sciences, and can be found in the fields of humanities, mathematics/statistics, information technology, or health care service.Related occupations; Realistic— Work involves designing, building, or repairing of equipment, materials, or structures, engaging in physical activity, or working outdoors. Realistic occupations are often associated with engineering, mechanics and electronics, construction, woodworking, transportation, machine operation, agriculture, animal services, physical or manual labor, athletics, or protective services.Related occupations","Achievement— Occupations that satisfy this work value are results oriented and allow employees to use their strongest abilities, giving them a feeling of accomplishment. Corresponding needs are Ability Utilization and Achievement.Related occupations; Independence— Occupations that satisfy this work value allow employees to work on their own and make decisions. Corresponding needs are Creativity, Responsibility and Autonomy.Related occupations; Working Conditions— Occupations that satisfy this work value offer job security and good working conditions. Corresponding needs are Activity, Compensation, Independence, Security, Variety and Working Conditions.Related occupations",,https://www.onetonline.org/link/summary/19-3091.00,2025-09-08
19-4061.00,Social Science Research Assistants,"Life, Physical, and Social Science","Assist social scientists in laboratory, survey, and other social science research. May help prepare findings for publication and assist in laboratory analysis, quality control, or data management.",,,"English Language— Knowledge of the structure and content of the English language including the meaning and spelling of words, and rules of composition and grammar.Related occupations; Computers and Electronics— Knowledge of circuit boards, processors, chips, electronic equipment, and computer hardware and software, including applications and programming.Related occupations; Administrative— Knowledge of administrative and office procedures and systems such as word processing, managing files and records, stenography and transcription, designing forms, and workplace terminology.Related occupations; Mathematics— Knowledge of arithmetic, algebra, geometry, calculus, statistics, and their applications.Related occupations; Customer and Personal Service— Knowledge of principles and processes for providing customer and personal services. This includes customer needs assessment, meeting quality standards for services, and evaluation of customer satisfaction.Related occupations",,,Education,Experience Requirements,Training & Credentials,58040,,Bright Outlook,78%,,,"Investigative— Work involves studying and researching non-living objects, living organisms, disease or other forms of impairment, or human behavior. Investigative occupations are often associated with physical, life, medical, or social sciences, and can be found in the fields of humanities, mathematics/statistics, information technology, or health care service.Related occupations; Conventional— Work involves following procedures and regulations to organize information or data, typically in a business setting. Conventional occupations are often associated with office work, accounting, mathematics/statistics, information technology, finance, or human resources.Related occupations","Independence— Occupations that satisfy this work value allow employees to work on their own and make decisions. Corresponding needs are Creativity, Responsibility and Autonomy.Related occupations; Achievement— Occupations that satisfy this work value are results oriented and allow employees to use their strongest abilities, giving them a feeling of accomplishment. Corresponding needs are Ability Utilization and Achievement.Related occupations; Working Conditions— Occupations that satisfy this work value offer job security and good working conditions. Corresponding needs are Activity, Compensation, Independence, Security, Variety and Working Conditions.Related occupations",,https://www.onetonline.org/link/summary/19-4061.00,2025-09-08
27-1011.00,Art Directors,"Arts, Design, Entertainment, Sports, and Media","Formulate design concepts and presentation approaches for visual productions and media, such as print, broadcasting, video, and film. Direct workers engaged in artwork or layout design.",,,,,,Education,Experience Requirements,Training & Credentials,111040,,Bright Outlook,100%,,,"Artistic— Work involves creating original visual artwork, performances, written works, food, or music for a variety of media, or applying artistic principles to the design of various objects and materials. Artistic occupations are often associated with visual arts, applied arts and design, performing arts, music, creative writing, media, or culinary art.Related occupations; Enterprising— Work involves managing, negotiating, marketing, or selling, typically in a business setting, or leading or advising people in political and legal situations. Enterprising occupations are often associated with business initiatives, sales, marketing/advertising, finance, management/administration, professional advising, public speaking, politics, or law.Related occupations","Independence— Occupations that satisfy this work value allow employees to work on their own and make decisions. Corresponding needs are Creativity, Responsibility and Autonomy.Related occupations; Achievement— Occupations that satisfy this work value are results oriented and allow employees to use their strongest abilities, giving them a feeling of accomplishment. Corresponding needs are Ability Utilization and Achievement.Related occupations; Working Conditions— Occupations that satisfy this work value offer job security and good working conditions. Corresponding needs are Activity, Compensation, Independence, Security, Variety and Working Conditions.Related occupations",,https://www.onetonline.org/link/summary/27-1011.00,2025-09-08
41-4011.00,"Sales Representatives, Wholesale and Manufacturing, Technical and Scientific Products",Sales and Related,"Sell goods for wholesalers or manufacturers where technical or scientific knowledge is required in such areas as biology, engineering, chemistry, and electronics, normally obtained from at least 2 years of postsecondary education.",,,,,,Education,"Sell goods for wholesalers or manufacturers where technical or scientific knowledge is required in such areas as biology, engineering, chemistry, and electronics, normally obtained from at least 2 years of postsecondary education.",Training & Credentials,100070,,Bright Outlook,100%,,,"Enterprising— Work involves managing, negotiating, marketing, or selling, typically in a business setting, or leading or advising people in political and legal situations. Enterprising occupations are often associated with business initiatives, sales, marketing/advertising, finance, management/administration, professional advising, public speaking, politics, or law.Related occupations; Conventional— Work involves following procedures and regulations to organize information or data, typically in a business setting. Conventional occupations are often associated with office work, accounting, mathematics/statistics, information technology, finance, or human resources.Related occupations","Independence— Occupations that satisfy this work value allow employees to work on their own and make decisions. Corresponding needs are Creativity, Responsibility and Autonomy.Related occupations; Achievement— Occupations that satisfy this work value are results oriented and allow employees to use their strongest abilities, giving them a feeling of accomplishment. Corresponding needs are Ability Utilization and Achievement.Related occupations; Working Conditions— Occupations that satisfy this work value offer job security and good working conditions. Corresponding needs are Activity, Compensation, Independence, Security, Variety and Working Conditions.Related occupations",,https://www.onetonline.org/link/summary/41-4011.00,2025-09-08
43-3031.00,"Bookkeeping, Accounting, and Auditing Clerks",Office and Administrative Support,"Compute, classify, and record numerical data to keep financial records complete. Perform any combination of routine calculating, posting, and verifying duties to obtain primary financial data for use in maintaining accounting records. May also check the accuracy of figures, calculations, and postings pertaining to business transactions recorded by other workers.",,,,,,Education,Experience Requirements,Training & Credentials,49210,,Bright Outlook,94%,,,"Conventional— Work involves following procedures and regulations to organize information or data, typically in a business setting. Conventional occupations are often associated with office work, accounting, mathematics/statistics, information technology, finance, or human resources.Related occupations; Enterprising— Work involves managing, negotiating, marketing, or selling, typically in a business setting, or leading or advising people in political and legal situations. Enterprising occupations are often associated with business initiatives, sales, marketing/advertising, finance, management/administration, professional advising, public speaking, politics, or law.Related occupations","Support— Occupations that satisfy this work value offer supportive management that stands behind employees. Corresponding needs are Company Policies, Supervision: Human Relations and Supervision: Technical.Related occupations; Relationships— Occupations that satisfy this work value allow employees to provide service to others and work with co-workers in a friendly non-competitive environment. Corresponding needs are Co-workers, Moral Values and Social Service.Related occupations; Achievement— Occupations that satisfy this work value are results oriented and allow employees to use their strongest abilities, giving them a feeling of accomplishment. Corresponding needs are Ability Utilization and Achievement.Related occupations",,https://www.onetonline.org/link/summary/43-3031.00,2025-09-08
11-9151.00,Social and Community Service Managers,Management,"Plan, direct, or coordinate the activities of a social service program or community outreach organization. Oversee the program or organization's budget and policies regarding participant involvement, program requirements, and benefits. Work may involve directing social workers, counselors, or probation officers.",,,,,,Education,Experience Requirements,Training & Credentials,78240,,Bright Outlook,100%,,,"Enterprising— Work involves managing, negotiating, marketing, or selling, typically in a business setting, or leading or advising people in political and legal situations. Enterprising occupations are often associated with business initiatives, sales, marketing/advertising, finance, management/administration, professional advising, public speaking, politics, or law.Related occupations; Social— Work involves helping, teaching, advising, assisting, or providing service to others. Social occupations are often associated with social, health care, personal service, teaching/education, or religious activities.Related occupations; Conventional— Work involves following procedures and regulations to organize information or data, typically in a business setting. Conventional occupations are often associated with office work, accounting, mathematics/statistics, information technology, finance, or human resources.Related occupations","Relationships— Occupations that satisfy this work value allow employees to provide service to others and work with co-workers in a friendly non-competitive environment. Corresponding needs are Co-workers, Moral Values and Social Service.Related occupations; Independence— Occupations that satisfy this work value allow employees to work on their own and make decisions. Corresponding needs are Creativity, Responsibility and Autonomy.Related occupations; Working Conditions— Occupations that satisfy this work value offer job security and good working conditions. Corresponding needs are Activity, Compensation, Independence, Security, Variety and Working Conditions.Related occupations",,https://www.onetonline.org/link/summary/11-9151.00,2025-09-08
19-1022.00,Microbiologists,"Life, Physical, and Social Science","Investigate the growth, structure, development, and other characteristics of microscopic organisms, such as bacteria, algae, or fungi. Includes medical microbiologists who study the relationship between organisms and disease or the effects of antibiotics on microorganisms.",,,,,,Education,Experience Requirements,Training & Credentials,87330,,Bright Outlook,100%,,,"Investigative— Work involves studying and researching non-living objects, living organisms, disease or other forms of impairment, or human behavior. Investigative occupations are often associated with physical, life, medical, or social sciences, and can be found in the fields of humanities, mathematics/statistics, information technology, or health care service.Related occupations; Realistic— Work involves designing, building, or repairing of equipment, materials, or structures, engaging in physical activity, or working outdoors. Realistic occupations are often associated with engineering, mechanics and electronics, construction, woodworking, transportation, machine operation, agriculture, animal services, physical or manual labor, athletics, or protective services.Related occupations; Conventional— Work involves following procedures and regulations to organize information or data, typically in a business setting. Conventional occupations are often associated with office work, accounting, mathematics/statistics, information technology, finance, or human resources.Related occupations","Recognition— Occupations that satisfy this work value offer advancement, potential for leadership, and are often considered prestigious. Corresponding needs are Advancement, Authority, Recognition and Social Status.Related occupations; Achievement— Occupations that satisfy this work value are results oriented and allow employees to use their strongest abilities, giving them a feeling of accomplishment. Corresponding needs are Ability Utilization and Achievement.Related occupations; Independence— Occupations that satisfy this work value allow employees to work on their own and make decisions. Corresponding needs are Creativity, Responsibility and Autonomy.Related occupations",,https://www.onetonline.org/link/summary/19-1022.00,2025-09-08
19-1031.03,Park Naturalists,"Life, Physical, and Social Science","Plan, develop, and conduct programs to inform public of historical, natural, and scientific features of national, state, or local park.",,,,,,Education,Experience Requirements,Training & Credentials,67950,,Bright Outlook,89%,,,"Social— Work involves helping, teaching, advising, assisting, or providing service to others. Social occupations are often associated with social, health care, personal service, teaching/education, or religious activities.Related occupations; Investigative— Work involves studying and researching non-living objects, living organisms, disease or other forms of impairment, or human behavior. Investigative occupations are often associated with physical, life, medical, or social sciences, and can be found in the fields of humanities, mathematics/statistics, information technology, or health care service.Related occupations; Realistic— Work involves designing, building, or repairing of equipment, materials, or structures, engaging in physical activity, or working outdoors. Realistic occupations are often associated with engineering, mechanics and electronics, construction, woodworking, transportation, machine operation, agriculture, animal services, physical or manual labor, athletics, or protective services.Related occupations; Artistic— Work involves creating original visual artwork, performances, written works, food, or music for a variety of media, or applying artistic principles to the design of various objects and materials. Artistic occupations are often associated with visual arts, applied arts and design, performing arts, music, creative writing, media, or culinary art.Related occupations","Relationships— Occupations that satisfy this work value allow employees to provide service to others and work with co-workers in a friendly non-competitive environment. Corresponding needs are Co-workers, Moral Values and Social Service.Related occupations; Working Conditions— Occupations that satisfy this work value offer job security and good working conditions. Corresponding needs are Activity, Compensation, Independence, Security, Variety and Working Conditions.Related occupations; Achievement— Occupations that satisfy this work value are results oriented and allow employees to use their strongest abilities, giving them a feeling of accomplishment. Corresponding needs are Ability Utilization and Achievement.Related occupations",,https://www.onetonline.org/link/summary/19-1031.03,2025-09-08
19-4021.00,Biological Technicians,"Life, Physical, and Social Science","Assist biological and medical scientists. Set up, operate, and maintain laboratory instruments and equipment, monitor experiments, collect data and samples, make observations, and calculate and record results. May analyze organic substances, such as blood, food, and drugs.",,,"Biology— Knowledge of plant and animal organisms, their tissues, cells, functions, interdependencies, and interactions with each other and the environment.Related occupations; English Language— Knowledge of the structure and content of the English language including the meaning and spelling of words, and rules of composition and grammar.Related occupations; Mathematics— Knowledge of arithmetic, algebra, geometry, calculus, statistics, and their applications.Related occupations; Computers and Electronics— Knowledge of circuit boards, processors, chips, electronic equipment, and computer hardware and software, including applications and programming.Related occupations; Chemistry— Knowledge of the chemical composition, structure, and properties of substances and of the chemical processes and transformations that they undergo. This includes uses of chemicals and their interactions, danger signs, production techniques, and disposal methods.Related occupations",,,Education,Experience Requirements,Training & Credentials,52000,,Bright Outlook,85%,,,"Realistic— Work involves designing, building, or repairing of equipment, materials, or structures, engaging in physical activity, or working outdoors. Realistic occupations are often associated with engineering, mechanics and electronics, construction, woodworking, transportation, machine operation, agriculture, animal services, physical or manual labor, athletics, or protective services.Related occupations; Investigative— Work involves studying and researching non-living objects, living organisms, disease or other forms of impairment, or human behavior. Investigative occupations are often associated with physical, life, medical, or social sciences, and can be found in the fields of humanities, mathematics/statistics, information technology, or health care service.Related occupations; Conventional— Work involves following procedures and regulations to organize information or data, typically in a business setting. Conventional occupations are often associated with office work, accounting, mathematics/statistics, information technology, finance, or human resources.Related occupations","Support— Occupations that satisfy this work value offer supportive management that stands behind employees. Corresponding needs are Company Policies, Supervision: Human Relations and Supervision: Technical.Related occupations; Achievement— Occupations that satisfy this work value are results oriented and allow employees to use their strongest abilities, giving them a feeling of accomplishment. Corresponding needs are Ability Utilization and Achievement.Related occupations; Working Conditions— Occupations that satisfy this work value offer job security and good working conditions. Corresponding needs are Activity, Compensation, Independence, Security, Variety and Working Conditions.Related occupations",,https://www.onetonline.org/link/summary/19-4021.00,2025-09-08
25-1194.00,"Career/Technical Education Teachers, Postsecondary",Educational Instruction and Library,"Teach vocational courses intended to provide occupational training below the baccalaureate level in subjects such as construction, mechanics/repair, manufacturing, transportation, or cosmetology, primarily to students who have graduated from or left high school. Teaching takes place in public or private schools whose primary business is academic or vocational education.",,,,,,"25-1194.00 - Career/Technical Education Teachers, Postsecondary",Experience Requirements,"Teach vocational courses intended to provide occupational training below the baccalaureate level in subjects such as construction, mechanics/repair, manufacturing, transportation, or cosmetology, primarily to students who have graduated from or left high school. Teaching takes place in public or private schools whose primary business is academic or vocational education.",61490,,Bright Outlook,68%,,,"Social— Work involves helping, teaching, advising, assisting, or providing service to others. Social occupations are often associated with social, health care, personal service, teaching/education, or religious activities.Related occupations; Investigative— Work involves studying and researching non-living objects, living organisms, disease or other forms of impairment, or human behavior. Investigative occupations are often associated with physical, life, medical, or social sciences, and can be found in the fields of humanities, mathematics/statistics, information technology, or health care service.Related occupations","Achievement— Occupations that satisfy this work value are results oriented and allow employees to use their strongest abilities, giving them a feeling of accomplishment. Corresponding needs are Ability Utilization and Achievement.Related occupations; Independence— Occupations that satisfy this work value allow employees to work on their own and make decisions. Corresponding needs are Creativity, Responsibility and Autonomy.Related occupations; Relationships— Occupations that satisfy this work value allow employees to provide service to others and work with co-workers in a friendly non-competitive environment. Corresponding needs are Co-workers, Moral Values and Social Service.Related occupations",,https://www.onetonline.org/link/summary/25-1194.00,2025-09-08
27-1012.00,Craft Artists,"Arts, Design, Entertainment, Sports, and Media","Create or reproduce handmade objects for sale and exhibition using a variety of techniques, such as welding, weaving, pottery, and needlecraft.",,"Critical Thinking— Using logic and reasoning to identify the strengths and weaknesses of alternative solutions, conclusions, or approaches to problems.Related occupations; Active Listening— Giving full attention to what other people are saying, taking time to understand the points being made, asking questions as appropriate, and not interrupting at inappropriate times.Related occupations; Monitoring— Monitoring/Assessing performance of yourself, other individuals, or organizations to make improvements or take corrective action.Related occupations; Reading Comprehension— Understanding written sentences and paragraphs in work-related documents.Related occupations; Speaking— Talking to others to convey information effectively.Related occupations",,,,Education,Experience Requirements,Training & Credentials,38480,,Bright Outlook,65%,,,"Artistic— Work involves creating original visual artwork, performances, written works, food, or music for a variety of media, or applying artistic principles to the design of various objects and materials. Artistic occupations are often associated with visual arts, applied arts and design, performing arts, music, creative writing, media, or culinary art.Related occupations; Realistic— Work involves designing, building, or repairing of equipment, materials, or structures, engaging in physical activity, or working outdoors. Realistic occupations are often associated with engineering, mechanics and electronics, construction, woodworking, transportation, machine operation, agriculture, animal services, physical or manual labor, athletics, or protective services.Related occupations","Achievement— Occupations that satisfy this work value are results oriented and allow employees to use their strongest abilities, giving them a feeling of accomplishment. Corresponding needs are Ability Utilization and Achievement.Related occupations; Independence— Occupations that satisfy this work value allow employees to work on their own and make decisions. Corresponding needs are Creativity, Responsibility and Autonomy.Related occupations; Working Conditions— Occupations that satisfy this work value offer job security and good working conditions. Corresponding needs are Activity, Compensation, Independence, Security, Variety and Working Conditions.Related occupations",,https://www.onetonline.org/link/summary/27-1012.00,2025-09-08
31-1133.00,Psychiatric Aides,Healthcare Support,"Assist mentally impaired or emotionally disturbed patients, working under direction of nursing and medical staff. May assist with daily living activities, lead patients in educational and recreational activities, or accompany patients to and from examinations and treatments. May restrain violent patients. Includes psychiatric orderlies.",,,,,,Education,Experience Requirements,Training & Credentials,41590,,Bright Outlook,84%,,,"Social— Work involves helping, teaching, advising, assisting, or providing service to others. Social occupations are often associated with social, health care, personal service, teaching/education, or religious activities.Related occupations; Investigative— Work involves studying and researching non-living objects, living organisms, disease or other forms of impairment, or human behavior. Investigative occupations are often associated with physical, life, medical, or social sciences, and can be found in the fields of humanities, mathematics/statistics, information technology, or health care service.Related occupations; Conventional— Work involves following procedures and regulations to organize information or data, typically in a business setting. Conventional occupations are often associated with office work, accounting, mathematics/statistics, information technology, finance, or human resources.Related occupations","Relationships— Occupations that satisfy this work value allow employees to provide service to others and work with co-workers in a friendly non-competitive environment. Corresponding needs are Co-workers, Moral Values and Social Service.Related occupations; Support— Occupations that satisfy this work value offer supportive management that stands behind employees. Corresponding needs are Company Policies, Supervision: Human Relations and Supervision: Technical.Related occupations; Independence— Occupations that satisfy this work value allow employees to work on their own and make decisions. Corresponding needs are Creativity, Responsibility and Autonomy.Related occupations",,https://www.onetonline.org/link/summary/31-1133.00,2025-09-08
51-4041.00,Machinists,Production,"Set up and operate a variety of machine tools to produce precision parts and instruments out of metal. Includes precision instrument makers who fabricate, modify, or repair mechanical instruments. May also fabricate and modify parts to make or repair machine tools or maintain industrial machines, applying knowledge of mechanics, mathematics, metal properties, layout, and machining procedures.",,,"Mathematics— Knowledge of arithmetic, algebra, geometry, calculus, statistics, and their applications.Related occupations; Mechanical— Knowledge of machines and tools, including their designs, uses, repair, and maintenance.Related occupations; Production and Processing— Knowledge of raw materials, production processes, quality control, costs, and other techniques for maximizing the effective manufacture and distribution of goods.Related occupations; Design— Knowledge of design techniques, tools, and principles involved in production of precision technical plans, blueprints, drawings, and models.Related occupations",,,Education,Experience Requirements,Training & Credentials,56150,,Bright Outlook,94%,,,"Realistic— Work involves designing, building, or repairing of equipment, materials, or structures, engaging in physical activity, or working outdoors. Realistic occupations are often associated with engineering, mechanics and electronics, construction, woodworking, transportation, machine operation, agriculture, animal services, physical or manual labor, athletics, or protective services.Related occupations; Conventional— Work involves following procedures and regulations to organize information or data, typically in a business setting. Conventional occupations are often associated with office work, accounting, mathematics/statistics, information technology, finance, or human resources.Related occupations; Investigative— Work involves studying and researching non-living objects, living organisms, disease or other forms of impairment, or human behavior. Investigative occupations are often associated with physical, life, medical, or social sciences, and can be found in the fields of humanities, mathematics/statistics, information technology, or health care service.Related occupations","Support— Occupations that satisfy this work value offer supportive management that stands behind employees. Corresponding needs are Company Policies, Supervision: Human Relations and Supervision: Technical.Related occupations; Working Conditions— Occupations that satisfy this work value offer job security and good working conditions. Corresponding needs are Activity, Compensation, Independence, Security, Variety and Working Conditions.Related occupations; Independence— Occupations that satisfy this work value allow employees to work on their own and make decisions. Corresponding needs are Creativity, Responsibility and Autonomy.Related occupations",,https://www.onetonline.org/link/summary/51-4041.00,2025-09-08
51-4192.00,"Layout Workers, Metal and Plastic",Production,"Lay out reference points and dimensions on metal or plastic stock or workpieces, such as sheets, plates, tubes, structural shapes, castings, or machine parts, for further processing. Includes shipfitters.",,,,,,Education,Experience Requirements,Training & Credentials,61870,,Bright Outlook,100%,,,"Realistic— Work involves designing, building, or repairing of equipment, materials, or structures, engaging in physical activity, or working outdoors. Realistic occupations are often associated with engineering, mechanics and electronics, construction, woodworking, transportation, machine operation, agriculture, animal services, physical or manual labor, athletics, or protective services.Related occupations; Conventional— Work involves following procedures and regulations to organize information or data, typically in a business setting. Conventional occupations are often associated with office work, accounting, mathematics/statistics, information technology, finance, or human resources.Related occupations","Support— Occupations that satisfy this work value offer supportive management that stands behind employees. Corresponding needs are Company Policies, Supervision: Human Relations and Supervision: Technical.Related occupations; Relationships— Occupations that satisfy this work value allow employees to provide service to others and work with co-workers in a friendly non-competitive environment. Corresponding needs are Co-workers, Moral Values and Social Service.Related occupations; Independence— Occupations that satisfy this work value allow employees to work on their own and make decisions. Corresponding needs are Creativity, Responsibility and Autonomy.Related occupations",,https://www.onetonline.org/link/summary/51-4192.00,2025-09-08
11-1031.00,Legislators,Management,"Develop, introduce, or enact laws and statutes at the local, tribal, state, or federal level. Includes only workers in elected positions.",,,,,,Education,Experience Requirements,Training & Credentials,44810,,Bright Outlook,3%,,,"Enterprising— Work involves managing, negotiating, marketing, or selling, typically in a business setting, or leading or advising people in political and legal situations. Enterprising occupations are often associated with business initiatives, sales, marketing/advertising, finance, management/administration, professional advising, public speaking, politics, or law.Related occupations; Social— Work involves helping, teaching, advising, assisting, or providing service to others. Social occupations are often associated with social, health care, personal service, teaching/education, or religious activities.Related occupations; Conventional— Work involves following procedures and regulations to organize information or data, typically in a business setting. Conventional occupations are often associated with office work, accounting, mathematics/statistics, information technology, finance, or human resources.Related occupations","Relationships— Occupations that satisfy this work value allow employees to provide service to others and work with co-workers in a friendly non-competitive environment. Corresponding needs are Co-workers, Moral Values and Social Service.Related occupations; Achievement— Occupations that satisfy this work value are results oriented and allow employees to use their strongest abilities, giving them a feeling of accomplishment. Corresponding needs are Ability Utilization and Achievement.Related occupations; Recognition— Occupations that satisfy this work value offer advancement, potential for leadership, and are often considered prestigious. Corresponding needs are Advancement, Authority, Recognition and Social Status.Related occupations",,https://www.onetonline.org/link/summary/11-1031.00,2025-09-08
11-9199.08,Loss Prevention Managers,Management,"Plan and direct policies, procedures, or systems to prevent the loss of assets. Determine risk exposure or potential liability, and develop risk control measures.",,,,,,Education,Experience Requirements,Training & Credentials,136550,,Bright Outlook,100%,,,"Conventional— Work involves following procedures and regulations to organize information or data, typically in a business setting. Conventional occupations are often associated with office work, accounting, mathematics/statistics, information technology, finance, or human resources.Related occupations; Enterprising— Work involves managing, negotiating, marketing, or selling, typically in a business setting, or leading or advising people in political and legal situations. Enterprising occupations are often associated with business initiatives, sales, marketing/advertising, finance, management/administration, professional advising, public speaking, politics, or law.Related occupations","Achievement— Occupations that satisfy this work value are results oriented and allow employees to use their strongest abilities, giving them a feeling of accomplishment. Corresponding needs are Ability Utilization and Achievement.Related occupations; Relationships— Occupations that satisfy this work value allow employees to provide service to others and work with co-workers in a friendly non-competitive environment. Corresponding needs are Co-workers, Moral Values and Social Service.Related occupations; Independence— Occupations that satisfy this work value allow employees to work on their own and make decisions. Corresponding needs are Creativity, Responsibility and Autonomy.Related occupations",,https://www.onetonline.org/link/summary/11-9199.08,2025-09-08
19-3034.00,School Psychologists,"Life, Physical, and Social Science","Diagnose and implement individual or schoolwide interventions or strategies to address educational, behavioral, or developmental issues that adversely impact educational functioning in a school. May address student learning and behavioral problems and counsel students or families. May design and implement performance plans, and evaluate performance. May consult with other school-based personnel.",,,,,,Education,Experience Requirements,Training & Credentials,86930,,Bright Outlook,97%,,,"Social— Work involves helping, teaching, advising, assisting, or providing service to others. Social occupations are often associated with social, health care, personal service, teaching/education, or religious activities.Related occupations; Investigative— Work involves studying and researching non-living objects, living organisms, disease or other forms of impairment, or human behavior. Investigative occupations are often associated with physical, life, medical, or social sciences, and can be found in the fields of humanities, mathematics/statistics, information technology, or health care service.Related occupations; Conventional— Work involves following procedures and regulations to organize information or data, typically in a business setting. Conventional occupations are often associated with office work, accounting, mathematics/statistics, information technology, finance, or human resources.Related occupations","Relationships— Occupations that satisfy this work value allow employees to provide service to others and work with co-workers in a friendly non-competitive environment. Corresponding needs are Co-workers, Moral Values and Social Service.Related occupations; Independence— Occupations that satisfy this work value allow employees to work on their own and make decisions. Corresponding needs are Creativity, Responsibility and Autonomy.Related occupations; Achievement— Occupations that satisfy this work value are results oriented and allow employees to use their strongest abilities, giving them a feeling of accomplishment. Corresponding needs are Ability Utilization and Achievement.Related occupations",,https://www.onetonline.org/link/summary/19-3034.00,2025-09-08
19-4044.00,Hydrologic Technicians,"Life, Physical, and Social Science","Collect and organize data concerning the distribution and circulation of ground and surface water, and data on its physical, chemical, and biological properties. Measure and report on flow rates and ground water levels, maintain field equipment, collect water samples, install and collect sampling equipment, and process samples for shipment to testing laboratories. May collect data on behalf of hydrologists, engineers, developers, government agencies, or agriculture.",,,,,,Education,Experience Requirements,Training & Credentials,58570,,Bright Outlook,1%,,,"Realistic— Work involves designing, building, or repairing of equipment, materials, or structures, engaging in physical activity, or working outdoors. Realistic occupations are often associated with engineering, mechanics and electronics, construction, woodworking, transportation, machine operation, agriculture, animal services, physical or manual labor, athletics, or protective services.Related occupations; Conventional— Work involves following procedures and regulations to organize information or data, typically in a business setting. Conventional occupations are often associated with office work, accounting, mathematics/statistics, information technology, finance, or human resources.Related occupations; Investigative— Work involves studying and researching non-living objects, living organisms, disease or other forms of impairment, or human behavior. Investigative occupations are often associated with physical, life, medical, or social sciences, and can be found in the fields of humanities, mathematics/statistics, information technology, or health care service.Related occupations",,,https://www.onetonline.org/link/summary/19-4044.00,2025-09-08
25-3031.00,"Substitute Teachers, Short-Term",Educational Instruction and Library,"Teach students on a short-term basis as a temporary replacement for a regular classroom teacher, typically using the regular teacher's lesson plan.",,,"English Language— Knowledge of the structure and content of the English language including the meaning and spelling of words, and rules of composition and grammar.Related occupations; Education and Training— Knowledge of principles and methods for curriculum and training design, teaching and instruction for individuals and groups, and the measurement of training effects.Related occupations; Public Safety and Security— Knowledge of relevant equipment, policies, procedures, and strategies to promote effective local, state, or national security operations for the protection of people, data, property, and institutions.Related occupations; Customer and Personal Service— Knowledge of principles and processes for providing customer and personal services. This includes customer needs assessment, meeting quality standards for services, and evaluation of customer satisfaction.Related occupations",,,Education,Experience Requirements,Training & Credentials,38470,,Bright Outlook,72%,,,"Social— Work involves helping, teaching, advising, assisting, or providing service to others. Social occupations are often associated with social, health care, personal service, teaching/education, or religious activities.Related occupations; Conventional— Work involves following procedures and regulations to organize information or data, typically in a business setting. Conventional occupations are often associated with office work, accounting, mathematics/statistics, information technology, finance, or human resources.Related occupations",,,https://www.onetonline.org/link/summary/25-3031.00,2025-09-08
27-1013.00,"Fine Artists, Including Painters, Sculptors, and Illustrators","Arts, Design, Entertainment, Sports, and Media",Create original artwork using any of a wide variety of media and techniques.,,,,,,Education,Experience Requirements,Training & Credentials,60560,,Bright Outlook,86%,,,"Artistic— Work involves creating original visual artwork, performances, written works, food, or music for a variety of media, or applying artistic principles to the design of various objects and materials. Artistic occupations are often associated with visual arts, applied arts and design, performing arts, music, creative writing, media, or culinary art.Related occupations; Realistic— Work involves designing, building, or repairing of equipment, materials, or structures, engaging in physical activity, or working outdoors. Realistic occupations are often associated with engineering, mechanics and electronics, construction, woodworking, transportation, machine operation, agriculture, animal services, physical or manual labor, athletics, or protective services.Related occupations","Independence— Occupations that satisfy this work value allow employees to work on their own and make decisions. Corresponding needs are Creativity, Responsibility and Autonomy.Related occupations; Achievement— Occupations that satisfy this work value are results oriented and allow employees to use their strongest abilities, giving them a feeling of accomplishment. Corresponding needs are Ability Utilization and Achievement.Related occupations; Working Conditions— Occupations that satisfy this work value offer job security and good working conditions. Corresponding needs are Activity, Compensation, Independence, Security, Variety and Working Conditions.Related occupations",,https://www.onetonline.org/link/summary/27-1013.00,2025-09-08
29-1122.01,"Low Vision Therapists, Orientation and Mobility Specialists, and Vision Rehabilitation Therapists",Healthcare Practitioners and Technical,"Provide therapy to patients with visual impairments to improve their functioning in daily life activities. May train patients in activities such as computer use, communication skills, or home management skills.",,,,,,Education,Experience Requirements,Training & Credentials,98340,,Bright Outlook,87%,,,"Social— Work involves helping, teaching, advising, assisting, or providing service to others. Social occupations are often associated with social, health care, personal service, teaching/education, or religious activities.Related occupations; Realistic— Work involves designing, building, or repairing of equipment, materials, or structures, engaging in physical activity, or working outdoors. Realistic occupations are often associated with engineering, mechanics and electronics, construction, woodworking, transportation, machine operation, agriculture, animal services, physical or manual labor, athletics, or protective services.Related occupations; Investigative— Work involves studying and researching non-living objects, living organisms, disease or other forms of impairment, or human behavior. Investigative occupations are often associated with physical, life, medical, or social sciences, and can be found in the fields of humanities, mathematics/statistics, information technology, or health care service.Related occupations","Relationships— Occupations that satisfy this work value allow employees to provide service to others and work with co-workers in a friendly non-competitive environment. Corresponding needs are Co-workers, Moral Values and Social Service.Related occupations; Independence— Occupations that satisfy this work value allow employees to work on their own and make decisions. Corresponding needs are Creativity, Responsibility and Autonomy.Related occupations; Achievement— Occupations that satisfy this work value are results oriented and allow employees to use their strongest abilities, giving them a feeling of accomplishment. Corresponding needs are Ability Utilization and Achievement.Related occupations",,https://www.onetonline.org/link/summary/29-1122.01,2025-09-08
29-2036.00,Medical Dosimetrists,Healthcare Practitioners and Technical,"Generate radiation treatment plans, develop radiation dose calculations, communicate and supervise the treatment plan implementation, and consult with members of radiation oncology team.",,Development environment software— Eclipse IDERelated occupations; Medical software— Medical condition coding software; MEDITECH softwareRelated occupations,,,,Education,Experience Requirements,Training & Credentials,138110,,Bright Outlook,100%,,,"Investigative— Work involves studying and researching non-living objects, living organisms, disease or other forms of impairment, or human behavior. Investigative occupations are often associated with physical, life, medical, or social sciences, and can be found in the fields of humanities, mathematics/statistics, information technology, or health care service.Related occupations; Conventional— Work involves following procedures and regulations to organize information or data, typically in a business setting. Conventional occupations are often associated with office work, accounting, mathematics/statistics, information technology, finance, or human resources.Related occupations; Realistic— Work involves designing, building, or repairing of equipment, materials, or structures, engaging in physical activity, or working outdoors. Realistic occupations are often associated with engineering, mechanics and electronics, construction, woodworking, transportation, machine operation, agriculture, animal services, physical or manual labor, athletics, or protective services.Related occupations",,Development environment software— Eclipse IDERelated occupations; Medical software— Medical condition coding software; MEDITECH softwareRelated occupations,https://www.onetonline.org/link/summary/29-2036.00,2025-09-08
41-4012.00,"Sales Representatives, Wholesale and Manufacturing, Except Technical and Scientific Products",Sales and Related,Sell goods for wholesalers or manufacturers to businesses or groups of individuals. Work requires substantial knowledge of items sold.,,,,,,Education,Experience Requirements,Training & Credentials,66780,,Bright Outlook,100%,,,"Enterprising— Work involves managing, negotiating, marketing, or selling, typically in a business setting, or leading or advising people in political and legal situations. Enterprising occupations are often associated with business initiatives, sales, marketing/advertising, finance, management/administration, professional advising, public speaking, politics, or law.Related occupations; Conventional— Work involves following procedures and regulations to organize information or data, typically in a business setting. Conventional occupations are often associated with office work, accounting, mathematics/statistics, information technology, finance, or human resources.Related occupations","Relationships— Occupations that satisfy this work value allow employees to provide service to others and work with co-workers in a friendly non-competitive environment. Corresponding needs are Co-workers, Moral Values and Social Service.Related occupations; Achievement— Occupations that satisfy this work value are results oriented and allow employees to use their strongest abilities, giving them a feeling of accomplishment. Corresponding needs are Ability Utilization and Achievement.Related occupations; Independence— Occupations that satisfy this work value allow employees to work on their own and make decisions. Corresponding needs are Creativity, Responsibility and Autonomy.Related occupations",,https://www.onetonline.org/link/summary/41-4012.00,2025-09-08
41-9041.00,Telemarketers,Sales and Related,Solicit donations or orders for goods or services over the telephone.,,,,,,Education,Experience Requirements,Training & Credentials,34410,,Bright Outlook,93%,,,"Enterprising— Work involves managing, negotiating, marketing, or selling, typically in a business setting, or leading or advising people in political and legal situations. Enterprising occupations are often associated with business initiatives, sales, marketing/advertising, finance, management/administration, professional advising, public speaking, politics, or law.Related occupations; Conventional— Work involves following procedures and regulations to organize information or data, typically in a business setting. Conventional occupations are often associated with office work, accounting, mathematics/statistics, information technology, finance, or human resources.Related occupations; Social— Work involves helping, teaching, advising, assisting, or providing service to others. Social occupations are often associated with social, health care, personal service, teaching/education, or religious activities.Related occupations","Relationships— Occupations that satisfy this work value allow employees to provide service to others and work with co-workers in a friendly non-competitive environment. Corresponding needs are Co-workers, Moral Values and Social Service.Related occupations; Support— Occupations that satisfy this work value offer supportive management that stands behind employees. Corresponding needs are Company Policies, Supervision: Human Relations and Supervision: Technical.Related occupations; Achievement— Occupations that satisfy this work value are results oriented and allow employees to use their strongest abilities, giving them a feeling of accomplishment. Corresponding needs are Ability Utilization and Achievement.Related occupations",,https://www.onetonline.org/link/summary/41-9041.00,2025-09-08
11-9039.00,"Education Administrators, All Other",Management,All education administrators not listed separately.,,,,,,"11-9039.00 - Education Administrators, All Other",Experience Requirements,Training & Credentials,89040,,Bright Outlook,3%,,,,,,https://www.onetonline.org/link/summary/11-9039.00,2025-09-08
13-1041.04,Government Property Inspectors and Investigators,Business and Financial Operations,Investigate or inspect government property to ensure compliance with contract agreements and government regulations.,,,,,,Education,Experience Requirements,Training & Credentials,78420,,Bright Outlook,82%,,,"Conventional— Work involves following procedures and regulations to organize information or data, typically in a business setting. Conventional occupations are often associated with office work, accounting, mathematics/statistics, information technology, finance, or human resources.Related occupations; Enterprising— Work involves managing, negotiating, marketing, or selling, typically in a business setting, or leading or advising people in political and legal situations. Enterprising occupations are often associated with business initiatives, sales, marketing/advertising, finance, management/administration, professional advising, public speaking, politics, or law.Related occupations","Support— Occupations that satisfy this work value offer supportive management that stands behind employees. Corresponding needs are Company Policies, Supervision: Human Relations and Supervision: Technical.Related occupations; Independence— Occupations that satisfy this work value allow employees to work on their own and make decisions. Corresponding needs are Creativity, Responsibility and Autonomy.Related occupations; Relationships— Occupations that satisfy this work value allow employees to provide service to others and work with co-workers in a friendly non-competitive environment. Corresponding needs are Co-workers, Moral Values and Social Service.Related occupations",,https://www.onetonline.org/link/summary/13-1041.04,2025-09-08
13-1199.00,"Business Operations Specialists, All Other",Business and Financial Operations,"“All Other” titles represent occupations with a wide range of characteristics which do not fit into one of the detailed O*NET-SOC occupations. O*NET data is not available for this type of title. For specific occupations under this title, see:",,,,,,Education,Experience Requirements,Training & Credentials,81270,,Bright Outlook,3%,,,,,,https://www.onetonline.org/link/summary/13-1199.00,2025-09-08
17-2121.00,Marine Engineers and Naval Architects,Architecture and Engineering,"Design, develop, and evaluate the operation of marine vessels, ship machinery, and related equipment, such as power supply and propulsion systems.",,,,,,Education,Experience Requirements,Training & Credentials,105670,,Bright Outlook,79%,,,"Realistic— Work involves designing, building, or repairing of equipment, materials, or structures, engaging in physical activity, or working outdoors. Realistic occupations are often associated with engineering, mechanics and electronics, construction, woodworking, transportation, machine operation, agriculture, animal services, physical or manual labor, athletics, or protective services.Related occupations; Investigative— Work involves studying and researching non-living objects, living organisms, disease or other forms of impairment, or human behavior. Investigative occupations are often associated with physical, life, medical, or social sciences, and can be found in the fields of humanities, mathematics/statistics, information technology, or health care service.Related occupations; Conventional— Work involves following procedures and regulations to organize information or data, typically in a business setting. Conventional occupations are often associated with office work, accounting, mathematics/statistics, information technology, finance, or human resources.Related occupations","Independence— Occupations that satisfy this work value allow employees to work on their own and make decisions. Corresponding needs are Creativity, Responsibility and Autonomy.Related occupations; Achievement— Occupations that satisfy this work value are results oriented and allow employees to use their strongest abilities, giving them a feeling of accomplishment. Corresponding needs are Ability Utilization and Achievement.Related occupations; Recognition— Occupations that satisfy this work value offer advancement, potential for leadership, and are often considered prestigious. Corresponding needs are Advancement, Authority, Recognition and Social Status.Related occupations",,https://www.onetonline.org/link/summary/17-2121.00,2025-09-08
19-3039.00,"Psychologists, All Other","Life, Physical, and Social Science","“All Other” titles represent occupations with a wide range of characteristics which do not fit into one of the detailed O*NET-SOC occupations. O*NET data is not available for this type of title. For specific occupations under this title, see:",,,,,,Education,Experience Requirements,Training & Credentials,117580,,Bright Outlook,3%,,,,,,https://www.onetonline.org/link/summary/19-3039.00,2025-09-08
19-3099.00,"Social Scientists and Related Workers, All Other","Life, Physical, and Social Science","“All Other” titles represent occupations with a wide range of characteristics which do not fit into one of the detailed O*NET-SOC occupations. O*NET data is not available for this type of title. For specific occupations under this title, see:",,,,,,Education,Experience Requirements,Training & Credentials,100340,,Bright Outlook,3%,,,,,,https://www.onetonline.org/link/summary/19-3099.00,2025-09-08
21-1019.00,"Counselors, All Other",Community and Social Service,"Source: Bureau of Labor Statistics2024 wage dataexternal siteand2023-2033 employment projectionsexternal site.
“Projected growth” represents the estimated change in total employment over the projections period (2023-2033). “Projected job openings” represent openings due to growth and replacement.",,,,,,Education,Experience Requirements,Training & Credentials,49830,,Bright Outlook,9%,,,,,,https://www.onetonline.org/link/summary/21-1019.00,2025-09-08
25-9099.00,"Educational Instruction and Library Workers, All Other",Educational Instruction and Library,All educational instruction and library workers not listed separately.,,,,,,"25-9099.00 - Educational Instruction and Library Workers, All Other",Experience Requirements,Training & Credentials,48400,,Bright Outlook,1%,,,,,,https://www.onetonline.org/link/summary/25-9099.00,2025-09-08
43-4061.00,"Eligibility Interviewers, Government Programs",Office and Administrative Support,"Determine eligibility of persons applying to receive assistance from government programs and agency resources, such as welfare, unemployment benefits, social security, and public housing.",,,,,,Education,Experience Requirements,Training & Credentials,51500,,Bright Outlook,100%,,,"Conventional— Work involves following procedures and regulations to organize information or data, typically in a business setting. Conventional occupations are often associated with office work, accounting, mathematics/statistics, information technology, finance, or human resources.Related occupations; Social— Work involves helping, teaching, advising, assisting, or providing service to others. Social occupations are often associated with social, health care, personal service, teaching/education, or religious activities.Related occupations; Enterprising— Work involves managing, negotiating, marketing, or selling, typically in a business setting, or leading or advising people in political and legal situations. Enterprising occupations are often associated with business initiatives, sales, marketing/advertising, finance, management/administration, professional advising, public speaking, politics, or law.Related occupations","Relationships— Occupations that satisfy this work value allow employees to provide service to others and work with co-workers in a friendly non-competitive environment. Corresponding needs are Co-workers, Moral Values and Social Service.Related occupations; Support— Occupations that satisfy this work value offer supportive management that stands behind employees. Corresponding needs are Company Policies, Supervision: Human Relations and Supervision: Technical.Related occupations; Independence— Occupations that satisfy this work value allow employees to work on their own and make decisions. Corresponding needs are Creativity, Responsibility and Autonomy.Related occupations",,https://www.onetonline.org/link/summary/43-4061.00,2025-09-08
43-4121.00,"Library Assistants, Clerical",Office and Administrative Support,"Compile records, and sort, shelve, issue, and receive library materials such as books, electronic media, pictures, cards, slides and microfilm. Locate library materials for loan and replace material in shelving area, stacks, or files according to identification number and title. Register patrons to permit them to borrow books, periodicals, and other library materials.",,,"Customer and Personal Service— Knowledge of principles and processes for providing customer and personal services. This includes customer needs assessment, meeting quality standards for services, and evaluation of customer satisfaction.Related occupations; Administrative— Knowledge of administrative and office procedures and systems such as word processing, managing files and records, stenography and transcription, designing forms, and workplace terminology.Related occupations; English Language— Knowledge of the structure and content of the English language including the meaning and spelling of words, and rules of composition and grammar.Related occupations; Education and Training— Knowledge of principles and methods for curriculum and training design, teaching and instruction for individuals and groups, and the measurement of training effects.Related occupations; Psychology— Knowledge of human behavior and performance; individual differences in ability, personality, and interests; learning and motivation; psychological research methods; and the assessment and treatment of behavioral and affective disorders.Related occupations",,,Education,Experience Requirements,Training & Credentials,36010,,Bright Outlook,91%,,,"Conventional— Work involves following procedures and regulations to organize information or data, typically in a business setting. Conventional occupations are often associated with office work, accounting, mathematics/statistics, information technology, finance, or human resources.Related occupations; Social— Work involves helping, teaching, advising, assisting, or providing service to others. Social occupations are often associated with social, health care, personal service, teaching/education, or religious activities.Related occupations","Relationships— Occupations that satisfy this work value allow employees to provide service to others and work with co-workers in a friendly non-competitive environment. Corresponding needs are Co-workers, Moral Values and Social Service.Related occupations; Support— Occupations that satisfy this work value offer supportive management that stands behind employees. Corresponding needs are Company Policies, Supervision: Human Relations and Supervision: Technical.Related occupations; Achievement— Occupations that satisfy this work value are results oriented and allow employees to use their strongest abilities, giving them a feeling of accomplishment. Corresponding needs are Ability Utilization and Achievement.Related occupations",,https://www.onetonline.org/link/summary/43-4121.00,2025-09-08
51-7031.00,"Model Makers, Wood",Production,Construct full-size and scale wooden precision models of products. Includes wood jig builders and loft workers.,,Computer aided design CAD software— Dassault Systemes CATIA; Siemens NXRelated occupations; Electronic mail software— Microsoft OutlookRelated occupations; Presentation software— Microsoft PowerPointRelated occupations; Spreadsheet software— Microsoft ExcelRelated occupations; Word processing software— Microsoft WordRelated occupations,,,,Education,Experience Requirements,Training & Credentials,51850,,Bright Outlook,94%,,,"Realistic— Work involves designing, building, or repairing of equipment, materials, or structures, engaging in physical activity, or working outdoors. Realistic occupations are often associated with engineering, mechanics and electronics, construction, woodworking, transportation, machine operation, agriculture, animal services, physical or manual labor, athletics, or protective services.Related occupations; Conventional— Work involves following procedures and regulations to organize information or data, typically in a business setting. Conventional occupations are often associated with office work, accounting, mathematics/statistics, information technology, finance, or human resources.Related occupations; Artistic— Work involves creating original visual artwork, performances, written works, food, or music for a variety of media, or applying artistic principles to the design of various objects and materials. Artistic occupations are often associated with visual arts, applied arts and design, performing arts, music, creative writing, media, or culinary art.Related occupations","Independence— Occupations that satisfy this work value allow employees to work on their own and make decisions. Corresponding needs are Creativity, Responsibility and Autonomy.Related occupations; Support— Occupations that satisfy this work value offer supportive management that stands behind employees. Corresponding needs are Company Policies, Supervision: Human Relations and Supervision: Technical.Related occupations; Achievement— Occupations that satisfy this work value are results oriented and allow employees to use their strongest abilities, giving them a feeling of accomplishment. Corresponding needs are Ability Utilization and Achievement.Related occupations",Computer aided design CAD software— Dassault Systemes CATIA; Siemens NXRelated occupations; Electronic mail software— Microsoft OutlookRelated occupations; Presentation software— Microsoft PowerPointRelated occupations; Spreadsheet software— Microsoft ExcelRelated occupations; Word processing software— Microsoft WordRelated occupations,https://www.onetonline.org/link/summary/51-7031.00,2025-09-08
51-8091.00,Chemical Plant and System Operators,Production,Control or operate entire chemical processes or system of machines.,,Industrial control software— Alarm management system software; Distributed control system DCS; Interlock shutdown systemsRelated occupations; Network security or virtual private network VPN management software— Coordinated incident management system CIMS softwareRelated occupations; Office suite software— Microsoft Office softwareRelated occupations; Spreadsheet software— Microsoft ExcelRelated occupations; Word processing software— Microsoft WordRelated occupations,,,,Education,Experience Requirements,Training & Credentials,73540,,Bright Outlook,99%,,,"Realistic— Work involves designing, building, or repairing of equipment, materials, or structures, engaging in physical activity, or working outdoors. Realistic occupations are often associated with engineering, mechanics and electronics, construction, woodworking, transportation, machine operation, agriculture, animal services, physical or manual labor, athletics, or protective services.Related occupations; Conventional— Work involves following procedures and regulations to organize information or data, typically in a business setting. Conventional occupations are often associated with office work, accounting, mathematics/statistics, information technology, finance, or human resources.Related occupations; Investigative— Work involves studying and researching non-living objects, living organisms, disease or other forms of impairment, or human behavior. Investigative occupations are often associated with physical, life, medical, or social sciences, and can be found in the fields of humanities, mathematics/statistics, information technology, or health care service.Related occupations","Support— Occupations that satisfy this work value offer supportive management that stands behind employees. Corresponding needs are Company Policies, Supervision: Human Relations and Supervision: Technical.Related occupations; Working Conditions— Occupations that satisfy this work value offer job security and good working conditions. Corresponding needs are Activity, Compensation, Independence, Security, Variety and Working Conditions.Related occupations; Independence— Occupations that satisfy this work value allow employees to work on their own and make decisions. Corresponding needs are Creativity, Responsibility and Autonomy.Related occupations",Industrial control software— Alarm management system software; Distributed control system DCS; Interlock shutdown systemsRelated occupations; Network security or virtual private network VPN management software— Coordinated incident management system CIMS softwareRelated occupations; Office suite software— Microsoft Office softwareRelated occupations; Spreadsheet software— Microsoft ExcelRelated occupations; Word processing software— Microsoft WordRelated occupations,https://www.onetonline.org/link/summary/51-8091.00,2025-09-08
11-2011.00,Advertising and Promotions Managers,Management,"Plan, direct, or coordinate advertising policies and programs or produce collateral materials, such as posters, contests, coupons, or giveaways, to create extra interest in the purchase of a product or service for a department, an entire organization, or on an account basis.",,,,,,Education,Experience Requirements,Training & Credentials,126960,,Bright Outlook,100%,,,"Enterprising— Work involves managing, negotiating, marketing, or selling, typically in a business setting, or leading or advising people in political and legal situations. Enterprising occupations are often associated with business initiatives, sales, marketing/advertising, finance, management/administration, professional advising, public speaking, politics, or law.Related occupations; Conventional— Work involves following procedures and regulations to organize information or data, typically in a business setting. Conventional occupations are often associated with office work, accounting, mathematics/statistics, information technology, finance, or human resources.Related occupations; Artistic— Work involves creating original visual artwork, performances, written works, food, or music for a variety of media, or applying artistic principles to the design of various objects and materials. Artistic occupations are often associated with visual arts, applied arts and design, performing arts, music, creative writing, media, or culinary art.Related occupations","Working Conditions— Occupations that satisfy this work value offer job security and good working conditions. Corresponding needs are Activity, Compensation, Independence, Security, Variety and Working Conditions.Related occupations; Achievement— Occupations that satisfy this work value are results oriented and allow employees to use their strongest abilities, giving them a feeling of accomplishment. Corresponding needs are Ability Utilization and Achievement.Related occupations; Independence— Occupations that satisfy this work value allow employees to work on their own and make decisions. Corresponding needs are Creativity, Responsibility and Autonomy.Related occupations",,https://www.onetonline.org/link/summary/11-2011.00,2025-09-08
11-3013.01,Security Managers,Management,"Direct an organization's security functions, including physical security and safety of employees and facilities.",,,,,,Education,Experience Requirements,Training & Credentials,104690,,Bright Outlook,100%,,,"Enterprising— Work involves managing, negotiating, marketing, or selling, typically in a business setting, or leading or advising people in political and legal situations. Enterprising occupations are often associated with business initiatives, sales, marketing/advertising, finance, management/administration, professional advising, public speaking, politics, or law.Related occupations; Conventional— Work involves following procedures and regulations to organize information or data, typically in a business setting. Conventional occupations are often associated with office work, accounting, mathematics/statistics, information technology, finance, or human resources.Related occupations",,,https://www.onetonline.org/link/summary/11-3013.01,2025-09-08
11-9032.00,"Education Administrators, Kindergarten through Secondary",Management,"Plan, direct, or coordinate the academic, administrative, or auxiliary activities of kindergarten, elementary, or secondary schools.",,,,,,"11-9032.00 - Education Administrators, Kindergarten through Secondary",Experience Requirements,Training & Credentials,104070,,Bright Outlook,99%,,,"Social— Work involves helping, teaching, advising, assisting, or providing service to others. Social occupations are often associated with social, health care, personal service, teaching/education, or religious activities.Related occupations; Enterprising— Work involves managing, negotiating, marketing, or selling, typically in a business setting, or leading or advising people in political and legal situations. Enterprising occupations are often associated with business initiatives, sales, marketing/advertising, finance, management/administration, professional advising, public speaking, politics, or law.Related occupations; Conventional— Work involves following procedures and regulations to organize information or data, typically in a business setting. Conventional occupations are often associated with office work, accounting, mathematics/statistics, information technology, finance, or human resources.Related occupations","Relationships— Occupations that satisfy this work value allow employees to provide service to others and work with co-workers in a friendly non-competitive environment. Corresponding needs are Co-workers, Moral Values and Social Service.Related occupations; Independence— Occupations that satisfy this work value allow employees to work on their own and make decisions. Corresponding needs are Creativity, Responsibility and Autonomy.Related occupations; Working Conditions— Occupations that satisfy this work value offer job security and good working conditions. Corresponding needs are Activity, Compensation, Independence, Security, Variety and Working Conditions.Related occupations",,https://www.onetonline.org/link/summary/11-9032.00,2025-09-08
13-2022.00,Appraisers of Personal and Business Property,Business and Financial Operations,"Appraise and estimate the fair value of tangible personal or business property, such as jewelry, art, antiques, collectibles, and equipment. May also appraise land.",,,,,,Education,Experience Requirements,Training & Credentials,65420,,Bright Outlook,77%,,,"Conventional— Work involves following procedures and regulations to organize information or data, typically in a business setting. Conventional occupations are often associated with office work, accounting, mathematics/statistics, information technology, finance, or human resources.Related occupations; Enterprising— Work involves managing, negotiating, marketing, or selling, typically in a business setting, or leading or advising people in political and legal situations. Enterprising occupations are often associated with business initiatives, sales, marketing/advertising, finance, management/administration, professional advising, public speaking, politics, or law.Related occupations; Realistic— Work involves designing, building, or repairing of equipment, materials, or structures, engaging in physical activity, or working outdoors. Realistic occupations are often associated with engineering, mechanics and electronics, construction, woodworking, transportation, machine operation, agriculture, animal services, physical or manual labor, athletics, or protective services.Related occupations",,,https://www.onetonline.org/link/summary/13-2022.00,2025-09-08
15-1299.04,Penetration Testers,Computer and Mathematical,Evaluate network system security by conducting simulated internal and external cyberattacks using adversary tools and techniques. Attempt to breach and exploit critical systems and gain access to sensitive information to assess system security.,,,,,,Education,Experience Requirements,Training & Credentials,108970,,Bright Outlook,9%,,,"Investigative— Work involves studying and researching non-living objects, living organisms, disease or other forms of impairment, or human behavior. Investigative occupations are often associated with physical, life, medical, or social sciences, and can be found in the fields of humanities, mathematics/statistics, information technology, or health care service.Related occupations; Conventional— Work involves following procedures and regulations to organize information or data, typically in a business setting. Conventional occupations are often associated with office work, accounting, mathematics/statistics, information technology, finance, or human resources.Related occupations; Realistic— Work involves designing, building, or repairing of equipment, materials, or structures, engaging in physical activity, or working outdoors. Realistic occupations are often associated with engineering, mechanics and electronics, construction, woodworking, transportation, machine operation, agriculture, animal services, physical or manual labor, athletics, or protective services.Related occupations",,,https://www.onetonline.org/link/summary/15-1299.04,2025-09-08
17-1011.00,"Architects, Except Landscape and Naval",Architecture and Engineering,"Plan and design structures, such as private residences, office buildings, theaters, factories, and other structural property.",,,,,,Education,Experience Requirements,Training & Credentials,96690,,Bright Outlook,95%,,,"Realistic— Work involves designing, building, or repairing of equipment, materials, or structures, engaging in physical activity, or working outdoors. Realistic occupations are often associated with engineering, mechanics and electronics, construction, woodworking, transportation, machine operation, agriculture, animal services, physical or manual labor, athletics, or protective services.Related occupations; Artistic— Work involves creating original visual artwork, performances, written works, food, or music for a variety of media, or applying artistic principles to the design of various objects and materials. Artistic occupations are often associated with visual arts, applied arts and design, performing arts, music, creative writing, media, or culinary art.Related occupations; Investigative— Work involves studying and researching non-living objects, living organisms, disease or other forms of impairment, or human behavior. Investigative occupations are often associated with physical, life, medical, or social sciences, and can be found in the fields of humanities, mathematics/statistics, information technology, or health care service.Related occupations; Conventional— Work involves following procedures and regulations to organize information or data, typically in a business setting. Conventional occupations are often associated with office work, accounting, mathematics/statistics, information technology, finance, or human resources.Related occupations","Independence— Occupations that satisfy this work value allow employees to work on their own and make decisions. Corresponding needs are Creativity, Responsibility and Autonomy.Related occupations; Recognition— Occupations that satisfy this work value offer advancement, potential for leadership, and are often considered prestigious. Corresponding needs are Advancement, Authority, Recognition and Social Status.Related occupations; Achievement— Occupations that satisfy this work value are results oriented and allow employees to use their strongest abilities, giving them a feeling of accomplishment. Corresponding needs are Ability Utilization and Achievement.Related occupations",,https://www.onetonline.org/link/summary/17-1011.00,2025-09-08
19-2041.00,"Environmental Scientists and Specialists, Including Health","Life, Physical, and Social Science","Conduct research or perform investigation for the purpose of identifying, abating, or eliminating sources of pollutants or hazards that affect either the environment or public health. Using knowledge of various scientific disciplines, may collect, synthesize, study, report, and recommend action based on data derived from measurements or observations of air, food, soil, water, and other sources.",,,,,,Education,Experience Requirements,Training & Credentials,80060,,Bright Outlook,94%,,,"Investigative— Work involves studying and researching non-living objects, living organisms, disease or other forms of impairment, or human behavior. Investigative occupations are often associated with physical, life, medical, or social sciences, and can be found in the fields of humanities, mathematics/statistics, information technology, or health care service.Related occupations; Realistic— Work involves designing, building, or repairing of equipment, materials, or structures, engaging in physical activity, or working outdoors. Realistic occupations are often associated with engineering, mechanics and electronics, construction, woodworking, transportation, machine operation, agriculture, animal services, physical or manual labor, athletics, or protective services.Related occupations; Conventional— Work involves following procedures and regulations to organize information or data, typically in a business setting. Conventional occupations are often associated with office work, accounting, mathematics/statistics, information technology, finance, or human resources.Related occupations","Achievement— Occupations that satisfy this work value are results oriented and allow employees to use their strongest abilities, giving them a feeling of accomplishment. Corresponding needs are Ability Utilization and Achievement.Related occupations; Independence— Occupations that satisfy this work value allow employees to work on their own and make decisions. Corresponding needs are Creativity, Responsibility and Autonomy.Related occupations; Recognition— Occupations that satisfy this work value offer advancement, potential for leadership, and are often considered prestigious. Corresponding needs are Advancement, Authority, Recognition and Social Status.Related occupations",,https://www.onetonline.org/link/summary/19-2041.00,2025-09-08
25-2012.00,"Kindergarten Teachers, Except Special Education",Educational Instruction and Library,Teach academic and social skills to kindergarten students.,,,,,,"25-2012.00 - Kindergarten Teachers, Except Special Education",Experience Requirements,Training & Credentials,61430,,Bright Outlook,93%,,,"Social— Work involves helping, teaching, advising, assisting, or providing service to others. Social occupations are often associated with social, health care, personal service, teaching/education, or religious activities.Related occupations; Artistic— Work involves creating original visual artwork, performances, written works, food, or music for a variety of media, or applying artistic principles to the design of various objects and materials. Artistic occupations are often associated with visual arts, applied arts and design, performing arts, music, creative writing, media, or culinary art.Related occupations","Relationships— Occupations that satisfy this work value allow employees to provide service to others and work with co-workers in a friendly non-competitive environment. Corresponding needs are Co-workers, Moral Values and Social Service.Related occupations; Achievement— Occupations that satisfy this work value are results oriented and allow employees to use their strongest abilities, giving them a feeling of accomplishment. Corresponding needs are Ability Utilization and Achievement.Related occupations; Independence— Occupations that satisfy this work value allow employees to work on their own and make decisions. Corresponding needs are Creativity, Responsibility and Autonomy.Related occupations",,https://www.onetonline.org/link/summary/25-2012.00,2025-09-08
25-2051.00,"Special Education Teachers, Preschool",Educational Instruction and Library,"Teach academic, social, and life skills to preschool-aged students with learning, emotional, or physical disabilities. Includes teachers who specialize and work with students who are blind or have visual impairments; students who are deaf or have hearing impairments; and students with intellectual disabilities.",,,,,,"25-2051.00 - Special Education Teachers, Preschool",Experience Requirements,Training & Credentials,62190,,Bright Outlook,98%,,,"Social— Work involves helping, teaching, advising, assisting, or providing service to others. Social occupations are often associated with social, health care, personal service, teaching/education, or religious activities.Related occupations; Artistic— Work involves creating original visual artwork, performances, written works, food, or music for a variety of media, or applying artistic principles to the design of various objects and materials. Artistic occupations are often associated with visual arts, applied arts and design, performing arts, music, creative writing, media, or culinary art.Related occupations","Relationships— Occupations that satisfy this work value allow employees to provide service to others and work with co-workers in a friendly non-competitive environment. Corresponding needs are Co-workers, Moral Values and Social Service.Related occupations; Achievement— Occupations that satisfy this work value are results oriented and allow employees to use their strongest abilities, giving them a feeling of accomplishment. Corresponding needs are Ability Utilization and Achievement.Related occupations; Independence— Occupations that satisfy this work value allow employees to work on their own and make decisions. Corresponding needs are Creativity, Responsibility and Autonomy.Related occupations",,https://www.onetonline.org/link/summary/25-2051.00,2025-09-08
25-2057.00,"Special Education Teachers, Middle School",Educational Instruction and Library,"Teach academic, social, and life skills to middle school students with learning, emotional, or physical disabilities. Includes teachers who specialize and work with students who are blind or have visual impairments; students who are deaf or have hearing impairments; and students with intellectual disabilities.",,,,,,"25-2057.00 - Special Education Teachers, Middle School",Experience Requirements,Training & Credentials,64880,,Bright Outlook,99%,,,"Social— Work involves helping, teaching, advising, assisting, or providing service to others. Social occupations are often associated with social, health care, personal service, teaching/education, or religious activities.Related occupations; Investigative— Work involves studying and researching non-living objects, living organisms, disease or other forms of impairment, or human behavior. Investigative occupations are often associated with physical, life, medical, or social sciences, and can be found in the fields of humanities, mathematics/statistics, information technology, or health care service.Related occupations; Artistic— Work involves creating original visual artwork, performances, written works, food, or music for a variety of media, or applying artistic principles to the design of various objects and materials. Artistic occupations are often associated with visual arts, applied arts and design, performing arts, music, creative writing, media, or culinary art.Related occupations","Relationships— Occupations that satisfy this work value allow employees to provide service to others and work with co-workers in a friendly non-competitive environment. Corresponding needs are Co-workers, Moral Values and Social Service.Related occupations; Working Conditions— Occupations that satisfy this work value offer job security and good working conditions. Corresponding needs are Activity, Compensation, Independence, Security, Variety and Working Conditions.Related occupations; Achievement— Occupations that satisfy this work value are results oriented and allow employees to use their strongest abilities, giving them a feeling of accomplishment. Corresponding needs are Ability Utilization and Achievement.Related occupations",,https://www.onetonline.org/link/summary/25-2057.00,2025-09-08
25-2058.00,"Special Education Teachers, Secondary School",Educational Instruction and Library,"Teach academic, social, and life skills to secondary school students with learning, emotional, or physical disabilities. Includes teachers who specialize and work with students who are blind or have visual impairments; students who are deaf or have hearing impairments; and students with intellectual disabilities.",,,,,,"25-2058.00 - Special Education Teachers, Secondary School",Experience Requirements,Training & Credentials,69590,,Bright Outlook,99%,,,"Social— Work involves helping, teaching, advising, assisting, or providing service to others. Social occupations are often associated with social, health care, personal service, teaching/education, or religious activities.Related occupations; Investigative— Work involves studying and researching non-living objects, living organisms, disease or other forms of impairment, or human behavior. Investigative occupations are often associated with physical, life, medical, or social sciences, and can be found in the fields of humanities, mathematics/statistics, information technology, or health care service.Related occupations","Relationships— Occupations that satisfy this work value allow employees to provide service to others and work with co-workers in a friendly non-competitive environment. Corresponding needs are Co-workers, Moral Values and Social Service.Related occupations; Achievement— Occupations that satisfy this work value are results oriented and allow employees to use their strongest abilities, giving them a feeling of accomplishment. Corresponding needs are Ability Utilization and Achievement.Related occupations; Independence— Occupations that satisfy this work value allow employees to work on their own and make decisions. Corresponding needs are Creativity, Responsibility and Autonomy.Related occupations",,https://www.onetonline.org/link/summary/25-2058.00,2025-09-08
11-1011.03,Chief Sustainability Officers,Management,"Communicate and coordinate with management, shareholders, customers, and employees to address sustainability issues. Enact or oversee a corporate sustainability strategy.",,,,,,Education,Experience Requirements,Training & Credentials,206420,,Bright Outlook,100%,,,"Enterprising— Work involves managing, negotiating, marketing, or selling, typically in a business setting, or leading or advising people in political and legal situations. Enterprising occupations are often associated with business initiatives, sales, marketing/advertising, finance, management/administration, professional advising, public speaking, politics, or law.Related occupations; Investigative— Work involves studying and researching non-living objects, living organisms, disease or other forms of impairment, or human behavior. Investigative occupations are often associated with physical, life, medical, or social sciences, and can be found in the fields of humanities, mathematics/statistics, information technology, or health care service.Related occupations; Conventional— Work involves following procedures and regulations to organize information or data, typically in a business setting. Conventional occupations are often associated with office work, accounting, mathematics/statistics, information technology, finance, or human resources.Related occupations","Achievement— Occupations that satisfy this work value are results oriented and allow employees to use their strongest abilities, giving them a feeling of accomplishment. Corresponding needs are Ability Utilization and Achievement.Related occupations; Independence— Occupations that satisfy this work value allow employees to work on their own and make decisions. Corresponding needs are Creativity, Responsibility and Autonomy.Related occupations; Working Conditions— Occupations that satisfy this work value offer job security and good working conditions. Corresponding needs are Activity, Compensation, Independence, Security, Variety and Working Conditions.Related occupations",,https://www.onetonline.org/link/summary/11-1011.03,2025-09-08
11-9161.00,Emergency Management Directors,Management,"Plan and direct disaster response or crisis management activities, provide disaster preparedness training, and prepare emergency plans and procedures for natural (e.g., hurricanes, floods, earthquakes), wartime, or technological (e.g., nuclear power plant emergencies or hazardous materials spills) disasters or hostage situations.",,,,,,Education,Experience Requirements,"Plan and direct disaster response or crisis management activities, provide disaster preparedness training, and prepare emergency plans and procedures for natural (e.g., hurricanes, floods, earthquakes), wartime, or technological (e.g., nuclear power plant emergencies or hazardous materials spills) disasters or hostage situations.",86130,,Bright Outlook,95%,,,"Enterprising— Work involves managing, negotiating, marketing, or selling, typically in a business setting, or leading or advising people in political and legal situations. Enterprising occupations are often associated with business initiatives, sales, marketing/advertising, finance, management/administration, professional advising, public speaking, politics, or law.Related occupations; Conventional— Work involves following procedures and regulations to organize information or data, typically in a business setting. Conventional occupations are often associated with office work, accounting, mathematics/statistics, information technology, finance, or human resources.Related occupations; Investigative— Work involves studying and researching non-living objects, living organisms, disease or other forms of impairment, or human behavior. Investigative occupations are often associated with physical, life, medical, or social sciences, and can be found in the fields of humanities, mathematics/statistics, information technology, or health care service.Related occupations; Social— Work involves helping, teaching, advising, assisting, or providing service to others. Social occupations are often associated with social, health care, personal service, teaching/education, or religious activities.Related occupations","Independence— Occupations that satisfy this work value allow employees to work on their own and make decisions. Corresponding needs are Creativity, Responsibility and Autonomy.Related occupations; Relationships— Occupations that satisfy this work value allow employees to provide service to others and work with co-workers in a friendly non-competitive environment. Corresponding needs are Co-workers, Moral Values and Social Service.Related occupations; Recognition— Occupations that satisfy this work value offer advancement, potential for leadership, and are often considered prestigious. Corresponding needs are Advancement, Authority, Recognition and Social Status.Related occupations",,https://www.onetonline.org/link/summary/11-9161.00,2025-09-08
13-1081.00,Logisticians,Business and Financial Operations,"Analyze and coordinate the ongoing logistical functions of a firm or organization. Responsible for the entire life cycle of a product, including acquisition, distribution, internal allocation, delivery, and final disposal of resources.",,,,,,Education,Experience Requirements,Training & Credentials,80880,,Bright Outlook,100%,,,"Conventional— Work involves following procedures and regulations to organize information or data, typically in a business setting. Conventional occupations are often associated with office work, accounting, mathematics/statistics, information technology, finance, or human resources.Related occupations; Enterprising— Work involves managing, negotiating, marketing, or selling, typically in a business setting, or leading or advising people in political and legal situations. Enterprising occupations are often associated with business initiatives, sales, marketing/advertising, finance, management/administration, professional advising, public speaking, politics, or law.Related occupations; Investigative— Work involves studying and researching non-living objects, living organisms, disease or other forms of impairment, or human behavior. Investigative occupations are often associated with physical, life, medical, or social sciences, and can be found in the fields of humanities, mathematics/statistics, information technology, or health care service.Related occupations","Independence— Occupations that satisfy this work value allow employees to work on their own and make decisions. Corresponding needs are Creativity, Responsibility and Autonomy.Related occupations; Achievement— Occupations that satisfy this work value are results oriented and allow employees to use their strongest abilities, giving them a feeling of accomplishment. Corresponding needs are Ability Utilization and Achievement.Related occupations; Recognition— Occupations that satisfy this work value offer advancement, potential for leadership, and are often considered prestigious. Corresponding needs are Advancement, Authority, Recognition and Social Status.Related occupations",,https://www.onetonline.org/link/summary/13-1081.00,2025-09-08
17-3013.00,Mechanical Drafters,Architecture and Engineering,"Prepare detailed working diagrams of machinery and mechanical devices, including dimensions, fastening methods, and other engineering information.",,,,,,Education,Experience Requirements,Training & Credentials,68510,,Bright Outlook,100%,,,"Realistic— Work involves designing, building, or repairing of equipment, materials, or structures, engaging in physical activity, or working outdoors. Realistic occupations are often associated with engineering, mechanics and electronics, construction, woodworking, transportation, machine operation, agriculture, animal services, physical or manual labor, athletics, or protective services.Related occupations; Conventional— Work involves following procedures and regulations to organize information or data, typically in a business setting. Conventional occupations are often associated with office work, accounting, mathematics/statistics, information technology, finance, or human resources.Related occupations; Investigative— Work involves studying and researching non-living objects, living organisms, disease or other forms of impairment, or human behavior. Investigative occupations are often associated with physical, life, medical, or social sciences, and can be found in the fields of humanities, mathematics/statistics, information technology, or health care service.Related occupations","Support— Occupations that satisfy this work value offer supportive management that stands behind employees. Corresponding needs are Company Policies, Supervision: Human Relations and Supervision: Technical.Related occupations; Working Conditions— Occupations that satisfy this work value offer job security and good working conditions. Corresponding needs are Activity, Compensation, Independence, Security, Variety and Working Conditions.Related occupations; Achievement— Occupations that satisfy this work value are results oriented and allow employees to use their strongest abilities, giving them a feeling of accomplishment. Corresponding needs are Ability Utilization and Achievement.Related occupations",,https://www.onetonline.org/link/summary/17-3013.00,2025-09-08
17-3024.01,Robotics Technicians,Architecture and Engineering,"Build, install, test, or maintain robotic equipment or related automated production systems.",,,,,,Education,Experience Requirements,Training & Credentials,70760,,Bright Outlook,95%,,,"Realistic— Work involves designing, building, or repairing of equipment, materials, or structures, engaging in physical activity, or working outdoors. Realistic occupations are often associated with engineering, mechanics and electronics, construction, woodworking, transportation, machine operation, agriculture, animal services, physical or manual labor, athletics, or protective services.Related occupations; Conventional— Work involves following procedures and regulations to organize information or data, typically in a business setting. Conventional occupations are often associated with office work, accounting, mathematics/statistics, information technology, finance, or human resources.Related occupations; Investigative— Work involves studying and researching non-living objects, living organisms, disease or other forms of impairment, or human behavior. Investigative occupations are often associated with physical, life, medical, or social sciences, and can be found in the fields of humanities, mathematics/statistics, information technology, or health care service.Related occupations","Support— Occupations that satisfy this work value offer supportive management that stands behind employees. Corresponding needs are Company Policies, Supervision: Human Relations and Supervision: Technical.Related occupations; Working Conditions— Occupations that satisfy this work value offer job security and good working conditions. Corresponding needs are Activity, Compensation, Independence, Security, Variety and Working Conditions.Related occupations; Achievement— Occupations that satisfy this work value are results oriented and allow employees to use their strongest abilities, giving them a feeling of accomplishment. Corresponding needs are Ability Utilization and Achievement.Related occupations",,https://www.onetonline.org/link/summary/17-3024.01,2025-09-08
19-1029.03,Geneticists,"Life, Physical, and Social Science","Research and study the inheritance of traits at the molecular, organism or population level. May evaluate or treat patients with genetic disorders.",,,,,,Education,Experience Requirements,Training & Credentials,93330,,Bright Outlook,96%,,,"Investigative— Work involves studying and researching non-living objects, living organisms, disease or other forms of impairment, or human behavior. Investigative occupations are often associated with physical, life, medical, or social sciences, and can be found in the fields of humanities, mathematics/statistics, information technology, or health care service.Related occupations; Conventional— Work involves following procedures and regulations to organize information or data, typically in a business setting. Conventional occupations are often associated with office work, accounting, mathematics/statistics, information technology, finance, or human resources.Related occupations; Realistic— Work involves designing, building, or repairing of equipment, materials, or structures, engaging in physical activity, or working outdoors. Realistic occupations are often associated with engineering, mechanics and electronics, construction, woodworking, transportation, machine operation, agriculture, animal services, physical or manual labor, athletics, or protective services.Related occupations","Recognition— Occupations that satisfy this work value offer advancement, potential for leadership, and are often considered prestigious. Corresponding needs are Advancement, Authority, Recognition and Social Status.Related occupations; Achievement— Occupations that satisfy this work value are results oriented and allow employees to use their strongest abilities, giving them a feeling of accomplishment. Corresponding needs are Ability Utilization and Achievement.Related occupations; Independence— Occupations that satisfy this work value allow employees to work on their own and make decisions. Corresponding needs are Creativity, Responsibility and Autonomy.Related occupations",,https://www.onetonline.org/link/summary/19-1029.03,2025-09-08
19-3011.01,Environmental Economists,"Life, Physical, and Social Science","Conduct economic analysis related to environmental protection and use of the natural environment, such as water, air, land, and renewable energy resources. Evaluate and quantify benefits, costs, incentives, and impacts of alternative options using economic principles and statistical techniques.",,,,,,Education,Experience Requirements,Training & Credentials,115440,,Bright Outlook,85%,,,"Investigative— Work involves studying and researching non-living objects, living organisms, disease or other forms of impairment, or human behavior. Investigative occupations are often associated with physical, life, medical, or social sciences, and can be found in the fields of humanities, mathematics/statistics, information technology, or health care service.Related occupations; Enterprising— Work involves managing, negotiating, marketing, or selling, typically in a business setting, or leading or advising people in political and legal situations. Enterprising occupations are often associated with business initiatives, sales, marketing/advertising, finance, management/administration, professional advising, public speaking, politics, or law.Related occupations; Conventional— Work involves following procedures and regulations to organize information or data, typically in a business setting. Conventional occupations are often associated with office work, accounting, mathematics/statistics, information technology, finance, or human resources.Related occupations","Achievement— Occupations that satisfy this work value are results oriented and allow employees to use their strongest abilities, giving them a feeling of accomplishment. Corresponding needs are Ability Utilization and Achievement.Related occupations; Independence— Occupations that satisfy this work value allow employees to work on their own and make decisions. Corresponding needs are Creativity, Responsibility and Autonomy.Related occupations; Working Conditions— Occupations that satisfy this work value offer job security and good working conditions. Corresponding needs are Activity, Compensation, Independence, Security, Variety and Working Conditions.Related occupations",,https://www.onetonline.org/link/summary/19-3011.01,2025-09-08
21-1091.00,Health Education Specialists,Community and Social Service,"Provide and manage health education programs that help individuals, families, and their communities maximize and maintain healthy lifestyles. Use data to identify community needs prior to planning, implementing, monitoring, and evaluating programs designed to encourage healthy lifestyles, policies, and environments. May link health systems, health providers, insurers, and patients to address individual and population health needs. May serve as resource to assist individuals, other health professionals, or the community, and may administer fiscal resources for health education programs.",,,,,,21-1091.00 - Health Education Specialists,Experience Requirements,Training & Credentials,63000,,Bright Outlook,100%,,,"Social— Work involves helping, teaching, advising, assisting, or providing service to others. Social occupations are often associated with social, health care, personal service, teaching/education, or religious activities.Related occupations; Investigative— Work involves studying and researching non-living objects, living organisms, disease or other forms of impairment, or human behavior. Investigative occupations are often associated with physical, life, medical, or social sciences, and can be found in the fields of humanities, mathematics/statistics, information technology, or health care service.Related occupations; Conventional— Work involves following procedures and regulations to organize information or data, typically in a business setting. Conventional occupations are often associated with office work, accounting, mathematics/statistics, information technology, finance, or human resources.Related occupations","Relationships— Occupations that satisfy this work value allow employees to provide service to others and work with co-workers in a friendly non-competitive environment. Corresponding needs are Co-workers, Moral Values and Social Service.Related occupations; Independence— Occupations that satisfy this work value allow employees to work on their own and make decisions. Corresponding needs are Creativity, Responsibility and Autonomy.Related occupations; Achievement— Occupations that satisfy this work value are results oriented and allow employees to use their strongest abilities, giving them a feeling of accomplishment. Corresponding needs are Ability Utilization and Achievement.Related occupations",,https://www.onetonline.org/link/summary/21-1091.00,2025-09-08
25-1032.00,"Engineering Teachers, Postsecondary",Educational Instruction and Library,"Teach courses pertaining to the application of physical laws and principles of engineering for the development of machines, materials, instruments, processes, and services. Includes teachers of subjects such as chemical, civil, electrical, industrial, mechanical, mineral, and petroleum engineering. Includes both teachers primarily engaged in teaching and those who do a combination of teaching and research.",,,,,,Education,Experience Requirements,Training & Credentials,106120,,Bright Outlook,100%,,,"Social— Work involves helping, teaching, advising, assisting, or providing service to others. Social occupations are often associated with social, health care, personal service, teaching/education, or religious activities.Related occupations; Investigative— Work involves studying and researching non-living objects, living organisms, disease or other forms of impairment, or human behavior. Investigative occupations are often associated with physical, life, medical, or social sciences, and can be found in the fields of humanities, mathematics/statistics, information technology, or health care service.Related occupations; Realistic— Work involves designing, building, or repairing of equipment, materials, or structures, engaging in physical activity, or working outdoors. Realistic occupations are often associated with engineering, mechanics and electronics, construction, woodworking, transportation, machine operation, agriculture, animal services, physical or manual labor, athletics, or protective services.Related occupations","Achievement— Occupations that satisfy this work value are results oriented and allow employees to use their strongest abilities, giving them a feeling of accomplishment. Corresponding needs are Ability Utilization and Achievement.Related occupations; Independence— Occupations that satisfy this work value allow employees to work on their own and make decisions. Corresponding needs are Creativity, Responsibility and Autonomy.Related occupations; Recognition— Occupations that satisfy this work value offer advancement, potential for leadership, and are often considered prestigious. Corresponding needs are Advancement, Authority, Recognition and Social Status.Related occupations",,https://www.onetonline.org/link/summary/25-1032.00,2025-09-08
25-1062.00,"Area, Ethnic, and Cultural Studies Teachers, Postsecondary",Educational Instruction and Library,"Teach courses pertaining to the culture and development of an area, an ethnic group, or any other group, such as Latin American studies, women's studies, or urban affairs. Includes both teachers primarily engaged in teaching and those who do a combination of teaching and research.",,,,,,Education,Experience Requirements,Training & Credentials,84290,,Bright Outlook,90%,,,"Social— Work involves helping, teaching, advising, assisting, or providing service to others. Social occupations are often associated with social, health care, personal service, teaching/education, or religious activities.Related occupations; Investigative— Work involves studying and researching non-living objects, living organisms, disease or other forms of impairment, or human behavior. Investigative occupations are often associated with physical, life, medical, or social sciences, and can be found in the fields of humanities, mathematics/statistics, information technology, or health care service.Related occupations","Achievement— Occupations that satisfy this work value are results oriented and allow employees to use their strongest abilities, giving them a feeling of accomplishment. Corresponding needs are Ability Utilization and Achievement.Related occupations; Relationships— Occupations that satisfy this work value allow employees to provide service to others and work with co-workers in a friendly non-competitive environment. Corresponding needs are Co-workers, Moral Values and Social Service.Related occupations; Independence— Occupations that satisfy this work value allow employees to work on their own and make decisions. Corresponding needs are Creativity, Responsibility and Autonomy.Related occupations",,https://www.onetonline.org/link/summary/25-1062.00,2025-09-08
29-1122.00,Occupational Therapists,Healthcare Practitioners and Technical,"Assess, plan, and organize rehabilitative programs that help build or restore vocational, homemaking, and daily living skills, as well as general independence, to persons with disabilities or developmental delays. Use therapeutic techniques, adapt the individual's environment, teach skills, and modify specific tasks that present barriers to the individual.",,,,,,Education,Experience Requirements,Training & Credentials,98340,,Bright Outlook,91%,,,"Social— Work involves helping, teaching, advising, assisting, or providing service to others. Social occupations are often associated with social, health care, personal service, teaching/education, or religious activities.Related occupations; Investigative— Work involves studying and researching non-living objects, living organisms, disease or other forms of impairment, or human behavior. Investigative occupations are often associated with physical, life, medical, or social sciences, and can be found in the fields of humanities, mathematics/statistics, information technology, or health care service.Related occupations","Relationships— Occupations that satisfy this work value allow employees to provide service to others and work with co-workers in a friendly non-competitive environment. Corresponding needs are Co-workers, Moral Values and Social Service.Related occupations; Achievement— Occupations that satisfy this work value are results oriented and allow employees to use their strongest abilities, giving them a feeling of accomplishment. Corresponding needs are Ability Utilization and Achievement.Related occupations; Working Conditions— Occupations that satisfy this work value offer job security and good working conditions. Corresponding needs are Activity, Compensation, Independence, Security, Variety and Working Conditions.Related occupations",,https://www.onetonline.org/link/summary/29-1122.00,2025-09-08
29-1141.04,Clinical Nurse Specialists,Healthcare Practitioners and Technical,"Direct nursing staff in the provision of patient care in a clinical practice setting, such as a hospital, hospice, clinic, or home. Ensure adherence to established clinical policies, protocols, regulations, and standards.",,,,,,Education,Experience Requirements,Training & Credentials,93600,,Bright Outlook,100%,,,"Social— Work involves helping, teaching, advising, assisting, or providing service to others. Social occupations are often associated with social, health care, personal service, teaching/education, or religious activities.Related occupations; Investigative— Work involves studying and researching non-living objects, living organisms, disease or other forms of impairment, or human behavior. Investigative occupations are often associated with physical, life, medical, or social sciences, and can be found in the fields of humanities, mathematics/statistics, information technology, or health care service.Related occupations; Conventional— Work involves following procedures and regulations to organize information or data, typically in a business setting. Conventional occupations are often associated with office work, accounting, mathematics/statistics, information technology, finance, or human resources.Related occupations","Support— Occupations that satisfy this work value offer supportive management that stands behind employees. Corresponding needs are Company Policies, Supervision: Human Relations and Supervision: Technical.Related occupations; Relationships— Occupations that satisfy this work value allow employees to provide service to others and work with co-workers in a friendly non-competitive environment. Corresponding needs are Co-workers, Moral Values and Social Service.Related occupations; Achievement— Occupations that satisfy this work value are results oriented and allow employees to use their strongest abilities, giving them a feeling of accomplishment. Corresponding needs are Ability Utilization and Achievement.Related occupations",,https://www.onetonline.org/link/summary/29-1141.04,2025-09-08
11-3031.03,Investment Fund Managers,Management,"Plan, direct, or coordinate investment strategy or operations for a large pool of liquid assets supplied by institutional investors or individual investors.",,,,,,Education,Experience Requirements,Training & Credentials,161700,,Bright Outlook,100%,,,"Enterprising— Work involves managing, negotiating, marketing, or selling, typically in a business setting, or leading or advising people in political and legal situations. Enterprising occupations are often associated with business initiatives, sales, marketing/advertising, finance, management/administration, professional advising, public speaking, politics, or law.Related occupations; Conventional— Work involves following procedures and regulations to organize information or data, typically in a business setting. Conventional occupations are often associated with office work, accounting, mathematics/statistics, information technology, finance, or human resources.Related occupations; Investigative— Work involves studying and researching non-living objects, living organisms, disease or other forms of impairment, or human behavior. Investigative occupations are often associated with physical, life, medical, or social sciences, and can be found in the fields of humanities, mathematics/statistics, information technology, or health care service.Related occupations","Achievement— Occupations that satisfy this work value are results oriented and allow employees to use their strongest abilities, giving them a feeling of accomplishment. Corresponding needs are Ability Utilization and Achievement.Related occupations; Recognition— Occupations that satisfy this work value offer advancement, potential for leadership, and are often considered prestigious. Corresponding needs are Advancement, Authority, Recognition and Social Status.Related occupations; Working Conditions— Occupations that satisfy this work value offer job security and good working conditions. Corresponding needs are Activity, Compensation, Independence, Security, Variety and Working Conditions.Related occupations",,https://www.onetonline.org/link/summary/11-3031.03,2025-09-08
11-9111.00,Medical and Health Services Managers,Management,"Plan, direct, or coordinate medical and health services in hospitals, clinics, managed care organizations, public health agencies, or similar organizations.",,,,,,Education,Experience Requirements,Training & Credentials,117960,,Bright Outlook,100%,,,"Enterprising— Work involves managing, negotiating, marketing, or selling, typically in a business setting, or leading or advising people in political and legal situations. Enterprising occupations are often associated with business initiatives, sales, marketing/advertising, finance, management/administration, professional advising, public speaking, politics, or law.Related occupations; Conventional— Work involves following procedures and regulations to organize information or data, typically in a business setting. Conventional occupations are often associated with office work, accounting, mathematics/statistics, information technology, finance, or human resources.Related occupations; Social— Work involves helping, teaching, advising, assisting, or providing service to others. Social occupations are often associated with social, health care, personal service, teaching/education, or religious activities.Related occupations","Independence— Occupations that satisfy this work value allow employees to work on their own and make decisions. Corresponding needs are Creativity, Responsibility and Autonomy.Related occupations; Working Conditions— Occupations that satisfy this work value offer job security and good working conditions. Corresponding needs are Activity, Compensation, Independence, Security, Variety and Working Conditions.Related occupations; Relationships— Occupations that satisfy this work value allow employees to provide service to others and work with co-workers in a friendly non-competitive environment. Corresponding needs are Co-workers, Moral Values and Social Service.Related occupations",,https://www.onetonline.org/link/summary/11-9111.00,2025-09-08
17-2112.01,Human Factors Engineers and Ergonomists,Architecture and Engineering,"Design objects, facilities, and environments to optimize human well-being and overall system performance, applying theory, principles, and data regarding the relationship between humans and respective technology. Investigate and analyze characteristics of human behavior and performance as it relates to the use of technology.",,,,,,Education,Experience Requirements,Training & Credentials,101140,,Bright Outlook,95%,,,"Investigative— Work involves studying and researching non-living objects, living organisms, disease or other forms of impairment, or human behavior. Investigative occupations are often associated with physical, life, medical, or social sciences, and can be found in the fields of humanities, mathematics/statistics, information technology, or health care service.Related occupations; Realistic— Work involves designing, building, or repairing of equipment, materials, or structures, engaging in physical activity, or working outdoors. Realistic occupations are often associated with engineering, mechanics and electronics, construction, woodworking, transportation, machine operation, agriculture, animal services, physical or manual labor, athletics, or protective services.Related occupations; Conventional— Work involves following procedures and regulations to organize information or data, typically in a business setting. Conventional occupations are often associated with office work, accounting, mathematics/statistics, information technology, finance, or human resources.Related occupations","Achievement— Occupations that satisfy this work value are results oriented and allow employees to use their strongest abilities, giving them a feeling of accomplishment. Corresponding needs are Ability Utilization and Achievement.Related occupations; Working Conditions— Occupations that satisfy this work value offer job security and good working conditions. Corresponding needs are Activity, Compensation, Independence, Security, Variety and Working Conditions.Related occupations; Independence— Occupations that satisfy this work value allow employees to work on their own and make decisions. Corresponding needs are Creativity, Responsibility and Autonomy.Related occupations",,https://www.onetonline.org/link/summary/17-2112.01,2025-09-08
17-3025.00,Environmental Engineering Technologists and Technicians,Architecture and Engineering,"Apply theory and principles of environmental engineering to modify, test, and operate equipment and devices used in the prevention, control, and remediation of environmental problems, including waste treatment and site remediation, under the direction of engineering staff or scientists. May assist in the development of environmental remediation devices.",,,,,,Education,Experience Requirements,Training & Credentials,58890,,Bright Outlook,85%,,,"Realistic— Work involves designing, building, or repairing of equipment, materials, or structures, engaging in physical activity, or working outdoors. Realistic occupations are often associated with engineering, mechanics and electronics, construction, woodworking, transportation, machine operation, agriculture, animal services, physical or manual labor, athletics, or protective services.Related occupations; Investigative— Work involves studying and researching non-living objects, living organisms, disease or other forms of impairment, or human behavior. Investigative occupations are often associated with physical, life, medical, or social sciences, and can be found in the fields of humanities, mathematics/statistics, information technology, or health care service.Related occupations; Conventional— Work involves following procedures and regulations to organize information or data, typically in a business setting. Conventional occupations are often associated with office work, accounting, mathematics/statistics, information technology, finance, or human resources.Related occupations","Support— Occupations that satisfy this work value offer supportive management that stands behind employees. Corresponding needs are Company Policies, Supervision: Human Relations and Supervision: Technical.Related occupations; Working Conditions— Occupations that satisfy this work value offer job security and good working conditions. Corresponding needs are Activity, Compensation, Independence, Security, Variety and Working Conditions.Related occupations; Achievement— Occupations that satisfy this work value are results oriented and allow employees to use their strongest abilities, giving them a feeling of accomplishment. Corresponding needs are Ability Utilization and Achievement.Related occupations",,https://www.onetonline.org/link/summary/17-3025.00,2025-09-08
19-2021.00,Atmospheric and Space Scientists,"Life, Physical, and Social Science","Investigate atmospheric phenomena and interpret meteorological data, gathered by surface and air stations, satellites, and radar to prepare reports and forecasts for public and other uses. Includes weather analysts and forecasters whose functions require the detailed knowledge of meteorology.",,,,,,Education,Experience Requirements,Training & Credentials,97450,,Bright Outlook,90%,,,"Investigative— Work involves studying and researching non-living objects, living organisms, disease or other forms of impairment, or human behavior. Investigative occupations are often associated with physical, life, medical, or social sciences, and can be found in the fields of humanities, mathematics/statistics, information technology, or health care service.Related occupations; Realistic— Work involves designing, building, or repairing of equipment, materials, or structures, engaging in physical activity, or working outdoors. Realistic occupations are often associated with engineering, mechanics and electronics, construction, woodworking, transportation, machine operation, agriculture, animal services, physical or manual labor, athletics, or protective services.Related occupations; Conventional— Work involves following procedures and regulations to organize information or data, typically in a business setting. Conventional occupations are often associated with office work, accounting, mathematics/statistics, information technology, finance, or human resources.Related occupations","Achievement— Occupations that satisfy this work value are results oriented and allow employees to use their strongest abilities, giving them a feeling of accomplishment. Corresponding needs are Ability Utilization and Achievement.Related occupations; Independence— Occupations that satisfy this work value allow employees to work on their own and make decisions. Corresponding needs are Creativity, Responsibility and Autonomy.Related occupations; Relationships— Occupations that satisfy this work value allow employees to provide service to others and work with co-workers in a friendly non-competitive environment. Corresponding needs are Co-workers, Moral Values and Social Service.Related occupations",,https://www.onetonline.org/link/summary/19-2021.00,2025-09-08
21-1014.00,Mental Health Counselors,Community and Social Service,"Counsel and advise individuals and groups to promote optimum mental and emotional health, with an emphasis on prevention. May help individuals deal with a broad range of mental health issues, such as those associated with addictions and substance abuse; family, parenting, and marital problems; stress management; self-esteem; or aging.",,,,,,Education,Experience Requirements,Training & Credentials,59190,,Bright Outlook,96%,,,"Social— Work involves helping, teaching, advising, assisting, or providing service to others. Social occupations are often associated with social, health care, personal service, teaching/education, or religious activities.Related occupations; Investigative— Work involves studying and researching non-living objects, living organisms, disease or other forms of impairment, or human behavior. Investigative occupations are often associated with physical, life, medical, or social sciences, and can be found in the fields of humanities, mathematics/statistics, information technology, or health care service.Related occupations","Relationships— Occupations that satisfy this work value allow employees to provide service to others and work with co-workers in a friendly non-competitive environment. Corresponding needs are Co-workers, Moral Values and Social Service.Related occupations; Achievement— Occupations that satisfy this work value are results oriented and allow employees to use their strongest abilities, giving them a feeling of accomplishment. Corresponding needs are Ability Utilization and Achievement.Related occupations; Independence— Occupations that satisfy this work value allow employees to work on their own and make decisions. Corresponding needs are Creativity, Responsibility and Autonomy.Related occupations",,https://www.onetonline.org/link/summary/21-1014.00,2025-09-08
27-1025.00,Interior Designers,"Arts, Design, Entertainment, Sports, and Media","Plan, design, and furnish the internal space of rooms or buildings. Design interior environments or create physical layouts that are practical, aesthetic, and conducive to the intended purposes. May specialize in a particular field, style, or phase of interior design.",,,,,,Education,Experience Requirements,Training & Credentials,63490,,Bright Outlook,96%,,,"Artistic— Work involves creating original visual artwork, performances, written works, food, or music for a variety of media, or applying artistic principles to the design of various objects and materials. Artistic occupations are often associated with visual arts, applied arts and design, performing arts, music, creative writing, media, or culinary art.Related occupations; Realistic— Work involves designing, building, or repairing of equipment, materials, or structures, engaging in physical activity, or working outdoors. Realistic occupations are often associated with engineering, mechanics and electronics, construction, woodworking, transportation, machine operation, agriculture, animal services, physical or manual labor, athletics, or protective services.Related occupations","Achievement— Occupations that satisfy this work value are results oriented and allow employees to use their strongest abilities, giving them a feeling of accomplishment. Corresponding needs are Ability Utilization and Achievement.Related occupations; Independence— Occupations that satisfy this work value allow employees to work on their own and make decisions. Corresponding needs are Creativity, Responsibility and Autonomy.Related occupations; Relationships— Occupations that satisfy this work value allow employees to provide service to others and work with co-workers in a friendly non-competitive environment. Corresponding needs are Co-workers, Moral Values and Social Service.Related occupations",,https://www.onetonline.org/link/summary/27-1025.00,2025-09-08
29-1127.00,Speech-Language Pathologists,Healthcare Practitioners and Technical,"Assess and treat persons with speech, language, voice, and fluency disorders. May select alternative communication systems and teach their use. May perform research related to speech and language problems.",,,,,,Education,Experience Requirements,Training & Credentials,95410,,Bright Outlook,99%,,,"Social— Work involves helping, teaching, advising, assisting, or providing service to others. Social occupations are often associated with social, health care, personal service, teaching/education, or religious activities.Related occupations; Investigative— Work involves studying and researching non-living objects, living organisms, disease or other forms of impairment, or human behavior. Investigative occupations are often associated with physical, life, medical, or social sciences, and can be found in the fields of humanities, mathematics/statistics, information technology, or health care service.Related occupations; Conventional— Work involves following procedures and regulations to organize information or data, typically in a business setting. Conventional occupations are often associated with office work, accounting, mathematics/statistics, information technology, finance, or human resources.Related occupations","Relationships— Occupations that satisfy this work value allow employees to provide service to others and work with co-workers in a friendly non-competitive environment. Corresponding needs are Co-workers, Moral Values and Social Service.Related occupations; Achievement— Occupations that satisfy this work value are results oriented and allow employees to use their strongest abilities, giving them a feeling of accomplishment. Corresponding needs are Ability Utilization and Achievement.Related occupations; Independence— Occupations that satisfy this work value allow employees to work on their own and make decisions. Corresponding needs are Creativity, Responsibility and Autonomy.Related occupations",,https://www.onetonline.org/link/summary/29-1127.00,2025-09-08
39-9031.00,Exercise Trainers and Group Fitness Instructors,Personal Care and Service,"Instruct or coach groups or individuals in exercise activities for the primary purpose of personal fitness. Demonstrate techniques and form, observe participants, and explain to them corrective measures necessary to improve their skills. Develop and implement individualized approaches to exercise.",,,"Customer and Personal Service— Knowledge of principles and processes for providing customer and personal services. This includes customer needs assessment, meeting quality standards for services, and evaluation of customer satisfaction.Related occupations; Education and Training— Knowledge of principles and methods for curriculum and training design, teaching and instruction for individuals and groups, and the measurement of training effects.Related occupations; English Language— Knowledge of the structure and content of the English language including the meaning and spelling of words, and rules of composition and grammar.Related occupations; Psychology— Knowledge of human behavior and performance; individual differences in ability, personality, and interests; learning and motivation; psychological research methods; and the assessment and treatment of behavioral and affective disorders.Related occupations",,,Education,Experience Requirements,Training & Credentials,46180,,Bright Outlook,100%,,,"Social— Work involves helping, teaching, advising, assisting, or providing service to others. Social occupations are often associated with social, health care, personal service, teaching/education, or religious activities.Related occupations; Realistic— Work involves designing, building, or repairing of equipment, materials, or structures, engaging in physical activity, or working outdoors. Realistic occupations are often associated with engineering, mechanics and electronics, construction, woodworking, transportation, machine operation, agriculture, animal services, physical or manual labor, athletics, or protective services.Related occupations","Relationships— Occupations that satisfy this work value allow employees to provide service to others and work with co-workers in a friendly non-competitive environment. Corresponding needs are Co-workers, Moral Values and Social Service.Related occupations; Achievement— Occupations that satisfy this work value are results oriented and allow employees to use their strongest abilities, giving them a feeling of accomplishment. Corresponding needs are Ability Utilization and Achievement.Related occupations; Independence— Occupations that satisfy this work value allow employees to work on their own and make decisions. Corresponding needs are Creativity, Responsibility and Autonomy.Related occupations",,https://www.onetonline.org/link/summary/39-9031.00,2025-09-08
11-3051.00,Industrial Production Managers,Management,"Plan, direct, or coordinate the work activities and resources necessary for manufacturing products in accordance with cost, quality, and quantity specifications.",,,,,,Education,Experience Requirements,Training & Credentials,121440,,Bright Outlook,92%,,,"Enterprising— Work involves managing, negotiating, marketing, or selling, typically in a business setting, or leading or advising people in political and legal situations. Enterprising occupations are often associated with business initiatives, sales, marketing/advertising, finance, management/administration, professional advising, public speaking, politics, or law.Related occupations; Conventional— Work involves following procedures and regulations to organize information or data, typically in a business setting. Conventional occupations are often associated with office work, accounting, mathematics/statistics, information technology, finance, or human resources.Related occupations; Realistic— Work involves designing, building, or repairing of equipment, materials, or structures, engaging in physical activity, or working outdoors. Realistic occupations are often associated with engineering, mechanics and electronics, construction, woodworking, transportation, machine operation, agriculture, animal services, physical or manual labor, athletics, or protective services.Related occupations","Independence— Occupations that satisfy this work value allow employees to work on their own and make decisions. Corresponding needs are Creativity, Responsibility and Autonomy.Related occupations; Working Conditions— Occupations that satisfy this work value offer job security and good working conditions. Corresponding needs are Activity, Compensation, Independence, Security, Variety and Working Conditions.Related occupations; Relationships— Occupations that satisfy this work value allow employees to provide service to others and work with co-workers in a friendly non-competitive environment. Corresponding needs are Co-workers, Moral Values and Social Service.Related occupations",,https://www.onetonline.org/link/summary/11-3051.00,2025-09-08
11-3071.00,"Transportation, Storage, and Distribution Managers",Management,"A subset of this occupation's profile is available. Data collection is currently underway to populate other parts of the profile. For more specific occupations, see:",,,,,,Education,Experience Requirements,Training & Credentials,102010,,Bright Outlook,9%,,,"Enterprising— Work involves managing, negotiating, marketing, or selling, typically in a business setting, or leading or advising people in political and legal situations. Enterprising occupations are often associated with business initiatives, sales, marketing/advertising, finance, management/administration, professional advising, public speaking, politics, or law.Related occupations; Conventional— Work involves following procedures and regulations to organize information or data, typically in a business setting. Conventional occupations are often associated with office work, accounting, mathematics/statistics, information technology, finance, or human resources.Related occupations","Relationships— Occupations that satisfy this work value allow employees to provide service to others and work with co-workers in a friendly non-competitive environment. Corresponding needs are Co-workers, Moral Values and Social Service.Related occupations; Independence— Occupations that satisfy this work value allow employees to work on their own and make decisions. Corresponding needs are Creativity, Responsibility and Autonomy.Related occupations; Working Conditions— Occupations that satisfy this work value offer job security and good working conditions. Corresponding needs are Activity, Compensation, Independence, Security, Variety and Working Conditions.Related occupations",,https://www.onetonline.org/link/summary/11-3071.00,2025-09-08
17-2081.00,Environmental Engineers,Architecture and Engineering,"Research, design, plan, or perform engineering duties in the prevention, control, and remediation of environmental hazards using various engineering disciplines. Work may include waste treatment, site remediation, or pollution control technology.",,,,,,Education,Experience Requirements,Training & Credentials,104170,,Bright Outlook,95%,,,"Investigative— Work involves studying and researching non-living objects, living organisms, disease or other forms of impairment, or human behavior. Investigative occupations are often associated with physical, life, medical, or social sciences, and can be found in the fields of humanities, mathematics/statistics, information technology, or health care service.Related occupations; Realistic— Work involves designing, building, or repairing of equipment, materials, or structures, engaging in physical activity, or working outdoors. Realistic occupations are often associated with engineering, mechanics and electronics, construction, woodworking, transportation, machine operation, agriculture, animal services, physical or manual labor, athletics, or protective services.Related occupations; Conventional— Work involves following procedures and regulations to organize information or data, typically in a business setting. Conventional occupations are often associated with office work, accounting, mathematics/statistics, information technology, finance, or human resources.Related occupations","Achievement— Occupations that satisfy this work value are results oriented and allow employees to use their strongest abilities, giving them a feeling of accomplishment. Corresponding needs are Ability Utilization and Achievement.Related occupations; Working Conditions— Occupations that satisfy this work value offer job security and good working conditions. Corresponding needs are Activity, Compensation, Independence, Security, Variety and Working Conditions.Related occupations; Recognition— Occupations that satisfy this work value offer advancement, potential for leadership, and are often considered prestigious. Corresponding needs are Advancement, Authority, Recognition and Social Status.Related occupations",,https://www.onetonline.org/link/summary/17-2081.00,2025-09-08
19-2041.01,Climate Change Policy Analysts,"Life, Physical, and Social Science","Research and analyze policy developments related to climate change. Make climate-related recommendations for actions such as legislation, awareness campaigns, or fundraising approaches.",,,"Law and Government— Knowledge of laws, legal codes, court procedures, precedents, government regulations, executive orders, agency rules, and the democratic political process.Related occupations; English Language— Knowledge of the structure and content of the English language including the meaning and spelling of words, and rules of composition and grammar.Related occupations; Mathematics— Knowledge of arithmetic, algebra, geometry, calculus, statistics, and their applications.Related occupations",,,Education,Experience Requirements,Training & Credentials,80060,,Bright Outlook,91%,,,"Investigative— Work involves studying and researching non-living objects, living organisms, disease or other forms of impairment, or human behavior. Investigative occupations are often associated with physical, life, medical, or social sciences, and can be found in the fields of humanities, mathematics/statistics, information technology, or health care service.Related occupations; Enterprising— Work involves managing, negotiating, marketing, or selling, typically in a business setting, or leading or advising people in political and legal situations. Enterprising occupations are often associated with business initiatives, sales, marketing/advertising, finance, management/administration, professional advising, public speaking, politics, or law.Related occupations; Conventional— Work involves following procedures and regulations to organize information or data, typically in a business setting. Conventional occupations are often associated with office work, accounting, mathematics/statistics, information technology, finance, or human resources.Related occupations","Achievement— Occupations that satisfy this work value are results oriented and allow employees to use their strongest abilities, giving them a feeling of accomplishment. Corresponding needs are Ability Utilization and Achievement.Related occupations; Independence— Occupations that satisfy this work value allow employees to work on their own and make decisions. Corresponding needs are Creativity, Responsibility and Autonomy.Related occupations; Recognition— Occupations that satisfy this work value offer advancement, potential for leadership, and are often considered prestigious. Corresponding needs are Advancement, Authority, Recognition and Social Status.Related occupations",,https://www.onetonline.org/link/summary/19-2041.01,2025-09-08
19-3039.03,Clinical Neuropsychologists,"Life, Physical, and Social Science","Assess and diagnose patients with neurobehavioral problems related to acquired or developmental disorders of the nervous system, such as neurodegenerative disorders, traumatic brain injury, seizure disorders, and learning disabilities. Recommend treatment after diagnosis, such as therapy, medication, or surgery. Assist with evaluation before and after neurosurgical procedures, such as deep brain stimulation.",,,,,,Education,Experience Requirements,Training & Credentials,117580,,Bright Outlook,100%,,,"Investigative— Work involves studying and researching non-living objects, living organisms, disease or other forms of impairment, or human behavior. Investigative occupations are often associated with physical, life, medical, or social sciences, and can be found in the fields of humanities, mathematics/statistics, information technology, or health care service.Related occupations; Social— Work involves helping, teaching, advising, assisting, or providing service to others. Social occupations are often associated with social, health care, personal service, teaching/education, or religious activities.Related occupations",,,https://www.onetonline.org/link/summary/19-3039.03,2025-09-08
25-3021.00,Self-Enrichment Teachers,Educational Instruction and Library,"Teach or instruct individuals or groups for the primary purpose of self-enrichment or recreation, rather than for an occupational objective, educational attainment, competition, or fitness.",,,"Education and Training— Knowledge of principles and methods for curriculum and training design, teaching and instruction for individuals and groups, and the measurement of training effects.Related occupations; Customer and Personal Service— Knowledge of principles and processes for providing customer and personal services. This includes customer needs assessment, meeting quality standards for services, and evaluation of customer satisfaction.Related occupations; English Language— Knowledge of the structure and content of the English language including the meaning and spelling of words, and rules of composition and grammar.Related occupations",,,Education,Experience Requirements,Training & Credentials,45590,,Bright Outlook,79%,,,"Social— Work involves helping, teaching, advising, assisting, or providing service to others. Social occupations are often associated with social, health care, personal service, teaching/education, or religious activities.Related occupations; Artistic— Work involves creating original visual artwork, performances, written works, food, or music for a variety of media, or applying artistic principles to the design of various objects and materials. Artistic occupations are often associated with visual arts, applied arts and design, performing arts, music, creative writing, media, or culinary art.Related occupations","Relationships— Occupations that satisfy this work value allow employees to provide service to others and work with co-workers in a friendly non-competitive environment. Corresponding needs are Co-workers, Moral Values and Social Service.Related occupations; Independence— Occupations that satisfy this work value allow employees to work on their own and make decisions. Corresponding needs are Creativity, Responsibility and Autonomy.Related occupations; Achievement— Occupations that satisfy this work value are results oriented and allow employees to use their strongest abilities, giving them a feeling of accomplishment. Corresponding needs are Ability Utilization and Achievement.Related occupations",,https://www.onetonline.org/link/summary/25-3021.00,2025-09-08
25-9044.00,"Teaching Assistants, Postsecondary",Educational Instruction and Library,"Assist faculty or other instructional staff in postsecondary institutions by performing instructional support activities, such as developing teaching materials, leading discussion groups, preparing and giving examinations, and grading examinations or papers.",,,"English Language— Knowledge of the structure and content of the English language including the meaning and spelling of words, and rules of composition and grammar.Related occupations; Education and Training— Knowledge of principles and methods for curriculum and training design, teaching and instruction for individuals and groups, and the measurement of training effects.Related occupations; Computers and Electronics— Knowledge of circuit boards, processors, chips, electronic equipment, and computer hardware and software, including applications and programming.Related occupations; Mathematics— Knowledge of arithmetic, algebra, geometry, calculus, statistics, and their applications.Related occupations",,,Education,Experience Requirements,Training & Credentials,44930,,Bright Outlook,77%,,,"Social— Work involves helping, teaching, advising, assisting, or providing service to others. Social occupations are often associated with social, health care, personal service, teaching/education, or religious activities.Related occupations; Conventional— Work involves following procedures and regulations to organize information or data, typically in a business setting. Conventional occupations are often associated with office work, accounting, mathematics/statistics, information technology, finance, or human resources.Related occupations","Achievement— Occupations that satisfy this work value are results oriented and allow employees to use their strongest abilities, giving them a feeling of accomplishment. Corresponding needs are Ability Utilization and Achievement.Related occupations; Independence— Occupations that satisfy this work value allow employees to work on their own and make decisions. Corresponding needs are Creativity, Responsibility and Autonomy.Related occupations; Support— Occupations that satisfy this work value offer supportive management that stands behind employees. Corresponding needs are Company Policies, Supervision: Human Relations and Supervision: Technical.Related occupations",,https://www.onetonline.org/link/summary/25-9044.00,2025-09-08
39-9011.01,Nannies,Personal Care and Service,"Care for children in private households and provide support and expertise to parents in satisfying children's physical, emotional, intellectual, and social needs. Duties may include meal planning and preparation, laundry and clothing care, organization of play activities and outings, discipline, intellectual stimulation, language activities, and transportation.",,Calendar and scheduling software— Scheduling softwareRelated occupations; Computer based training software— Educational softwareRelated occupations; Internet browser software— Web browser softwareRelated occupations; Spreadsheet software— Microsoft ExcelRelated occupations; Word processing software— Microsoft WordRelated occupations,"English Language— Knowledge of the structure and content of the English language including the meaning and spelling of words, and rules of composition and grammar.Related occupations; Customer and Personal Service— Knowledge of principles and processes for providing customer and personal services. This includes customer needs assessment, meeting quality standards for services, and evaluation of customer satisfaction.Related occupations; Psychology— Knowledge of human behavior and performance; individual differences in ability, personality, and interests; learning and motivation; psychological research methods; and the assessment and treatment of behavioral and affective disorders.Related occupations; Education and Training— Knowledge of principles and methods for curriculum and training design, teaching and instruction for individuals and groups, and the measurement of training effects.Related occupations; Public Safety and Security— Knowledge of relevant equipment, policies, procedures, and strategies to promote effective local, state, or national security operations for the protection of people, data, property, and institutions.Related occupations",,,Education,Experience Requirements,"Care for children in private households and provide support and expertise to parents in satisfying children's physical, emotional, intellectual, and social needs. Duties may include meal planning and preparation, laundry and clothing care, organization of play activities and outings, discipline, intellectual stimulation, language activities, and transportation.",32050,,Bright Outlook,81%,,,"Social— Work involves helping, teaching, advising, assisting, or providing service to others. Social occupations are often associated with social, health care, personal service, teaching/education, or religious activities.Related occupations; Artistic— Work involves creating original visual artwork, performances, written works, food, or music for a variety of media, or applying artistic principles to the design of various objects and materials. Artistic occupations are often associated with visual arts, applied arts and design, performing arts, music, creative writing, media, or culinary art.Related occupations","Relationships— Occupations that satisfy this work value allow employees to provide service to others and work with co-workers in a friendly non-competitive environment. Corresponding needs are Co-workers, Moral Values and Social Service.Related occupations; Independence— Occupations that satisfy this work value allow employees to work on their own and make decisions. Corresponding needs are Creativity, Responsibility and Autonomy.Related occupations; Achievement— Occupations that satisfy this work value are results oriented and allow employees to use their strongest abilities, giving them a feeling of accomplishment. Corresponding needs are Ability Utilization and Achievement.Related occupations",Calendar and scheduling software— Scheduling softwareRelated occupations; Computer based training software— Educational softwareRelated occupations; Internet browser software— Web browser softwareRelated occupations; Spreadsheet software— Microsoft ExcelRelated occupations; Word processing software— Microsoft WordRelated occupations,https://www.onetonline.org/link/summary/39-9011.01,2025-09-08
51-4061.00,"Model Makers, Metal and Plastic",Production,"Set up and operate machines, such as lathes, milling and engraving machines, and jig borers to make working models of metal or plastic objects. Includes template makers.",,Computer aided design CAD software— PTC Creo ParametricRelated occupations; Computer aided manufacturing CAM software— CNC Software MastercamRelated occupations; Office suite software— Microsoft Office softwareRelated occupations; Spreadsheet software— Microsoft ExcelRelated occupations; Word processing software— Microsoft WordRelated occupations,"Mechanical— Knowledge of machines and tools, including their designs, uses, repair, and maintenance.Related occupations; Mathematics— Knowledge of arithmetic, algebra, geometry, calculus, statistics, and their applications.Related occupations; Production and Processing— Knowledge of raw materials, production processes, quality control, costs, and other techniques for maximizing the effective manufacture and distribution of goods.Related occupations; Design— Knowledge of design techniques, tools, and principles involved in production of precision technical plans, blueprints, drawings, and models.Related occupations; Engineering and Technology— Knowledge of the practical application of engineering science and technology. This includes applying principles, techniques, procedures, and equipment to the design and production of various goods and services.Related occupations",,,Education,Experience Requirements,Training & Credentials,62700,,Bright Outlook,98%,,,"Realistic— Work involves designing, building, or repairing of equipment, materials, or structures, engaging in physical activity, or working outdoors. Realistic occupations are often associated with engineering, mechanics and electronics, construction, woodworking, transportation, machine operation, agriculture, animal services, physical or manual labor, athletics, or protective services.Related occupations; Conventional— Work involves following procedures and regulations to organize information or data, typically in a business setting. Conventional occupations are often associated with office work, accounting, mathematics/statistics, information technology, finance, or human resources.Related occupations","Support— Occupations that satisfy this work value offer supportive management that stands behind employees. Corresponding needs are Company Policies, Supervision: Human Relations and Supervision: Technical.Related occupations; Working Conditions— Occupations that satisfy this work value offer job security and good working conditions. Corresponding needs are Activity, Compensation, Independence, Security, Variety and Working Conditions.Related occupations; Achievement— Occupations that satisfy this work value are results oriented and allow employees to use their strongest abilities, giving them a feeling of accomplishment. Corresponding needs are Ability Utilization and Achievement.Related occupations",Computer aided design CAD software— PTC Creo ParametricRelated occupations; Computer aided manufacturing CAM software— CNC Software MastercamRelated occupations; Office suite software— Microsoft Office softwareRelated occupations; Spreadsheet software— Microsoft ExcelRelated occupations; Word processing software— Microsoft WordRelated occupations,https://www.onetonline.org/link/summary/51-4061.00,2025-09-08
51-4111.00,Tool and Die Makers,Production,"Analyze specifications, lay out metal stock, set up and operate machine tools, and fit and assemble parts to make and repair dies, cutting tools, jigs, fixtures, gauges, and machinists' hand tools.",,,"Mechanical— Knowledge of machines and tools, including their designs, uses, repair, and maintenance.Related occupations; Mathematics— Knowledge of arithmetic, algebra, geometry, calculus, statistics, and their applications.Related occupations; Production and Processing— Knowledge of raw materials, production processes, quality control, costs, and other techniques for maximizing the effective manufacture and distribution of goods.Related occupations; Design— Knowledge of design techniques, tools, and principles involved in production of precision technical plans, blueprints, drawings, and models.Related occupations; English Language— Knowledge of the structure and content of the English language including the meaning and spelling of words, and rules of composition and grammar.Related occupations",,,Education,Experience Requirements,Training & Credentials,63180,,Bright Outlook,100%,,,"Realistic— Work involves designing, building, or repairing of equipment, materials, or structures, engaging in physical activity, or working outdoors. Realistic occupations are often associated with engineering, mechanics and electronics, construction, woodworking, transportation, machine operation, agriculture, animal services, physical or manual labor, athletics, or protective services.Related occupations; Conventional— Work involves following procedures and regulations to organize information or data, typically in a business setting. Conventional occupations are often associated with office work, accounting, mathematics/statistics, information technology, finance, or human resources.Related occupations","Support— Occupations that satisfy this work value offer supportive management that stands behind employees. Corresponding needs are Company Policies, Supervision: Human Relations and Supervision: Technical.Related occupations; Working Conditions— Occupations that satisfy this work value offer job security and good working conditions. Corresponding needs are Activity, Compensation, Independence, Security, Variety and Working Conditions.Related occupations; Independence— Occupations that satisfy this work value allow employees to work on their own and make decisions. Corresponding needs are Creativity, Responsibility and Autonomy.Related occupations",,https://www.onetonline.org/link/summary/51-4111.00,2025-09-08
51-9194.00,Etchers and Engravers,Production,"Engrave or etch metal, wood, rubber, or other materials. Includes such workers as etcher-circuit processors, pantograph engravers, and silk screen etchers.",,Computer aided design CAD and computer aided manufacturing CAM system— Computer aided design and computer aided manufacturing CAD/CAM engraving softwareRelated occupations; Computer aided manufacturing CAM software— Delcam ArtCAM Express; Gravograph GravoStyle; Western Engravers Supply Vision EXPERTRelated occupations; Graphics or photo imaging software— Adobe Illustrator; Corel CorelDraw Graphics SuiteRelated occupations; Operating system software— Microsoft WindowsRelated occupations,"Production and Processing— Knowledge of raw materials, production processes, quality control, costs, and other techniques for maximizing the effective manufacture and distribution of goods.Related occupations; Customer and Personal Service— Knowledge of principles and processes for providing customer and personal services. This includes customer needs assessment, meeting quality standards for services, and evaluation of customer satisfaction.Related occupations; Design— Knowledge of design techniques, tools, and principles involved in production of precision technical plans, blueprints, drawings, and models.Related occupations; Mechanical— Knowledge of machines and tools, including their designs, uses, repair, and maintenance.Related occupations",,,Education,Experience Requirements,Training & Credentials,40450,,Bright Outlook,96%,,,"Realistic— Work involves designing, building, or repairing of equipment, materials, or structures, engaging in physical activity, or working outdoors. Realistic occupations are often associated with engineering, mechanics and electronics, construction, woodworking, transportation, machine operation, agriculture, animal services, physical or manual labor, athletics, or protective services.Related occupations; Conventional— Work involves following procedures and regulations to organize information or data, typically in a business setting. Conventional occupations are often associated with office work, accounting, mathematics/statistics, information technology, finance, or human resources.Related occupations; Artistic— Work involves creating original visual artwork, performances, written works, food, or music for a variety of media, or applying artistic principles to the design of various objects and materials. Artistic occupations are often associated with visual arts, applied arts and design, performing arts, music, creative writing, media, or culinary art.Related occupations","Support— Occupations that satisfy this work value offer supportive management that stands behind employees. Corresponding needs are Company Policies, Supervision: Human Relations and Supervision: Technical.Related occupations; Independence— Occupations that satisfy this work value allow employees to work on their own and make decisions. Corresponding needs are Creativity, Responsibility and Autonomy.Related occupations; Relationships— Occupations that satisfy this work value allow employees to provide service to others and work with co-workers in a friendly non-competitive environment. Corresponding needs are Co-workers, Moral Values and Social Service.Related occupations",Computer aided design CAD and computer aided manufacturing CAM system— Computer aided design and computer aided manufacturing CAD/CAM engraving softwareRelated occupations; Computer aided manufacturing CAM software— Delcam ArtCAM Express; Gravograph GravoStyle; Western Engravers Supply Vision EXPERTRelated occupations; Graphics or photo imaging software— Adobe Illustrator; Corel CorelDraw Graphics SuiteRelated occupations; Operating system software— Microsoft WindowsRelated occupations,https://www.onetonline.org/link/summary/51-9194.00,2025-09-08
11-3031.01,Treasurers and Controllers,Management,"Direct financial activities, such as planning, procurement, and investments for all or part of an organization.",,,"Economics and Accounting— Knowledge of economic and accounting principles and practices, the financial markets, banking, and the analysis and reporting of financial data.Related occupations; English Language— Knowledge of the structure and content of the English language including the meaning and spelling of words, and rules of composition and grammar.Related occupations; Administration and Management— Knowledge of business and management principles involved in strategic planning, resource allocation, human resources modeling, leadership technique, production methods, and coordination of people and resources.Related occupations; Mathematics— Knowledge of arithmetic, algebra, geometry, calculus, statistics, and their applications.Related occupations; Personnel and Human Resources— Knowledge of principles and procedures for personnel recruitment, selection, training, compensation and benefits, labor relations and negotiation, and personnel information systems.Related occupations",,,Education,Experience Requirements,Training & Credentials,161700,,Bright Outlook,100%,,,"Enterprising— Work involves managing, negotiating, marketing, or selling, typically in a business setting, or leading or advising people in political and legal situations. Enterprising occupations are often associated with business initiatives, sales, marketing/advertising, finance, management/administration, professional advising, public speaking, politics, or law.Related occupations; Conventional— Work involves following procedures and regulations to organize information or data, typically in a business setting. Conventional occupations are often associated with office work, accounting, mathematics/statistics, information technology, finance, or human resources.Related occupations","Working Conditions— Occupations that satisfy this work value offer job security and good working conditions. Corresponding needs are Activity, Compensation, Independence, Security, Variety and Working Conditions.Related occupations; Achievement— Occupations that satisfy this work value are results oriented and allow employees to use their strongest abilities, giving them a feeling of accomplishment. Corresponding needs are Ability Utilization and Achievement.Related occupations; Independence— Occupations that satisfy this work value allow employees to work on their own and make decisions. Corresponding needs are Creativity, Responsibility and Autonomy.Related occupations",,https://www.onetonline.org/link/summary/11-3031.01,2025-09-08
11-3111.00,Compensation and Benefits Managers,Management,"Plan, direct, or coordinate compensation and benefits activities of an organization.",,,,,,Education,Experience Requirements,Training & Credentials,140360,,Bright Outlook,100%,,,"Enterprising— Work involves managing, negotiating, marketing, or selling, typically in a business setting, or leading or advising people in political and legal situations. Enterprising occupations are often associated with business initiatives, sales, marketing/advertising, finance, management/administration, professional advising, public speaking, politics, or law.Related occupations; Conventional— Work involves following procedures and regulations to organize information or data, typically in a business setting. Conventional occupations are often associated with office work, accounting, mathematics/statistics, information technology, finance, or human resources.Related occupations; Social— Work involves helping, teaching, advising, assisting, or providing service to others. Social occupations are often associated with social, health care, personal service, teaching/education, or religious activities.Related occupations","Relationships— Occupations that satisfy this work value allow employees to provide service to others and work with co-workers in a friendly non-competitive environment. Corresponding needs are Co-workers, Moral Values and Social Service.Related occupations; Support— Occupations that satisfy this work value offer supportive management that stands behind employees. Corresponding needs are Company Policies, Supervision: Human Relations and Supervision: Technical.Related occupations; Independence— Occupations that satisfy this work value allow employees to work on their own and make decisions. Corresponding needs are Creativity, Responsibility and Autonomy.Related occupations",,https://www.onetonline.org/link/summary/11-3111.00,2025-09-08
13-1141.00,"Compensation, Benefits, and Job Analysis Specialists",Business and Financial Operations,"Conduct programs of compensation and benefits and job analysis for employer. May specialize in specific areas, such as position classification and pension programs.",,,,,,Education,Experience Requirements,Training & Credentials,77020,,Bright Outlook,95%,,,"Conventional— Work involves following procedures and regulations to organize information or data, typically in a business setting. Conventional occupations are often associated with office work, accounting, mathematics/statistics, information technology, finance, or human resources.Related occupations; Enterprising— Work involves managing, negotiating, marketing, or selling, typically in a business setting, or leading or advising people in political and legal situations. Enterprising occupations are often associated with business initiatives, sales, marketing/advertising, finance, management/administration, professional advising, public speaking, politics, or law.Related occupations; Investigative— Work involves studying and researching non-living objects, living organisms, disease or other forms of impairment, or human behavior. Investigative occupations are often associated with physical, life, medical, or social sciences, and can be found in the fields of humanities, mathematics/statistics, information technology, or health care service.Related occupations","Relationships— Occupations that satisfy this work value allow employees to provide service to others and work with co-workers in a friendly non-competitive environment. Corresponding needs are Co-workers, Moral Values and Social Service.Related occupations; Support— Occupations that satisfy this work value offer supportive management that stands behind employees. Corresponding needs are Company Policies, Supervision: Human Relations and Supervision: Technical.Related occupations; Achievement— Occupations that satisfy this work value are results oriented and allow employees to use their strongest abilities, giving them a feeling of accomplishment. Corresponding needs are Ability Utilization and Achievement.Related occupations",,https://www.onetonline.org/link/summary/13-1141.00,2025-09-08
17-3011.00,Architectural and Civil Drafters,Architecture and Engineering,"Prepare detailed drawings of architectural and structural features of buildings or drawings and topographical relief maps used in civil engineering projects, such as highways, bridges, and public works. Use knowledge of building materials, engineering practices, and mathematics to complete drawings.",,,,,,Education,Experience Requirements,Training & Credentials,64280,,Bright Outlook,1%,,,"Realistic— Work involves designing, building, or repairing of equipment, materials, or structures, engaging in physical activity, or working outdoors. Realistic occupations are often associated with engineering, mechanics and electronics, construction, woodworking, transportation, machine operation, agriculture, animal services, physical or manual labor, athletics, or protective services.Related occupations; Conventional— Work involves following procedures and regulations to organize information or data, typically in a business setting. Conventional occupations are often associated with office work, accounting, mathematics/statistics, information technology, finance, or human resources.Related occupations; Artistic— Work involves creating original visual artwork, performances, written works, food, or music for a variety of media, or applying artistic principles to the design of various objects and materials. Artistic occupations are often associated with visual arts, applied arts and design, performing arts, music, creative writing, media, or culinary art.Related occupations; Investigative— Work involves studying and researching non-living objects, living organisms, disease or other forms of impairment, or human behavior. Investigative occupations are often associated with physical, life, medical, or social sciences, and can be found in the fields of humanities, mathematics/statistics, information technology, or health care service.Related occupations","Support— Occupations that satisfy this work value offer supportive management that stands behind employees. Corresponding needs are Company Policies, Supervision: Human Relations and Supervision: Technical.Related occupations; Working Conditions— Occupations that satisfy this work value offer job security and good working conditions. Corresponding needs are Activity, Compensation, Independence, Security, Variety and Working Conditions.Related occupations; Achievement— Occupations that satisfy this work value are results oriented and allow employees to use their strongest abilities, giving them a feeling of accomplishment. Corresponding needs are Ability Utilization and Achievement.Related occupations",,https://www.onetonline.org/link/summary/17-3011.00,2025-09-08
19-1029.02,Molecular and Cellular Biologists,"Life, Physical, and Social Science",Research and study cellular molecules and organelles to understand cell function and organization.,,,,,,Education,Experience Requirements,Training & Credentials,93330,,Bright Outlook,92%,,,"Investigative— Work involves studying and researching non-living objects, living organisms, disease or other forms of impairment, or human behavior. Investigative occupations are often associated with physical, life, medical, or social sciences, and can be found in the fields of humanities, mathematics/statistics, information technology, or health care service.Related occupations; Realistic— Work involves designing, building, or repairing of equipment, materials, or structures, engaging in physical activity, or working outdoors. Realistic occupations are often associated with engineering, mechanics and electronics, construction, woodworking, transportation, machine operation, agriculture, animal services, physical or manual labor, athletics, or protective services.Related occupations; Conventional— Work involves following procedures and regulations to organize information or data, typically in a business setting. Conventional occupations are often associated with office work, accounting, mathematics/statistics, information technology, finance, or human resources.Related occupations","Independence— Occupations that satisfy this work value allow employees to work on their own and make decisions. Corresponding needs are Creativity, Responsibility and Autonomy.Related occupations; Working Conditions— Occupations that satisfy this work value offer job security and good working conditions. Corresponding needs are Activity, Compensation, Independence, Security, Variety and Working Conditions.Related occupations; Achievement— Occupations that satisfy this work value are results oriented and allow employees to use their strongest abilities, giving them a feeling of accomplishment. Corresponding needs are Ability Utilization and Achievement.Related occupations",,https://www.onetonline.org/link/summary/19-1029.02,2025-09-08
19-1041.00,Epidemiologists,"Life, Physical, and Social Science","Investigate and describe the determinants and distribution of disease, disability, or health outcomes. May develop the means for prevention and control.",,,,,,Education,Experience Requirements,Training & Credentials,83980,,Bright Outlook,95%,,,"Investigative— Work involves studying and researching non-living objects, living organisms, disease or other forms of impairment, or human behavior. Investigative occupations are often associated with physical, life, medical, or social sciences, and can be found in the fields of humanities, mathematics/statistics, information technology, or health care service.Related occupations; Social— Work involves helping, teaching, advising, assisting, or providing service to others. Social occupations are often associated with social, health care, personal service, teaching/education, or religious activities.Related occupations","Achievement— Occupations that satisfy this work value are results oriented and allow employees to use their strongest abilities, giving them a feeling of accomplishment. Corresponding needs are Ability Utilization and Achievement.Related occupations; Recognition— Occupations that satisfy this work value offer advancement, potential for leadership, and are often considered prestigious. Corresponding needs are Advancement, Authority, Recognition and Social Status.Related occupations; Independence— Occupations that satisfy this work value allow employees to work on their own and make decisions. Corresponding needs are Creativity, Responsibility and Autonomy.Related occupations",,https://www.onetonline.org/link/summary/19-1041.00,2025-09-08
19-3094.00,Political Scientists,"Life, Physical, and Social Science","Study the origin, development, and operation of political systems. May study topics, such as public opinion, political decisionmaking, and ideology. May analyze the structure and operation of governments, as well as various political entities. May conduct public opinion surveys, analyze election results, or analyze public documents.",,,,,,Education,Experience Requirements,Training & Credentials,139380,,Bright Outlook,100%,,,"Investigative— Work involves studying and researching non-living objects, living organisms, disease or other forms of impairment, or human behavior. Investigative occupations are often associated with physical, life, medical, or social sciences, and can be found in the fields of humanities, mathematics/statistics, information technology, or health care service.Related occupations; Artistic— Work involves creating original visual artwork, performances, written works, food, or music for a variety of media, or applying artistic principles to the design of various objects and materials. Artistic occupations are often associated with visual arts, applied arts and design, performing arts, music, creative writing, media, or culinary art.Related occupations","Achievement— Occupations that satisfy this work value are results oriented and allow employees to use their strongest abilities, giving them a feeling of accomplishment. Corresponding needs are Ability Utilization and Achievement.Related occupations; Working Conditions— Occupations that satisfy this work value offer job security and good working conditions. Corresponding needs are Activity, Compensation, Independence, Security, Variety and Working Conditions.Related occupations; Recognition— Occupations that satisfy this work value offer advancement, potential for leadership, and are often considered prestigious. Corresponding needs are Advancement, Authority, Recognition and Social Status.Related occupations",,https://www.onetonline.org/link/summary/19-3094.00,2025-09-08
25-1011.00,"Business Teachers, Postsecondary",Educational Instruction and Library,"Teach courses in business administration and management, such as accounting, finance, human resources, labor and industrial relations, marketing, and operations research. Includes both teachers primarily engaged in teaching and those who do a combination of teaching and research.",,,,,,Education,Experience Requirements,Training & Credentials,97270,,Bright Outlook,100%,,,"Social— Work involves helping, teaching, advising, assisting, or providing service to others. Social occupations are often associated with social, health care, personal service, teaching/education, or religious activities.Related occupations; Investigative— Work involves studying and researching non-living objects, living organisms, disease or other forms of impairment, or human behavior. Investigative occupations are often associated with physical, life, medical, or social sciences, and can be found in the fields of humanities, mathematics/statistics, information technology, or health care service.Related occupations","Achievement— Occupations that satisfy this work value are results oriented and allow employees to use their strongest abilities, giving them a feeling of accomplishment. Corresponding needs are Ability Utilization and Achievement.Related occupations; Independence— Occupations that satisfy this work value allow employees to work on their own and make decisions. Corresponding needs are Creativity, Responsibility and Autonomy.Related occupations; Recognition— Occupations that satisfy this work value offer advancement, potential for leadership, and are often considered prestigious. Corresponding needs are Advancement, Authority, Recognition and Social Status.Related occupations",,https://www.onetonline.org/link/summary/25-1011.00,2025-09-08
25-2021.00,"Elementary School Teachers, Except Special Education",Educational Instruction and Library,Teach academic and social skills to students at the elementary school level.,,,,,,"25-2021.00 - Elementary School Teachers, Except Special Education",Experience Requirements,Training & Credentials,62340,,Bright Outlook,100%,,,"Social— Work involves helping, teaching, advising, assisting, or providing service to others. Social occupations are often associated with social, health care, personal service, teaching/education, or religious activities.Related occupations; Artistic— Work involves creating original visual artwork, performances, written works, food, or music for a variety of media, or applying artistic principles to the design of various objects and materials. Artistic occupations are often associated with visual arts, applied arts and design, performing arts, music, creative writing, media, or culinary art.Related occupations","Relationships— Occupations that satisfy this work value allow employees to provide service to others and work with co-workers in a friendly non-competitive environment. Corresponding needs are Co-workers, Moral Values and Social Service.Related occupations; Achievement— Occupations that satisfy this work value are results oriented and allow employees to use their strongest abilities, giving them a feeling of accomplishment. Corresponding needs are Ability Utilization and Achievement.Related occupations; Independence— Occupations that satisfy this work value allow employees to work on their own and make decisions. Corresponding needs are Creativity, Responsibility and Autonomy.Related occupations",,https://www.onetonline.org/link/summary/25-2021.00,2025-09-08
27-3023.00,"News Analysts, Reporters, and Journalists","Arts, Design, Entertainment, Sports, and Media","Narrate or write news stories, reviews, or commentary for print, broadcast, or other communications media such as newspapers, magazines, radio, or television. May collect and analyze information through interview, investigation, or observation.",,,,,,Education,Experience Requirements,Training & Credentials,60280,,Bright Outlook,1%,,,"Artistic— Work involves creating original visual artwork, performances, written works, food, or music for a variety of media, or applying artistic principles to the design of various objects and materials. Artistic occupations are often associated with visual arts, applied arts and design, performing arts, music, creative writing, media, or culinary art.Related occupations; Investigative— Work involves studying and researching non-living objects, living organisms, disease or other forms of impairment, or human behavior. Investigative occupations are often associated with physical, life, medical, or social sciences, and can be found in the fields of humanities, mathematics/statistics, information technology, or health care service.Related occupations; Enterprising— Work involves managing, negotiating, marketing, or selling, typically in a business setting, or leading or advising people in political and legal situations. Enterprising occupations are often associated with business initiatives, sales, marketing/advertising, finance, management/administration, professional advising, public speaking, politics, or law.Related occupations","Achievement— Occupations that satisfy this work value are results oriented and allow employees to use their strongest abilities, giving them a feeling of accomplishment. Corresponding needs are Ability Utilization and Achievement.Related occupations; Recognition— Occupations that satisfy this work value offer advancement, potential for leadership, and are often considered prestigious. Corresponding needs are Advancement, Authority, Recognition and Social Status.Related occupations; Independence— Occupations that satisfy this work value allow employees to work on their own and make decisions. Corresponding needs are Creativity, Responsibility and Autonomy.Related occupations",,https://www.onetonline.org/link/summary/27-3023.00,2025-09-08
27-3031.00,Public Relations Specialists,"Arts, Design, Entertainment, Sports, and Media","Promote or create an intended public image for individuals, groups, or organizations. May write or select material for release to various communications media. May specialize in using social media.",,,,,,Education,Experience Requirements,Training & Credentials,69780,,Bright Outlook,95%,,,"Enterprising— Work involves managing, negotiating, marketing, or selling, typically in a business setting, or leading or advising people in political and legal situations. Enterprising occupations are often associated with business initiatives, sales, marketing/advertising, finance, management/administration, professional advising, public speaking, politics, or law.Related occupations; Artistic— Work involves creating original visual artwork, performances, written works, food, or music for a variety of media, or applying artistic principles to the design of various objects and materials. Artistic occupations are often associated with visual arts, applied arts and design, performing arts, music, creative writing, media, or culinary art.Related occupations; Social— Work involves helping, teaching, advising, assisting, or providing service to others. Social occupations are often associated with social, health care, personal service, teaching/education, or religious activities.Related occupations","Independence— Occupations that satisfy this work value allow employees to work on their own and make decisions. Corresponding needs are Creativity, Responsibility and Autonomy.Related occupations; Achievement— Occupations that satisfy this work value are results oriented and allow employees to use their strongest abilities, giving them a feeling of accomplishment. Corresponding needs are Ability Utilization and Achievement.Related occupations; Working Conditions— Occupations that satisfy this work value offer job security and good working conditions. Corresponding needs are Activity, Compensation, Independence, Security, Variety and Working Conditions.Related occupations",,https://www.onetonline.org/link/summary/27-3031.00,2025-09-08
29-1129.02,Music Therapists,Healthcare Practitioners and Technical,"Plan, organize, direct, or assess clinical and evidenced-based music therapy interventions to positively influence individuals' physical, psychological, cognitive, or behavioral status.",,Electronic mail software— Email softwareRelated occupations; Internet browser software— Web browser softwareRelated occupations; Medical software— Electronic health record EHR softwareRelated occupations; Music or sound editing software— Avid Technology Pro Tools; Musical instrument digital interface MIDI software; Virtual instrument softwareRelated occupations; Office suite software— Microsoft Office softwareRelated occupations,,,,Education,Experience Requirements,Training & Credentials,65010,,Bright Outlook,88%,,,"Social— Work involves helping, teaching, advising, assisting, or providing service to others. Social occupations are often associated with social, health care, personal service, teaching/education, or religious activities.Related occupations; Artistic— Work involves creating original visual artwork, performances, written works, food, or music for a variety of media, or applying artistic principles to the design of various objects and materials. Artistic occupations are often associated with visual arts, applied arts and design, performing arts, music, creative writing, media, or culinary art.Related occupations; Investigative— Work involves studying and researching non-living objects, living organisms, disease or other forms of impairment, or human behavior. Investigative occupations are often associated with physical, life, medical, or social sciences, and can be found in the fields of humanities, mathematics/statistics, information technology, or health care service.Related occupations","Relationships— Occupations that satisfy this work value allow employees to provide service to others and work with co-workers in a friendly non-competitive environment. Corresponding needs are Co-workers, Moral Values and Social Service.Related occupations; Achievement— Occupations that satisfy this work value are results oriented and allow employees to use their strongest abilities, giving them a feeling of accomplishment. Corresponding needs are Ability Utilization and Achievement.Related occupations; Independence— Occupations that satisfy this work value allow employees to work on their own and make decisions. Corresponding needs are Creativity, Responsibility and Autonomy.Related occupations",Electronic mail software— Email softwareRelated occupations; Internet browser software— Web browser softwareRelated occupations; Medical software— Electronic health record EHR softwareRelated occupations; Music or sound editing software— Avid Technology Pro Tools; Musical instrument digital interface MIDI software; Virtual instrument softwareRelated occupations; Office suite software— Microsoft Office softwareRelated occupations,https://www.onetonline.org/link/summary/29-1129.02,2025-09-08
29-1141.02,Advanced Practice Psychiatric Nurses,Healthcare Practitioners and Technical,"Assess, diagnose, and treat individuals and families with mental health or substance use disorders or the potential for such disorders. Apply therapeutic activities, including the prescription of medication, per state regulations, and the administration of psychotherapy.",,,,,,Education,Experience Requirements,Training & Credentials,93600,,Bright Outlook,100%,,,"Investigative— Work involves studying and researching non-living objects, living organisms, disease or other forms of impairment, or human behavior. Investigative occupations are often associated with physical, life, medical, or social sciences, and can be found in the fields of humanities, mathematics/statistics, information technology, or health care service.Related occupations; Social— Work involves helping, teaching, advising, assisting, or providing service to others. Social occupations are often associated with social, health care, personal service, teaching/education, or religious activities.Related occupations","Relationships— Occupations that satisfy this work value allow employees to provide service to others and work with co-workers in a friendly non-competitive environment. Corresponding needs are Co-workers, Moral Values and Social Service.Related occupations; Working Conditions— Occupations that satisfy this work value offer job security and good working conditions. Corresponding needs are Activity, Compensation, Independence, Security, Variety and Working Conditions.Related occupations; Support— Occupations that satisfy this work value offer supportive management that stands behind employees. Corresponding needs are Company Policies, Supervision: Human Relations and Supervision: Technical.Related occupations",,https://www.onetonline.org/link/summary/29-1141.02,2025-09-08
31-2011.00,Occupational Therapy Assistants,Healthcare Support,"Assist occupational therapists in providing occupational therapy treatments and procedures. May, in accordance with state laws, assist in development of treatment plans, carry out routine functions, direct activity programs, and document the progress of treatments. Generally requires formal training.",,,,,,Education,Experience Requirements,"Assist occupational therapists in providing occupational therapy treatments and procedures. May, in accordance with state laws, assist in development of treatment plans, carry out routine functions, direct activity programs, and document the progress of treatments. Generally requires formal training.",68340,,Bright Outlook,97%,,,"Social— Work involves helping, teaching, advising, assisting, or providing service to others. Social occupations are often associated with social, health care, personal service, teaching/education, or religious activities.Related occupations; Conventional— Work involves following procedures and regulations to organize information or data, typically in a business setting. Conventional occupations are often associated with office work, accounting, mathematics/statistics, information technology, finance, or human resources.Related occupations; Realistic— Work involves designing, building, or repairing of equipment, materials, or structures, engaging in physical activity, or working outdoors. Realistic occupations are often associated with engineering, mechanics and electronics, construction, woodworking, transportation, machine operation, agriculture, animal services, physical or manual labor, athletics, or protective services.Related occupations","Relationships— Occupations that satisfy this work value allow employees to provide service to others and work with co-workers in a friendly non-competitive environment. Corresponding needs are Co-workers, Moral Values and Social Service.Related occupations; Achievement— Occupations that satisfy this work value are results oriented and allow employees to use their strongest abilities, giving them a feeling of accomplishment. Corresponding needs are Ability Utilization and Achievement.Related occupations; Working Conditions— Occupations that satisfy this work value offer job security and good working conditions. Corresponding needs are Activity, Compensation, Independence, Security, Variety and Working Conditions.Related occupations",,https://www.onetonline.org/link/summary/31-2011.00,2025-09-08
43-6011.00,Executive Secretaries and Executive Administrative Assistants,Office and Administrative Support,"Provide high-level administrative support by conducting research, preparing statistical reports, and handling information requests, as well as performing routine administrative functions such as preparing correspondence, receiving visitors, arranging conference calls, and scheduling meetings. May also train and supervise lower-level clerical staff.",,,"Administrative— Knowledge of administrative and office procedures and systems such as word processing, managing files and records, stenography and transcription, designing forms, and workplace terminology.Related occupations; English Language— Knowledge of the structure and content of the English language including the meaning and spelling of words, and rules of composition and grammar.Related occupations; Customer and Personal Service— Knowledge of principles and processes for providing customer and personal services. This includes customer needs assessment, meeting quality standards for services, and evaluation of customer satisfaction.Related occupations; Computers and Electronics— Knowledge of circuit boards, processors, chips, electronic equipment, and computer hardware and software, including applications and programming.Related occupations; Administration and Management— Knowledge of business and management principles involved in strategic planning, resource allocation, human resources modeling, leadership technique, production methods, and coordination of people and resources.Related occupations",,,Education,Experience Requirements,Training & Credentials,74260,,Bright Outlook,99%,,,"Conventional— Work involves following procedures and regulations to organize information or data, typically in a business setting. Conventional occupations are often associated with office work, accounting, mathematics/statistics, information technology, finance, or human resources.Related occupations; Enterprising— Work involves managing, negotiating, marketing, or selling, typically in a business setting, or leading or advising people in political and legal situations. Enterprising occupations are often associated with business initiatives, sales, marketing/advertising, finance, management/administration, professional advising, public speaking, politics, or law.Related occupations; Social— Work involves helping, teaching, advising, assisting, or providing service to others. Social occupations are often associated with social, health care, personal service, teaching/education, or religious activities.Related occupations","Relationships— Occupations that satisfy this work value allow employees to provide service to others and work with co-workers in a friendly non-competitive environment. Corresponding needs are Co-workers, Moral Values and Social Service.Related occupations; Support— Occupations that satisfy this work value offer supportive management that stands behind employees. Corresponding needs are Company Policies, Supervision: Human Relations and Supervision: Technical.Related occupations; Working Conditions— Occupations that satisfy this work value offer job security and good working conditions. Corresponding needs are Activity, Compensation, Independence, Security, Variety and Working Conditions.Related occupations",,https://www.onetonline.org/link/summary/43-6011.00,2025-09-08
43-6014.00,"Secretaries and Administrative Assistants, Except Legal, Medical, and Executive",Office and Administrative Support,"Perform routine administrative functions such as drafting correspondence, scheduling appointments, organizing and maintaining paper and electronic files, or providing information to callers.",,,"Administrative— Knowledge of administrative and office procedures and systems such as word processing, managing files and records, stenography and transcription, designing forms, and workplace terminology.Related occupations; English Language— Knowledge of the structure and content of the English language including the meaning and spelling of words, and rules of composition and grammar.Related occupations; Computers and Electronics— Knowledge of circuit boards, processors, chips, electronic equipment, and computer hardware and software, including applications and programming.Related occupations; Customer and Personal Service— Knowledge of principles and processes for providing customer and personal services. This includes customer needs assessment, meeting quality standards for services, and evaluation of customer satisfaction.Related occupations; Administration and Management— Knowledge of business and management principles involved in strategic planning, resource allocation, human resources modeling, leadership technique, production methods, and coordination of people and resources.Related occupations",,,Education,Experience Requirements,Training & Credentials,46290,,Bright Outlook,93%,,,"Conventional— Work involves following procedures and regulations to organize information or data, typically in a business setting. Conventional occupations are often associated with office work, accounting, mathematics/statistics, information technology, finance, or human resources.Related occupations; Enterprising— Work involves managing, negotiating, marketing, or selling, typically in a business setting, or leading or advising people in political and legal situations. Enterprising occupations are often associated with business initiatives, sales, marketing/advertising, finance, management/administration, professional advising, public speaking, politics, or law.Related occupations; Social— Work involves helping, teaching, advising, assisting, or providing service to others. Social occupations are often associated with social, health care, personal service, teaching/education, or religious activities.Related occupations","Support— Occupations that satisfy this work value offer supportive management that stands behind employees. Corresponding needs are Company Policies, Supervision: Human Relations and Supervision: Technical.Related occupations; Relationships— Occupations that satisfy this work value allow employees to provide service to others and work with co-workers in a friendly non-competitive environment. Corresponding needs are Co-workers, Moral Values and Social Service.Related occupations; Working Conditions— Occupations that satisfy this work value offer job security and good working conditions. Corresponding needs are Activity, Compensation, Independence, Security, Variety and Working Conditions.Related occupations",,https://www.onetonline.org/link/summary/43-6014.00,2025-09-08
47-4011.01,Energy Auditors,Construction and Extraction,"Conduct energy audits of buildings, building systems, or process systems. May also conduct investment grade audits of buildings or systems.",,,,,,Education,Experience Requirements,Training & Credentials,72120,,Bright Outlook,83%,,,"Conventional— Work involves following procedures and regulations to organize information or data, typically in a business setting. Conventional occupations are often associated with office work, accounting, mathematics/statistics, information technology, finance, or human resources.Related occupations; Realistic— Work involves designing, building, or repairing of equipment, materials, or structures, engaging in physical activity, or working outdoors. Realistic occupations are often associated with engineering, mechanics and electronics, construction, woodworking, transportation, machine operation, agriculture, animal services, physical or manual labor, athletics, or protective services.Related occupations; Investigative— Work involves studying and researching non-living objects, living organisms, disease or other forms of impairment, or human behavior. Investigative occupations are often associated with physical, life, medical, or social sciences, and can be found in the fields of humanities, mathematics/statistics, information technology, or health care service.Related occupations","Independence— Occupations that satisfy this work value allow employees to work on their own and make decisions. Corresponding needs are Creativity, Responsibility and Autonomy.Related occupations; Support— Occupations that satisfy this work value offer supportive management that stands behind employees. Corresponding needs are Company Policies, Supervision: Human Relations and Supervision: Technical.Related occupations; Achievement— Occupations that satisfy this work value are results oriented and allow employees to use their strongest abilities, giving them a feeling of accomplishment. Corresponding needs are Ability Utilization and Achievement.Related occupations",,https://www.onetonline.org/link/summary/47-4011.01,2025-09-08
49-2022.00,"Telecommunications Equipment Installers and Repairers, Except Line Installers","Installation, Maintenance, and Repair","Install, set up, rearrange, or remove switching, distribution, routing, and dialing equipment used in central offices or headends. Service or repair telephone, cable television, Internet, and other communications equipment on customers' property. May install communications equipment or communications wiring in buildings.",,,,,,Education,Experience Requirements,Training & Credentials,62630,,Bright Outlook,79%,,,"Realistic— Work involves designing, building, or repairing of equipment, materials, or structures, engaging in physical activity, or working outdoors. Realistic occupations are often associated with engineering, mechanics and electronics, construction, woodworking, transportation, machine operation, agriculture, animal services, physical or manual labor, athletics, or protective services.Related occupations; Conventional— Work involves following procedures and regulations to organize information or data, typically in a business setting. Conventional occupations are often associated with office work, accounting, mathematics/statistics, information technology, finance, or human resources.Related occupations","Support— Occupations that satisfy this work value offer supportive management that stands behind employees. Corresponding needs are Company Policies, Supervision: Human Relations and Supervision: Technical.Related occupations; Independence— Occupations that satisfy this work value allow employees to work on their own and make decisions. Corresponding needs are Creativity, Responsibility and Autonomy.Related occupations; Working Conditions— Occupations that satisfy this work value offer job security and good working conditions. Corresponding needs are Activity, Compensation, Independence, Security, Variety and Working Conditions.Related occupations",,https://www.onetonline.org/link/summary/49-2022.00,2025-09-08
11-3121.00,Human Resources Managers,Management,"Plan, direct, or coordinate human resources activities and staff of an organization.",,,,,,Education,Experience Requirements,Training & Credentials,140030,,Bright Outlook,100%,,,"Enterprising— Work involves managing, negotiating, marketing, or selling, typically in a business setting, or leading or advising people in political and legal situations. Enterprising occupations are often associated with business initiatives, sales, marketing/advertising, finance, management/administration, professional advising, public speaking, politics, or law.Related occupations; Conventional— Work involves following procedures and regulations to organize information or data, typically in a business setting. Conventional occupations are often associated with office work, accounting, mathematics/statistics, information technology, finance, or human resources.Related occupations; Social— Work involves helping, teaching, advising, assisting, or providing service to others. Social occupations are often associated with social, health care, personal service, teaching/education, or religious activities.Related occupations","Relationships— Occupations that satisfy this work value allow employees to provide service to others and work with co-workers in a friendly non-competitive environment. Corresponding needs are Co-workers, Moral Values and Social Service.Related occupations; Recognition— Occupations that satisfy this work value offer advancement, potential for leadership, and are often considered prestigious. Corresponding needs are Advancement, Authority, Recognition and Social Status.Related occupations; Working Conditions— Occupations that satisfy this work value offer job security and good working conditions. Corresponding needs are Activity, Compensation, Independence, Security, Variety and Working Conditions.Related occupations",,https://www.onetonline.org/link/summary/11-3121.00,2025-09-08
13-2051.00,Financial and Investment Analysts,Business and Financial Operations,"Conduct quantitative analyses of information involving investment programs or financial data of public or private institutions, including valuation of businesses.",,,,,,Education,Experience Requirements,Training & Credentials,101350,,Bright Outlook,9%,,,"Conventional— Work involves following procedures and regulations to organize information or data, typically in a business setting. Conventional occupations are often associated with office work, accounting, mathematics/statistics, information technology, finance, or human resources.Related occupations; Enterprising— Work involves managing, negotiating, marketing, or selling, typically in a business setting, or leading or advising people in political and legal situations. Enterprising occupations are often associated with business initiatives, sales, marketing/advertising, finance, management/administration, professional advising, public speaking, politics, or law.Related occupations; Investigative— Work involves studying and researching non-living objects, living organisms, disease or other forms of impairment, or human behavior. Investigative occupations are often associated with physical, life, medical, or social sciences, and can be found in the fields of humanities, mathematics/statistics, information technology, or health care service.Related occupations",,,https://www.onetonline.org/link/summary/13-2051.00,2025-09-08
17-1012.00,Landscape Architects,Architecture and Engineering,"Plan and design land areas for projects such as parks and other recreational facilities, airports, highways, hospitals, schools, land subdivisions, and commercial, industrial, and residential sites.",,,,,,Education,Experience Requirements,Training & Credentials,79660,,Bright Outlook,100%,,,"Realistic— Work involves designing, building, or repairing of equipment, materials, or structures, engaging in physical activity, or working outdoors. Realistic occupations are often associated with engineering, mechanics and electronics, construction, woodworking, transportation, machine operation, agriculture, animal services, physical or manual labor, athletics, or protective services.Related occupations; Investigative— Work involves studying and researching non-living objects, living organisms, disease or other forms of impairment, or human behavior. Investigative occupations are often associated with physical, life, medical, or social sciences, and can be found in the fields of humanities, mathematics/statistics, information technology, or health care service.Related occupations; Artistic— Work involves creating original visual artwork, performances, written works, food, or music for a variety of media, or applying artistic principles to the design of various objects and materials. Artistic occupations are often associated with visual arts, applied arts and design, performing arts, music, creative writing, media, or culinary art.Related occupations","Independence— Occupations that satisfy this work value allow employees to work on their own and make decisions. Corresponding needs are Creativity, Responsibility and Autonomy.Related occupations; Working Conditions— Occupations that satisfy this work value offer job security and good working conditions. Corresponding needs are Activity, Compensation, Independence, Security, Variety and Working Conditions.Related occupations; Achievement— Occupations that satisfy this work value are results oriented and allow employees to use their strongest abilities, giving them a feeling of accomplishment. Corresponding needs are Ability Utilization and Achievement.Related occupations",,https://www.onetonline.org/link/summary/17-1012.00,2025-09-08
17-3031.00,Surveying and Mapping Technicians,Architecture and Engineering,"Perform surveying and mapping duties, usually under the direction of an engineer, surveyor, cartographer, or photogrammetrist, to obtain data used for construction, mapmaking, boundary location, mining, or other purposes. May calculate mapmaking information and create maps from source data, such as surveying notes, aerial photography, satellite data, or other maps to show topographical features, political boundaries, and other features. May verify accuracy and completeness of maps.",,,,,,Education,Experience Requirements,Training & Credentials,51940,,Bright Outlook,6%,,,"Realistic— Work involves designing, building, or repairing of equipment, materials, or structures, engaging in physical activity, or working outdoors. Realistic occupations are often associated with engineering, mechanics and electronics, construction, woodworking, transportation, machine operation, agriculture, animal services, physical or manual labor, athletics, or protective services.Related occupations; Conventional— Work involves following procedures and regulations to organize information or data, typically in a business setting. Conventional occupations are often associated with office work, accounting, mathematics/statistics, information technology, finance, or human resources.Related occupations; Investigative— Work involves studying and researching non-living objects, living organisms, disease or other forms of impairment, or human behavior. Investigative occupations are often associated with physical, life, medical, or social sciences, and can be found in the fields of humanities, mathematics/statistics, information technology, or health care service.Related occupations","Support— Occupations that satisfy this work value offer supportive management that stands behind employees. Corresponding needs are Company Policies, Supervision: Human Relations and Supervision: Technical.Related occupations; Independence— Occupations that satisfy this work value allow employees to work on their own and make decisions. Corresponding needs are Creativity, Responsibility and Autonomy.Related occupations; Relationships— Occupations that satisfy this work value allow employees to provide service to others and work with co-workers in a friendly non-competitive environment. Corresponding needs are Co-workers, Moral Values and Social Service.Related occupations",,https://www.onetonline.org/link/summary/17-3031.00,2025-09-08
25-1082.00,"Library Science Teachers, Postsecondary",Educational Instruction and Library,Teach courses in library science. Includes both teachers primarily engaged in teaching and those who do a combination of teaching and research.,,,,,,Education,Experience Requirements,Training & Credentials,78630,,Bright Outlook,100%,,,"Social— Work involves helping, teaching, advising, assisting, or providing service to others. Social occupations are often associated with social, health care, personal service, teaching/education, or religious activities.Related occupations; Investigative— Work involves studying and researching non-living objects, living organisms, disease or other forms of impairment, or human behavior. Investigative occupations are often associated with physical, life, medical, or social sciences, and can be found in the fields of humanities, mathematics/statistics, information technology, or health care service.Related occupations","Achievement— Occupations that satisfy this work value are results oriented and allow employees to use their strongest abilities, giving them a feeling of accomplishment. Corresponding needs are Ability Utilization and Achievement.Related occupations; Independence— Occupations that satisfy this work value allow employees to work on their own and make decisions. Corresponding needs are Creativity, Responsibility and Autonomy.Related occupations; Working Conditions— Occupations that satisfy this work value offer job security and good working conditions. Corresponding needs are Activity, Compensation, Independence, Security, Variety and Working Conditions.Related occupations",,https://www.onetonline.org/link/summary/25-1082.00,2025-09-08
25-2022.00,"Middle School Teachers, Except Special and Career/Technical Education",Educational Instruction and Library,"Teach one or more subjects to students at the middle, intermediate, or junior high school level.",,,,,,"25-2022.00 - Middle School Teachers, Except Special and Career/Technical Education",Experience Requirements,Training & Credentials,62970,,Bright Outlook,93%,,,"Social— Work involves helping, teaching, advising, assisting, or providing service to others. Social occupations are often associated with social, health care, personal service, teaching/education, or religious activities.Related occupations; Artistic— Work involves creating original visual artwork, performances, written works, food, or music for a variety of media, or applying artistic principles to the design of various objects and materials. Artistic occupations are often associated with visual arts, applied arts and design, performing arts, music, creative writing, media, or culinary art.Related occupations","Relationships— Occupations that satisfy this work value allow employees to provide service to others and work with co-workers in a friendly non-competitive environment. Corresponding needs are Co-workers, Moral Values and Social Service.Related occupations; Independence— Occupations that satisfy this work value allow employees to work on their own and make decisions. Corresponding needs are Creativity, Responsibility and Autonomy.Related occupations; Achievement— Occupations that satisfy this work value are results oriented and allow employees to use their strongest abilities, giving them a feeling of accomplishment. Corresponding needs are Ability Utilization and Achievement.Related occupations",,https://www.onetonline.org/link/summary/25-2022.00,2025-09-08
27-3091.00,Interpreters and Translators,"Arts, Design, Entertainment, Sports, and Media","Interpret oral or sign language, or translate written text from one language into another.",,,,,,Education,Experience Requirements,Training & Credentials,59440,,Bright Outlook,92%,,,"Conventional— Work involves following procedures and regulations to organize information or data, typically in a business setting. Conventional occupations are often associated with office work, accounting, mathematics/statistics, information technology, finance, or human resources.Related occupations; Artistic— Work involves creating original visual artwork, performances, written works, food, or music for a variety of media, or applying artistic principles to the design of various objects and materials. Artistic occupations are often associated with visual arts, applied arts and design, performing arts, music, creative writing, media, or culinary art.Related occupations; Social— Work involves helping, teaching, advising, assisting, or providing service to others. Social occupations are often associated with social, health care, personal service, teaching/education, or religious activities.Related occupations","Relationships— Occupations that satisfy this work value allow employees to provide service to others and work with co-workers in a friendly non-competitive environment. Corresponding needs are Co-workers, Moral Values and Social Service.Related occupations; Working Conditions— Occupations that satisfy this work value offer job security and good working conditions. Corresponding needs are Activity, Compensation, Independence, Security, Variety and Working Conditions.Related occupations; Recognition— Occupations that satisfy this work value offer advancement, potential for leadership, and are often considered prestigious. Corresponding needs are Advancement, Authority, Recognition and Social Status.Related occupations",,https://www.onetonline.org/link/summary/27-3091.00,2025-09-08
29-1031.00,Dietitians and Nutritionists,Healthcare Practitioners and Technical,"Plan and conduct food service or nutritional programs to assist in the promotion of health and control of disease. May supervise activities of a department providing quantity food services, counsel individuals, or conduct nutritional research.",,,,,,Education,Experience Requirements,Training & Credentials,73850,,Bright Outlook,93%,,,"Social— Work involves helping, teaching, advising, assisting, or providing service to others. Social occupations are often associated with social, health care, personal service, teaching/education, or religious activities.Related occupations; Investigative— Work involves studying and researching non-living objects, living organisms, disease or other forms of impairment, or human behavior. Investigative occupations are often associated with physical, life, medical, or social sciences, and can be found in the fields of humanities, mathematics/statistics, information technology, or health care service.Related occupations","Relationships— Occupations that satisfy this work value allow employees to provide service to others and work with co-workers in a friendly non-competitive environment. Corresponding needs are Co-workers, Moral Values and Social Service.Related occupations; Independence— Occupations that satisfy this work value allow employees to work on their own and make decisions. Corresponding needs are Creativity, Responsibility and Autonomy.Related occupations; Achievement— Occupations that satisfy this work value are results oriented and allow employees to use their strongest abilities, giving them a feeling of accomplishment. Corresponding needs are Ability Utilization and Achievement.Related occupations",,https://www.onetonline.org/link/summary/29-1031.00,2025-09-08
29-1141.00,Registered Nurses,Healthcare Practitioners and Technical,"Assess patient health problems and needs, develop and implement nursing care plans, and maintain medical records. Administer nursing care to ill, injured, convalescent, or disabled patients. May advise patients on health maintenance and disease prevention or provide case management. Licensing or registration required.",,,,,,Education,Experience Requirements,Training & Credentials,93600,,Bright Outlook,96%,,,"Social— Work involves helping, teaching, advising, assisting, or providing service to others. Social occupations are often associated with social, health care, personal service, teaching/education, or religious activities.Related occupations; Investigative— Work involves studying and researching non-living objects, living organisms, disease or other forms of impairment, or human behavior. Investigative occupations are often associated with physical, life, medical, or social sciences, and can be found in the fields of humanities, mathematics/statistics, information technology, or health care service.Related occupations; Conventional— Work involves following procedures and regulations to organize information or data, typically in a business setting. Conventional occupations are often associated with office work, accounting, mathematics/statistics, information technology, finance, or human resources.Related occupations","Relationships— Occupations that satisfy this work value allow employees to provide service to others and work with co-workers in a friendly non-competitive environment. Corresponding needs are Co-workers, Moral Values and Social Service.Related occupations; Support— Occupations that satisfy this work value offer supportive management that stands behind employees. Corresponding needs are Company Policies, Supervision: Human Relations and Supervision: Technical.Related occupations; Achievement— Occupations that satisfy this work value are results oriented and allow employees to use their strongest abilities, giving them a feeling of accomplishment. Corresponding needs are Ability Utilization and Achievement.Related occupations",,https://www.onetonline.org/link/summary/29-1141.00,2025-09-08
29-2072.00,Medical Records Specialists,Healthcare Practitioners and Technical,"Compile, process, and maintain medical records of hospital and clinic patients in a manner consistent with medical, administrative, ethical, legal, and regulatory requirements of the healthcare system. Classify medical and healthcare concepts, including diagnosis, procedures, medical services, and equipment, into the healthcare industry's numerical coding system. Includes medical coders.",,,,,,Education,Experience Requirements,Training & Credentials,50250,,Bright Outlook,9%,,,"Conventional— Work involves following procedures and regulations to organize information or data, typically in a business setting. Conventional occupations are often associated with office work, accounting, mathematics/statistics, information technology, finance, or human resources.Related occupations; Investigative— Work involves studying and researching non-living objects, living organisms, disease or other forms of impairment, or human behavior. Investigative occupations are often associated with physical, life, medical, or social sciences, and can be found in the fields of humanities, mathematics/statistics, information technology, or health care service.Related occupations",,,https://www.onetonline.org/link/summary/29-2072.00,2025-09-08
33-3021.02,Police Identification and Records Officers,Protective Service,"Collect evidence at crime scene, classify and identify fingerprints, and photograph evidence for use in criminal and civil cases.",,,,,,Education,Experience Requirements,Training & Credentials,93580,,Bright Outlook,87%,,,"Conventional— Work involves following procedures and regulations to organize information or data, typically in a business setting. Conventional occupations are often associated with office work, accounting, mathematics/statistics, information technology, finance, or human resources.Related occupations; Realistic— Work involves designing, building, or repairing of equipment, materials, or structures, engaging in physical activity, or working outdoors. Realistic occupations are often associated with engineering, mechanics and electronics, construction, woodworking, transportation, machine operation, agriculture, animal services, physical or manual labor, athletics, or protective services.Related occupations; Investigative— Work involves studying and researching non-living objects, living organisms, disease or other forms of impairment, or human behavior. Investigative occupations are often associated with physical, life, medical, or social sciences, and can be found in the fields of humanities, mathematics/statistics, information technology, or health care service.Related occupations","Support— Occupations that satisfy this work value offer supportive management that stands behind employees. Corresponding needs are Company Policies, Supervision: Human Relations and Supervision: Technical.Related occupations; Relationships— Occupations that satisfy this work value allow employees to provide service to others and work with co-workers in a friendly non-competitive environment. Corresponding needs are Co-workers, Moral Values and Social Service.Related occupations; Achievement— Occupations that satisfy this work value are results oriented and allow employees to use their strongest abilities, giving them a feeling of accomplishment. Corresponding needs are Ability Utilization and Achievement.Related occupations",,https://www.onetonline.org/link/summary/33-3021.02,2025-09-08
43-6013.00,Medical Secretaries and Administrative Assistants,Office and Administrative Support,"Perform secretarial duties using specific knowledge of medical terminology and hospital, clinic, or laboratory procedures. Duties may include scheduling appointments, billing patients, and compiling and recording medical charts, reports, and correspondence.",,,,,,Education,Experience Requirements,Training & Credentials,44640,,Bright Outlook,90%,,,"Conventional— Work involves following procedures and regulations to organize information or data, typically in a business setting. Conventional occupations are often associated with office work, accounting, mathematics/statistics, information technology, finance, or human resources.Related occupations; Social— Work involves helping, teaching, advising, assisting, or providing service to others. Social occupations are often associated with social, health care, personal service, teaching/education, or religious activities.Related occupations","Relationships— Occupations that satisfy this work value allow employees to provide service to others and work with co-workers in a friendly non-competitive environment. Corresponding needs are Co-workers, Moral Values and Social Service.Related occupations; Support— Occupations that satisfy this work value offer supportive management that stands behind employees. Corresponding needs are Company Policies, Supervision: Human Relations and Supervision: Technical.Related occupations; Working Conditions— Occupations that satisfy this work value offer job security and good working conditions. Corresponding needs are Activity, Compensation, Independence, Security, Variety and Working Conditions.Related occupations",,https://www.onetonline.org/link/summary/43-6013.00,2025-09-08
43-9061.00,"Office Clerks, General",Office and Administrative Support,"Perform duties too varied and diverse to be classified in any specific office clerical occupation, requiring knowledge of office systems and procedures. Clerical duties may be assigned in accordance with the office procedures of individual establishments and may include a combination of answering telephones, bookkeeping, typing or word processing, office machine operation, and filing.",,,"Administrative— Knowledge of administrative and office procedures and systems such as word processing, managing files and records, stenography and transcription, designing forms, and workplace terminology.Related occupations; English Language— Knowledge of the structure and content of the English language including the meaning and spelling of words, and rules of composition and grammar.Related occupations; Customer and Personal Service— Knowledge of principles and processes for providing customer and personal services. This includes customer needs assessment, meeting quality standards for services, and evaluation of customer satisfaction.Related occupations; Administration and Management— Knowledge of business and management principles involved in strategic planning, resource allocation, human resources modeling, leadership technique, production methods, and coordination of people and resources.Related occupations",,,Education,Experience Requirements,Training & Credentials,43630,,Bright Outlook,93%,,,"Conventional— Work involves following procedures and regulations to organize information or data, typically in a business setting. Conventional occupations are often associated with office work, accounting, mathematics/statistics, information technology, finance, or human resources.Related occupations","Relationships— Occupations that satisfy this work value allow employees to provide service to others and work with co-workers in a friendly non-competitive environment. Corresponding needs are Co-workers, Moral Values and Social Service.Related occupations; Support— Occupations that satisfy this work value offer supportive management that stands behind employees. Corresponding needs are Company Policies, Supervision: Human Relations and Supervision: Technical.Related occupations; Independence— Occupations that satisfy this work value allow employees to work on their own and make decisions. Corresponding needs are Creativity, Responsibility and Autonomy.Related occupations",,https://www.onetonline.org/link/summary/43-9061.00,2025-09-08
43-9081.00,Proofreaders and Copy Markers,Office and Administrative Support,"Read transcript or proof type setup to detect and mark for correction any grammatical, typographical, or compositional errors. Excludes workers whose primary duty is editing copy. Includes proofreaders of braille.",,"Reading Comprehension— Understanding written sentences and paragraphs in work-related documents.Related occupations; Writing— Communicating effectively in writing as appropriate for the needs of the audience.Related occupations; Speaking— Talking to others to convey information effectively.Related occupations; Active Listening— Giving full attention to what other people are saying, taking time to understand the points being made, asking questions as appropriate, and not interrupting at inappropriate times.Related occupations; Critical Thinking— Using logic and reasoning to identify the strengths and weaknesses of alternative solutions, conclusions, or approaches to problems.Related occupations","English Language— Knowledge of the structure and content of the English language including the meaning and spelling of words, and rules of composition and grammar.Related occupations; Communications and Media— Knowledge of media production, communication, and dissemination techniques and methods. This includes alternative ways to inform and entertain via written, oral, and visual media.Related occupations; Computers and Electronics— Knowledge of circuit boards, processors, chips, electronic equipment, and computer hardware and software, including applications and programming.Related occupations",,,Education,Experience Requirements,Training & Credentials,49210,,Bright Outlook,94%,,,"Conventional— Work involves following procedures and regulations to organize information or data, typically in a business setting. Conventional occupations are often associated with office work, accounting, mathematics/statistics, information technology, finance, or human resources.Related occupations; Artistic— Work involves creating original visual artwork, performances, written works, food, or music for a variety of media, or applying artistic principles to the design of various objects and materials. Artistic occupations are often associated with visual arts, applied arts and design, performing arts, music, creative writing, media, or culinary art.Related occupations","Relationships— Occupations that satisfy this work value allow employees to provide service to others and work with co-workers in a friendly non-competitive environment. Corresponding needs are Co-workers, Moral Values and Social Service.Related occupations; Achievement— Occupations that satisfy this work value are results oriented and allow employees to use their strongest abilities, giving them a feeling of accomplishment. Corresponding needs are Ability Utilization and Achievement.Related occupations; Support— Occupations that satisfy this work value offer supportive management that stands behind employees. Corresponding needs are Company Policies, Supervision: Human Relations and Supervision: Technical.Related occupations",,https://www.onetonline.org/link/summary/43-9081.00,2025-09-08
